LDBLOCK	LDCHR	LDSTART	LDEND	SNP	SNPPOS
582	22	16050408	18296088	rs4010554	16894264
582	22	16050408	18296088	rs4010558	16896762
582	22	16050408	18296088	rs4535153	17031072
582	22	16050408	18296088	rs9605903	17054720
582	22	16050408	18296088	rs5747940	17056415
582	22	16050408	18296088	rs5746647	17057138
582	22	16050408	18296088	rs16980739	17058616
582	22	16050408	18296088	rs9605927	17067005
582	22	16050408	18296088	rs5747968	17067504
582	22	16050408	18296088	rs2236639	17072483
582	22	16050408	18296088	rs5747988	17073066
582	22	16050408	18296088	rs5746664	17074622
582	22	16050408	18296088	rs5747999	17075353
582	22	16050408	18296088	rs2070501	17084609
582	22	16050408	18296088	rs11089263	17087656
582	22	16050408	18296088	rs2096537	17094749
582	22	16050408	18296088	rs16984366	17096864
582	22	16050408	18296088	rs2154615	17100497
582	22	16050408	18296088	rs8137637	17103717
582	22	16050408	18296088	rs4410381	17107266
582	22	16050408	18296088	rs9604967	17112342
582	22	16050408	18296088	rs5993671	17116398
582	22	16050408	18296088	rs5993792	17129738
582	22	16050408	18296088	rs5992472	17132490
582	22	16050408	18296088	rs4819849	17152611
582	22	16050408	18296088	rs9605028	17154984
582	22	16050408	18296088	rs1892844	17155383
582	22	16050408	18296088	rs17432784	17196300
582	22	16050408	18296088	rs2845379	17202602
582	22	16050408	18296088	rs2845380	17203103
582	22	16050408	18296088	rs2247281	17211075
582	22	16050408	18296088	rs2845346	17214252
582	22	16050408	18296088	rs2845347	17214669
582	22	16050408	18296088	rs1807512	17221495
582	22	16050408	18296088	rs5748593	17227461
582	22	16050408	18296088	rs17433377	17228796
582	22	16050408	18296088	rs4390844	17231603
582	22	16050408	18296088	rs2381107	17239552
582	22	16050408	18296088	rs4819535	17278762
582	22	16050408	18296088	rs5748648	17280822
582	22	16050408	18296088	rs738045	17281931
582	22	16050408	18296088	rs7284996	17284065
582	22	16050408	18296088	rs5748651	17284540
582	22	16050408	18296088	rs2385714	17285949
582	22	16050408	18296088	rs2080203	17286329
582	22	16050408	18296088	rs5748657	17288220
582	22	16050408	18296088	rs2072467	17288988
582	22	16050408	18296088	rs2072466	17289118
582	22	16050408	18296088	rs7291429	17294251
582	22	16050408	18296088	rs9605155	17299901
582	22	16050408	18296088	rs5748664	17300320
582	22	16050408	18296088	rs874835	17301217
582	22	16050408	18296088	rs874836	17301843
582	22	16050408	18296088	rs5994031	17303383
582	22	16050408	18296088	rs2215842	17303469
582	22	16050408	18296088	rs2192431	17303596
582	22	16050408	18296088	rs175138	17304132
582	22	16050408	18296088	rs175139	17304246
582	22	16050408	18296088	rs983305	17304887
582	22	16050408	18296088	rs9606478	17305777
582	22	16050408	18296088	rs175140	17306104
582	22	16050408	18296088	rs1860944	17306270
582	22	16050408	18296088	rs7287430	17307742
582	22	16050408	18296088	rs175145	17308241
582	22	16050408	18296088	rs175146	17309296
582	22	16050408	18296088	rs175147	17309362
582	22	16050408	18296088	rs16981741	17309881
582	22	16050408	18296088	rs175148	17310488
582	22	16050408	18296088	rs175149	17310741
582	22	16050408	18296088	rs9606481	17312596
582	22	16050408	18296088	rs17363716	17315102
582	22	16050408	18296088	rs165652	17315458
582	22	16050408	18296088	rs165757	17315503
582	22	16050408	18296088	rs17435801	17316313
582	22	16050408	18296088	rs175152	17317233
582	22	16050408	18296088	rs165645	17317346
582	22	16050408	18296088	rs165611	17318150
582	22	16050408	18296088	rs5746906	17318333
582	22	16050408	18296088	rs165670	17318682
582	22	16050408	18296088	rs165778	17319156
582	22	16050408	18296088	rs165810	17326181
582	22	16050408	18296088	rs2075120	17326432
582	22	16050408	18296088	rs175154	17326668
582	22	16050408	18296088	rs165808	17327595
582	22	16050408	18296088	rs165890	17328627
582	22	16050408	18296088	rs2041608	17329601
582	22	16050408	18296088	rs12169910	17331656
582	22	16050408	18296088	rs165886	17339003
582	22	16050408	18296088	rs165698	17339068
582	22	16050408	18296088	rs165608	17339404
582	22	16050408	18296088	rs165790	17340906
582	22	16050408	18296088	rs165667	17342480
582	22	16050408	18296088	rs7291500	17347348
582	22	16050408	18296088	rs738043	17353947
582	22	16050408	18296088	rs5748728	17387757
582	22	16050408	18296088	rs17444804	17393876
582	22	16050408	18296088	rs1860945	17394989
582	22	16050408	18296088	rs737936	17395610
582	22	16050408	18296088	rs16981833	17396459
582	22	16050408	18296088	rs7288841	17396612
582	22	16050408	18296088	rs9606534	17397875
582	22	16050408	18296088	rs7292561	17398508
582	22	16050408	18296088	rs7293026	17398800
582	22	16050408	18296088	rs13058496	17398812
582	22	16050408	18296088	rs8136206	17399211
582	22	16050408	18296088	rs887755	17404605
582	22	16050408	18296088	rs759081	17405173
582	22	16050408	18296088	rs5992587	17407349
582	22	16050408	18296088	rs11703901	17407566
582	22	16050408	18296088	rs2003568	17407755
582	22	16050408	18296088	rs12485066	17409897
582	22	16050408	18296088	rs5748744	17410373
582	22	16050408	18296088	rs5992589	17410790
582	22	16050408	18296088	rs9306242	17411899
582	22	16050408	18296088	rs9605179	17412216
582	22	16050408	18296088	rs5748747	17413595
582	22	16050408	18296088	rs5994097	17414103
582	22	16050408	18296088	rs9618937	17414640
582	22	16050408	18296088	rs17806382	17415490
582	22	16050408	18296088	rs5748748	17415572
582	22	16050408	18296088	rs5748752	17421989
582	22	16050408	18296088	rs5994102	17423930
582	22	16050408	18296088	rs5748755	17426401
582	22	16050408	18296088	rs2385785	17427037
582	22	16050408	18296088	rs5748756	17427664
582	22	16050408	18296088	rs5994104	17428080
582	22	16050408	18296088	rs933461	17428815
582	22	16050408	18296088	rs1981707	17429384
582	22	16050408	18296088	rs4819923	17433210
582	22	16050408	18296088	rs5748760	17434084
582	22	16050408	18296088	rs5748762	17434521
582	22	16050408	18296088	rs2385786	17436846
582	22	16050408	18296088	rs5994110	17441524
582	22	16050408	18296088	rs17733785	17442154
582	22	16050408	18296088	rs8137298	17442206
582	22	16050408	18296088	rs11914017	17442223
582	22	16050408	18296088	rs11089387	17442739
582	22	16050408	18296088	rs5992598	17442987
582	22	16050408	18296088	rs7287116	17443131
582	22	16050408	18296088	rs1024732	17443381
582	22	16050408	18296088	rs5748765	17445502
582	22	16050408	18296088	rs5748766	17446914
582	22	16050408	18296088	rs4819925	17446991
582	22	16050408	18296088	rs2041607	17450515
582	22	16050408	18296088	rs5992600	17451710
582	22	16050408	18296088	rs759076	17452925
582	22	16050408	18296088	rs757630	17452966
582	22	16050408	18296088	rs4819932	17462185
582	22	16050408	18296088	rs9618953	17463189
582	22	16050408	18296088	rs4819934	17467411
582	22	16050408	18296088	rs4819935	17467474
582	22	16050408	18296088	rs4819936	17467684
582	22	16050408	18296088	rs5992604	17469026
582	22	16050408	18296088	rs9618954	17470779
582	22	16050408	18296088	rs17806634	17475406
582	22	16050408	18296088	rs2399152	17475921
582	22	16050408	18296088	rs4819938	17486333
582	22	16050408	18296088	rs5748798	17488195
582	22	16050408	18296088	rs5746961	17489546
582	22	16050408	18296088	rs11913227	17489890
582	22	16050408	18296088	rs5994128	17490932
582	22	16050408	18296088	rs5994129	17492203
582	22	16050408	18296088	rs917838	17492452
582	22	16050408	18296088	rs2192155	17492533
582	22	16050408	18296088	rs738031	17493182
582	22	16050408	18296088	rs2399153	17493293
582	22	16050408	18296088	rs4141523	17493708
582	22	16050408	18296088	rs4819940	17493792
582	22	16050408	18296088	rs17806741	17494101
582	22	16050408	18296088	rs5994130	17494547
582	22	16050408	18296088	rs17204993	17500036
582	22	16050408	18296088	rs2399168	17504945
582	22	16050408	18296088	rs2908526	17513703
582	22	16050408	18296088	rs5748829	17519579
582	22	16050408	18296088	rs928831	17524203
582	22	16050408	18296088	rs2845394	17525584
582	22	16050408	18296088	rs2845393	17525970
582	22	16050408	18296088	rs881623	17529583
582	22	16050408	18296088	rs947822	17529814
582	22	16050408	18296088	rs2845388	17530370
582	22	16050408	18296088	rs2845384	17532449
582	22	16050408	18296088	rs7285901	17536181
582	22	16050408	18296088	rs2845408	17536555
582	22	16050408	18296088	rs16981964	17538189
582	22	16050408	18296088	rs10483090	17539678
582	22	16050408	18296088	rs12159416	17541673
582	22	16050408	18296088	rs9606592	17544834
582	22	16050408	18296088	rs5748845	17545859
582	22	16050408	18296088	rs5994155	17549526
582	22	16050408	18296088	rs5748850	17554354
582	22	16050408	18296088	rs2041629	17557144
582	22	16050408	18296088	rs4819956	17561913
582	22	16050408	18296088	rs4819553	17564907
582	22	16050408	18296088	rs4819958	17565013
582	22	16050408	18296088	rs4819554	17565035
582	22	16050408	18296088	rs2241042	17567699
582	22	16050408	18296088	rs2241043	17567807
582	22	16050408	18296088	rs5748863	17571355
582	22	16050408	18296088	rs6518660	17575800
582	22	16050408	18296088	rs13053889	17580394
582	22	16050408	18296088	rs9606615	17580813
582	22	16050408	18296088	rs2241044	17581838
582	22	16050408	18296088	rs2302519	17585441
582	22	16050408	18296088	rs2241046	17586471
582	22	16050408	18296088	rs2241049	17587680
582	22	16050408	18296088	rs6518661	17587975
582	22	16050408	18296088	rs879577	17589209
582	22	16050408	18296088	rs879576	17589246
582	22	16050408	18296088	rs879575	17589567
582	22	16050408	18296088	rs1468488	17590744
582	22	16050408	18296088	rs2895332	17591089
582	22	16050408	18296088	rs887796	17593685
582	22	16050408	18296088	rs738034	17594915
582	22	16050408	18296088	rs3827278	17595915
582	22	16050408	18296088	rs4819962	17596178
582	22	16050408	18296088	rs1047929	17596229
582	22	16050408	18296088	rs11160	17597297
582	22	16050408	18296088	rs971768	17597462
582	22	16050408	18296088	rs7289082	17597768
582	22	16050408	18296088	rs12170331	17598409
582	22	16050408	18296088	rs974396	17599170
582	22	16050408	18296088	rs738033	17599844
582	22	16050408	18296088	rs2277830	17599860
582	22	16050408	18296088	rs3827295	17600497
582	22	16050408	18296088	rs5994165	17600977
582	22	16050408	18296088	rs5992629	17602839
582	22	16050408	18296088	rs5748871	17603477
582	22	16050408	18296088	rs5746996	17603801
582	22	16050408	18296088	rs4819964	17605824
582	22	16050408	18296088	rs5748875	17605899
582	22	16050408	18296088	rs4819965	17609825
582	22	16050408	18296088	rs9605222	17609916
582	22	16050408	18296088	rs5748883	17611515
582	22	16050408	18296088	rs5747004	17614011
582	22	16050408	18296088	rs5994170	17615213
582	22	16050408	18296088	rs4819558	17616217
582	22	16050408	18296088	rs4819559	17616510
582	22	16050408	18296088	rs5994175	17618142
582	22	16050408	18296088	rs740422	17619292
582	22	16050408	18296088	rs741139	17619716
582	22	16050408	18296088	rs5747007	17620130
582	22	16050408	18296088	rs7287119	17621704
582	22	16050408	18296088	rs5747008	17623408
582	22	16050408	18296088	rs2302521	17624072
582	22	16050408	18296088	rs3788268	17626665
582	22	16050408	18296088	rs1034859	17630486
582	22	16050408	18296088	rs3788269	17633669
582	22	16050408	18296088	rs5994180	17634050
582	22	16050408	18296088	rs5748917	17641079
582	22	16050408	18296088	rs4423695	17643546
582	22	16050408	18296088	rs5994186	17643725
582	22	16050408	18296088	rs5994187	17643843
582	22	16050408	18296088	rs5748919	17644131
582	22	16050408	18296088	rs5748923	17647862
582	22	16050408	18296088	rs5748926	17649774
582	22	16050408	18296088	rs2401071	17655388
582	22	16050408	18296088	rs1125471	17656724
582	22	16050408	18296088	rs1076102	17658341
582	22	16050408	18296088	rs1135909	17660556
582	22	16050408	18296088	rs3171599	17660646
582	22	16050408	18296088	rs1139056	17661178
582	22	16050408	18296088	rs7285896	17661791
582	22	16050408	18296088	rs3764847	17663117
582	22	16050408	18296088	rs1079554	17665413
582	22	16050408	18296088	rs2231496	17669151
582	22	16050408	18296088	rs2231495	17669306
582	22	16050408	18296088	rs1544504	17670256
582	22	16050408	18296088	rs4819973	17674117
582	22	16050408	18296088	rs5992637	17675900
582	22	16050408	18296088	rs11912507	17676590
582	22	16050408	18296088	rs5747018	17677699
582	22	16050408	18296088	rs1076103	17679312
582	22	16050408	18296088	rs17807317	17680519
582	22	16050408	18296088	rs1076105	17682165
582	22	16050408	18296088	rs1076106	17682294
582	22	16050408	18296088	rs2231489	17684344
582	22	16050408	18296088	rs2240617	17688402
582	22	16050408	18296088	rs362129	17690409
582	22	16050408	18296088	rs5748952	17697781
582	22	16050408	18296088	rs5748954	17698080
582	22	16050408	18296088	rs5748955	17698173
582	22	16050408	18296088	rs8136533	17700284
582	22	16050408	18296088	rs9606655	17701234
582	22	16050408	18296088	rs737967	17702778
582	22	16050408	18296088	rs5748965	17705622
582	22	16050408	18296088	rs5748966	17705808
582	22	16050408	18296088	rs737963	17709771
582	22	16050408	18296088	rs5994213	17709828
582	22	16050408	18296088	rs737962	17709935
582	22	16050408	18296088	rs9606661	17710860
582	22	16050408	18296088	rs5747033	17714695
582	22	16050408	18296088	rs5748972	17715771
582	22	16050408	18296088	rs5747035	17718606
582	22	16050408	18296088	rs4266110	17721595
582	22	16050408	18296088	rs2058119	17722024
582	22	16050408	18296088	rs1006015	17722536
582	22	16050408	18296088	rs5748979	17722885
582	22	16050408	18296088	rs5747037	17724093
582	22	16050408	18296088	rs12483926	17727125
582	22	16050408	18296088	rs8141904	17729044
582	22	16050408	18296088	rs9605246	17731977
582	22	16050408	18296088	rs9606669	17733896
582	22	16050408	18296088	rs13056269	17735191
582	22	16050408	18296088	rs5994231	17744553
582	22	16050408	18296088	rs16982255	17746101
582	22	16050408	18296088	rs5749001	17746528
582	22	16050408	18296088	rs5749002	17749096
582	22	16050408	18296088	rs5749006	17760350
582	22	16050408	18296088	rs4819993	17761425
582	22	16050408	18296088	rs5749011	17766115
582	22	16050408	18296088	rs11089423	17769065
582	22	16050408	18296088	rs11704699	17770181
582	22	16050408	18296088	rs8140080	17781035
582	22	16050408	18296088	rs4819994	17781555
582	22	16050408	18296088	rs4541325	17782813
582	22	16050408	18296088	rs5747058	17783923
582	22	16050408	18296088	rs5749016	17783945
582	22	16050408	18296088	rs12160031	17784602
582	22	16050408	18296088	rs4239866	17788722
582	22	16050408	18296088	rs5749028	17789010
582	22	16050408	18296088	rs9605252	17790349
582	22	16050408	18296088	rs4819996	17790731
582	22	16050408	18296088	rs9606682	17791564
582	22	16050408	18296088	rs9617982	17792740
582	22	16050408	18296088	rs5994253	17793012
582	22	16050408	18296088	rs5994254	17793206
582	22	16050408	18296088	rs9605254	17795408
582	22	16050408	18296088	rs5994255	17796971
582	22	16050408	18296088	rs5994256	17798800
582	22	16050408	18296088	rs9605258	17799368
582	22	16050408	18296088	rs9605259	17799387
582	22	16050408	18296088	rs9306256	17799529
582	22	16050408	18296088	rs9619055	17800472
582	22	16050408	18296088	rs9306258	17800757
582	22	16050408	18296088	rs5994258	17803593
582	22	16050408	18296088	rs5994260	17803786
582	22	16050408	18296088	rs9617984	17805430
582	22	16050408	18296088	rs17808489	17810053
582	22	16050408	18296088	rs5992665	17810483
582	22	16050408	18296088	rs5994271	17814811
582	22	16050408	18296088	rs361626	17823261
582	22	16050408	18296088	rs4820001	17827684
582	22	16050408	18296088	rs2401081	17829955
582	22	16050408	18296088	rs2040692	17831813
582	22	16050408	18296088	rs7288834	17832142
582	22	16050408	18296088	rs9606695	17834898
582	22	16050408	18296088	rs5747072	17838809
582	22	16050408	18296088	rs4607032	17841068
582	22	16050408	18296088	rs737915	17842731
582	22	16050408	18296088	rs5747075	17844295
582	22	16050408	18296088	rs5749060	17846171
582	22	16050408	18296088	rs6518680	17846951
582	22	16050408	18296088	rs5992674	17851683
582	22	16050408	18296088	rs5992034	17852805
582	22	16050408	18296088	rs9618000	17853714
582	22	16050408	18296088	rs5747079	17856960
582	22	16050408	18296088	rs5746359	17860048
582	22	16050408	18296088	rs9604737	17860634
582	22	16050408	18296088	rs7285871	17862268
582	22	16050408	18296088	rs5747087	17866198
582	22	16050408	18296088	rs4819447	17866989
582	22	16050408	18296088	rs16982354	17867549
582	22	16050408	18296088	rs9604740	17873099
582	22	16050408	18296088	rs737916	17880070
582	22	16050408	18296088	rs2401116	17881797
582	22	16050408	18296088	rs5747103	17883220
582	22	16050408	18296088	rs4239844	17885697
582	22	16050408	18296088	rs17807973	17888609
582	22	16050408	18296088	rs1860309	17888812
582	22	16050408	18296088	rs5746366	17890558
582	22	16050408	18296088	rs7289964	17891078
582	22	16050408	18296088	rs5747112	17891554
582	22	16050408	18296088	rs5746368	17892618
582	22	16050408	18296088	rs2522311	17894083
582	22	16050408	18296088	rs5992044	17895051
582	22	16050408	18296088	rs16982402	17897608
582	22	16050408	18296088	rs5992046	17899136
582	22	16050408	18296088	rs17808076	17899175
582	22	16050408	18296088	rs1858757	17899209
582	22	16050408	18296088	rs5992047	17899518
582	22	16050408	18296088	rs5992689	17899841
582	22	16050408	18296088	rs2078734	17901683
582	22	16050408	18296088	rs1859120	17903330
582	22	16050408	18296088	rs2518746	17908162
582	22	16050408	18296088	rs9617578	17908285
582	22	16050408	18296088	rs2895937	17909524
582	22	16050408	18296088	rs2522314	17909998
582	22	16050408	18296088	rs1981533	17910586
582	22	16050408	18296088	rs2189077	17910844
582	22	16050408	18296088	rs5747132	17912086
582	22	16050408	18296088	rs5992705	17914004
582	22	16050408	18296088	rs9306194	17915430
582	22	16050408	18296088	rs5992707	17915744
582	22	16050408	18296088	rs5746379	17916414
582	22	16050408	18296088	rs5746382	17920802
582	22	16050408	18296088	rs5746385	17922735
582	22	16050408	18296088	rs5747145	17922770
582	22	16050408	18296088	rs5746387	17923962
582	22	16050408	18296088	rs5746398	17929926
582	22	16050408	18296088	rs5747164	17930263
582	22	16050408	18296088	rs5747167	17931483
582	22	16050408	18296088	rs1004973	17931566
582	22	16050408	18296088	rs2157720	17932686
582	22	16050408	18296088	rs5746406	17937630
582	22	16050408	18296088	rs2522284	17939816
582	22	16050408	18296088	rs5747176	17940494
582	22	16050408	18296088	rs17741005	17941511
582	22	16050408	18296088	rs2522285	17942684
582	22	16050408	18296088	rs2518751	17942872
582	22	16050408	18296088	rs12157361	17943200
582	22	16050408	18296088	rs5747183	17943430
582	22	16050408	18296088	rs16982512	17943899
582	22	16050408	18296088	rs2522288	17946168
582	22	16050408	18296088	rs5747187	17946202
582	22	16050408	18296088	rs4819591	17947371
582	22	16050408	18296088	rs5747190	17948473
582	22	16050408	18296088	rs1557622	17948917
582	22	16050408	18296088	rs17741035	17952520
582	22	16050408	18296088	rs5746415	17953763
582	22	16050408	18296088	rs5747195	17956368
582	22	16050408	18296088	rs2522297	17956887
582	22	16050408	18296088	rs5747200	17958441
582	22	16050408	18296088	rs13053651	17961525
582	22	16050408	18296088	rs882614	17965531
582	22	16050408	18296088	rs2518768	17965843
582	22	16050408	18296088	rs7288509	17968311
582	22	16050408	18296088	rs10483093	17971225
582	22	16050408	18296088	rs5746419	17971883
582	22	16050408	18296088	rs5747204	17973032
582	22	16050408	18296088	rs174289	17973664
582	22	16050408	18296088	rs17808446	17975834
582	22	16050408	18296088	rs1296748	17977024
582	22	16050408	18296088	rs17808463	17979626
582	22	16050408	18296088	rs4819594	17986811
582	22	16050408	18296088	rs9605311	17987962
582	22	16050408	18296088	rs1296757	17989378
582	22	16050408	18296088	rs4819596	17990606
582	22	16050408	18296088	rs5747211	17990852
582	22	16050408	18296088	rs174293	17992131
582	22	16050408	18296088	rs174294	17994585
582	22	16050408	18296088	rs174300	17996931
582	22	16050408	18296088	rs174301	17997454
582	22	16050408	18296088	rs78914	17997569
582	22	16050408	18296088	rs174302	17997619
582	22	16050408	18296088	rs174306	17999158
582	22	16050408	18296088	rs174313	18001375
582	22	16050408	18296088	rs13053400	18002160
582	22	16050408	18296088	rs9617592	18002892
582	22	16050408	18296088	rs174330	18009909
582	22	16050408	18296088	rs9605317	18010706
582	22	16050408	18296088	rs2401125	18010945
582	22	16050408	18296088	rs174332	18011380
582	22	16050408	18296088	rs1296787	18012012
582	22	16050408	18296088	rs1974713	18013723
582	22	16050408	18296088	rs2018494	18015567
582	22	16050408	18296088	rs174335	18016508
582	22	16050408	18296088	rs2300686	18018509
582	22	16050408	18296088	rs1296792	18018516
582	22	16050408	18296088	rs2300687	18018604
582	22	16050408	18296088	rs1296793	18018940
582	22	16050408	18296088	rs5992731	18019539
582	22	16050408	18296088	rs1003861	18020773
582	22	16050408	18296088	rs5992732	18020796
582	22	16050408	18296088	rs2268776	18021505
582	22	16050408	18296088	rs1296794	18021604
582	22	16050408	18296088	rs1296795	18021760
582	22	16050408	18296088	rs9605323	18027334
582	22	16050408	18296088	rs174342	18027656
582	22	16050408	18296088	rs1296800	18029546
582	22	16050408	18296088	rs17809189	18030667
582	22	16050408	18296088	rs2268780	18031530
582	22	16050408	18296088	rs113837	18031544
582	22	16050408	18296088	rs174345	18033199
582	22	16050408	18296088	rs174347	18036388
582	22	16050408	18296088	rs174348	18036431
582	22	16050408	18296088	rs174351	18038786
582	22	16050408	18296088	rs885971	18038910
582	22	16050408	18296088	rs1296805	18042376
582	22	16050408	18296088	rs174368	18047028
582	22	16050408	18296088	rs2284826	18047058
582	22	16050408	18296088	rs2284827	18047231
582	22	16050408	18296088	rs412830	18049681
582	22	16050408	18296088	rs423158	18053496
582	22	16050408	18296088	rs174371	18061337
582	22	16050408	18296088	rs1123031	18062891
582	22	16050408	18296088	rs1003494	18062987
582	22	16050408	18296088	rs5746439	18068785
582	22	16050408	18296088	rs5992749	18076523
582	22	16050408	18296088	rs1296819	18076546
582	22	16050408	18296088	rs1296820	18077720
582	22	16050408	18296088	rs1296826	18079518
582	22	16050408	18296088	rs5992751	18080154
582	22	16050408	18296088	rs2287228	18081136
582	22	16050408	18296088	rs2072555	18081156
582	22	16050408	18296088	rs5747252	18083260
582	22	16050408	18296088	rs714504	18083591
582	22	16050408	18296088	rs3747023	18084033
582	22	16050408	18296088	rs4239846	18088903
582	22	16050408	18296088	rs5747263	18091087
582	22	16050408	18296088	rs1034470	18093102
582	22	16050408	18296088	rs9605337	18093592
582	22	16050408	18296088	rs2300688	18094292
582	22	16050408	18296088	rs2300690	18094915
582	22	16050408	18296088	rs2300691	18095170
582	22	16050408	18296088	rs5747268	18095312
582	22	16050408	18296088	rs3747024	18095838
582	22	16050408	18296088	rs3747025	18095901
582	22	16050408	18296088	rs2401158	18096378
582	22	16050408	18296088	rs12159924	18100435
582	22	16050408	18296088	rs5992761	18102627
582	22	16050408	18296088	rs5747285	18104619
582	22	16050408	18296088	rs41472044	18104792
582	22	16050408	18296088	rs5746449	18114956
582	22	16050408	18296088	rs5747297	18115392
582	22	16050408	18296088	rs9604779	18119145
582	22	16050408	18296088	rs1080199	18120850
582	22	16050408	18296088	rs12628818	18121246
582	22	16050408	18296088	rs5747306	18128960
582	22	16050408	18296088	rs11704728	18130209
582	22	16050408	18296088	rs2401163	18131078
582	22	16050408	18296088	rs5992088	18135912
582	22	16050408	18296088	rs2535690	18153009
582	22	16050408	18296088	rs2535691	18154878
582	22	16050408	18296088	rs2587069	18158344
582	22	16050408	18296088	rs2535694	18159407
582	22	16050408	18296088	rs11704288	18161543
582	22	16050408	18296088	rs1978967	18161979
582	22	16050408	18296088	rs5992090	18163795
582	22	16050408	18296088	rs9605382	18164602
582	22	16050408	18296088	rs2535704	18174658
582	22	16050408	18296088	rs5992093	18175030
582	22	16050408	18296088	rs2257083	18178859
582	22	16050408	18296088	rs5992095	18179399
582	22	16050408	18296088	rs2535707	18181869
582	22	16050408	18296088	rs17207051	18181984
582	22	16050408	18296088	rs2587082	18184011
582	22	16050408	18296088	rs2535708	18184169
582	22	16050408	18296088	rs9617611	18187216
582	22	16050408	18296088	rs5992096	18189296
582	22	16050408	18296088	rs2587086	18189469
582	22	16050408	18296088	rs5992801	18193707
582	22	16050408	18296088	rs7290510	18199483
582	22	16050408	18296088	rs4488761	18209613
582	22	16050408	18296088	rs9306198	18209920
582	22	16050408	18296088	rs725768	18210409
582	22	16050408	18296088	rs725769	18210560
582	22	16050408	18296088	rs9967	18211205
582	22	16050408	18296088	rs713671	18212531
582	22	16050408	18296088	rs395379	18212923
582	22	16050408	18296088	rs8919	18213057
582	22	16050408	18296088	rs5747338	18214609
582	22	16050408	18296088	rs17809603	18216211
582	22	16050408	18296088	rs2305001	18218210
582	22	16050408	18296088	rs11538	18220831
582	22	16050408	18296088	rs5992809	18221985
582	22	16050408	18296088	rs181390	18222263
582	22	16050408	18296088	rs181391	18222557
582	22	16050408	18296088	rs8190330	18222567
582	22	16050408	18296088	rs8190329	18222623
582	22	16050408	18296088	rs181392	18222665
582	22	16050408	18296088	rs181396	18224155
582	22	16050408	18296088	rs181399	18225318
582	22	16050408	18296088	rs1468926	18226327
582	22	16050408	18296088	rs2270201	18226476
582	22	16050408	18296088	rs2072393	18226528
582	22	16050408	18296088	rs8190315	18226764
582	22	16050408	18296088	rs5747339	18229187
582	22	16050408	18296088	rs181402	18229774
582	22	16050408	18296088	rs2895951	18232368
582	22	16050408	18296088	rs181405	18233000
582	22	16050408	18296088	rs372655	18234535
582	22	16050408	18296088	rs9604787	18234589
582	22	16050408	18296088	rs181408	18235305
582	22	16050408	18296088	rs181417	18240974
582	22	16050408	18296088	rs5746474	18245932
582	22	16050408	18296088	rs5747351	18246375
582	22	16050408	18296088	rs5747353	18249023
582	22	16050408	18296088	rs738095	18255988
582	22	16050408	18296088	rs366542	18258382
582	22	16050408	18296088	rs9604789	18260342
582	22	16050408	18296088	rs454566	18261028
582	22	16050408	18296088	rs5992834	18261496
582	22	16050408	18296088	rs391085	18261587
582	22	16050408	18296088	rs5992103	18262767
582	22	16050408	18296088	rs408656	18263268
582	22	16050408	18296088	rs5992838	18264831
582	22	16050408	18296088	rs443627	18268794
582	22	16050408	18296088	rs7675	18270779
582	22	16050408	18296088	rs382013	18276101
582	22	16050408	18296088	rs5992105	18283247
582	22	16050408	18296088	rs2241252	18286342
582	22	16050408	18296088	rs369081	18286672
582	22	16050408	18296088	rs390041	18288362
582	22	16050408	18296088	rs389496	18289204
582	22	16050408	18296088	rs8140645	18289555
582	22	16050408	18296088	rs429940	18292466
582	22	16050408	18296088	rs388415	18294211
582	22	16050408	18296088	rs437633	18295130
582	22	16050408	18296088	rs399757	18295575
583	22	18296088	22357325	rs4269007	18298527
583	22	18296088	22357325	rs2277831	18299197
583	22	18296088	22357325	rs5992854	18300240
583	22	18296088	22357325	rs5992112	18304695
583	22	18296088	22357325	rs5992113	18304784
583	22	18296088	22357325	rs5992861	18307634
583	22	18296088	22357325	rs5992117	18308320
583	22	18296088	22357325	rs5992863	18308819
583	22	18296088	22357325	rs5992118	18308936
583	22	18296088	22357325	rs5992867	18309859
583	22	18296088	22357325	rs5992870	18310068
583	22	18296088	22357325	rs5992871	18310110
583	22	18296088	22357325	rs5992122	18312343
583	22	18296088	22357325	rs424931	18313512
583	22	18296088	22357325	rs367922	18314391
583	22	18296088	22357325	rs450960	18316304
583	22	18296088	22357325	rs450975	18316333
583	22	18296088	22357325	rs451840	18316526
583	22	18296088	22357325	rs451740	18316620
583	22	18296088	22357325	rs8139723	18317142
583	22	18296088	22357325	rs405490	18317621
583	22	18296088	22357325	rs439231	18319179
583	22	18296088	22357325	rs2542334	18320058
583	22	18296088	22357325	rs2587109	18323438
583	22	18296088	22357325	rs2542336	18323609
583	22	18296088	22357325	rs750558	18324301
583	22	18296088	22357325	rs9618142	18326162
583	22	18296088	22357325	rs2587113	18328503
583	22	18296088	22357325	rs2587114	18329146
583	22	18296088	22357325	rs2111546	18329411
583	22	18296088	22357325	rs2587115	18331118
583	22	18296088	22357325	rs2160760	18333902
583	22	18296088	22357325	rs5992124	18334573
583	22	18296088	22357325	rs9605417	18337632
583	22	18296088	22357325	rs1003361	18337880
583	22	18296088	22357325	rs2016042	18338356
583	22	18296088	22357325	rs873387	18339012
583	22	18296088	22357325	rs11917	18343011
583	22	18296088	22357325	rs1057721	18343843
583	22	18296088	22357325	rs5992879	18345864
583	22	18296088	22357325	rs4819639	18347127
583	22	18296088	22357325	rs1075596	18347224
583	22	18296088	22357325	rs4819640	18348439
583	22	18296088	22357325	rs5992126	18350514
583	22	18296088	22357325	rs5746486	18354272
583	22	18296088	22357325	rs5746487	18354328
583	22	18296088	22357325	rs5992128	18354783
583	22	18296088	22357325	rs9617633	18362573
583	22	18296088	22357325	rs9605422	18362940
583	22	18296088	22357325	rs2075444	18367640
583	22	18296088	22357325	rs1076113	18368147
583	22	18296088	22357325	rs2289718	18368548
583	22	18296088	22357325	rs4819644	18369916
583	22	18296088	22357325	rs3747031	18371637
583	22	18296088	22357325	rs3747032	18372020
583	22	18296088	22357325	rs2075455	18373885
583	22	18296088	22357325	rs2075454	18374014
583	22	18296088	22357325	rs2075453	18374150
583	22	18296088	22357325	rs8141766	18377199
583	22	18296088	22357325	rs2034113	18378002
583	22	18296088	22357325	rs4819647	18391061
583	22	18296088	22357325	rs4819648	18393564
583	22	18296088	22357325	rs5746492	18393933
583	22	18296088	22357325	rs5747405	18395877
583	22	18296088	22357325	rs4819649	18396329
583	22	18296088	22357325	rs5747408	18397120
583	22	18296088	22357325	rs9604802	18398018
583	22	18296088	22357325	rs9604803	18398207
583	22	18296088	22357325	rs5747411	18398976
583	22	18296088	22357325	rs5746497	18403629
583	22	18296088	22357325	rs1076110	18407468
583	22	18296088	22357325	rs1867355	18408705
583	22	18296088	22357325	rs4484121	18413975
583	22	18296088	22357325	rs9605439	18420055
583	22	18296088	22357325	rs5992907	18421899
583	22	18296088	22357325	rs400509	18426299
583	22	18296088	22357325	rs431071	18429694
583	22	18296088	22357325	rs1109052	18430193
583	22	18296088	22357325	rs5747428	18430658
583	22	18296088	22357325	rs396012	18432033
583	22	18296088	22357325	rs5746498	18435794
583	22	18296088	22357325	rs415651	18436944
583	22	18296088	22357325	rs384215	18438485
583	22	18296088	22357325	rs12166570	18438752
583	22	18296088	22357325	rs1077543	18439047
583	22	18296088	22357325	rs1076539	18439598
583	22	18296088	22357325	rs1076540	18439958
583	22	18296088	22357325	rs382983	18442522
583	22	18296088	22357325	rs5992916	18443681
583	22	18296088	22357325	rs5992917	18443699
583	22	18296088	22357325	rs1108372	18444180
583	22	18296088	22357325	rs7286607	18444657
583	22	18296088	22357325	rs1110659	18444675
583	22	18296088	22357325	rs1110660	18444693
583	22	18296088	22357325	rs1110661	18444734
583	22	18296088	22357325	rs1110662	18444908
583	22	18296088	22357325	rs1978968	18448113
583	22	18296088	22357325	rs379667	18448129
583	22	18296088	22357325	rs433576	18448960
583	22	18296088	22357325	rs12157484	18455122
583	22	18296088	22357325	rs453435	18455621
583	22	18296088	22357325	rs453557	18455830
583	22	18296088	22357325	rs8141896	18456723
583	22	18296088	22357325	rs370241	18456874
583	22	18296088	22357325	rs1110666	18457720
583	22	18296088	22357325	rs9604816	18457842
583	22	18296088	22357325	rs9605473	18463266
583	22	18296088	22357325	rs9605481	18465677
583	22	18296088	22357325	rs385105	18466802
583	22	18296088	22357325	rs424923	18467133
583	22	18296088	22357325	rs8139578	18468208
583	22	18296088	22357325	rs116167	18470030
583	22	18296088	22357325	rs381125	18470897
583	22	18296088	22357325	rs9306203	18471852
583	22	18296088	22357325	rs393719	18472430
583	22	18296088	22357325	rs403668	18474728
583	22	18296088	22357325	rs401099	18477024
583	22	18296088	22357325	rs410456	18479382
583	22	18296088	22357325	rs401910	18479447
583	22	18296088	22357325	rs5992953	18481122
583	22	18296088	22357325	rs10854521	18482600
583	22	18296088	22357325	rs424765	18486017
583	22	18296088	22357325	rs5992962	18486282
583	22	18296088	22357325	rs397709	18489048
583	22	18296088	22357325	rs450718	18493980
583	22	18296088	22357325	rs452579	18495470
583	22	18296088	22357325	rs366892	18495947
583	22	18296088	22357325	rs8142200	18496522
583	22	18296088	22357325	rs390495	18504801
583	22	18296088	22357325	rs2034299	18505121
583	22	18296088	22357325	rs9605498	18512094
583	22	18296088	22357325	rs107321	18512282
583	22	18296088	22357325	rs9605500	18512325
583	22	18296088	22357325	rs8139236	18512496
583	22	18296088	22357325	rs424962	18516319
583	22	18296088	22357325	rs4819660	18518634
583	22	18296088	22357325	rs1076115	18518651
583	22	18296088	22357325	rs13057610	18518783
583	22	18296088	22357325	rs4819661	18518829
583	22	18296088	22357325	rs975826	18520582
583	22	18296088	22357325	rs415606	18520654
583	22	18296088	22357325	rs465101	18523214
583	22	18296088	22357325	rs463271	18525700
583	22	18296088	22357325	rs462904	18526789
583	22	18296088	22357325	rs466755	18530984
583	22	18296088	22357325	rs455758	18533335
583	22	18296088	22357325	rs458888	18533434
583	22	18296088	22357325	rs9605514	18537041
583	22	18296088	22357325	rs1992576	18537145
583	22	18296088	22357325	rs458480	18539370
583	22	18296088	22357325	rs460036	18539553
583	22	18296088	22357325	rs455550	18539656
583	22	18296088	22357325	rs7288409	18542311
583	22	18296088	22357325	rs7284964	18543688
583	22	18296088	22357325	rs7289593	18544342
583	22	18296088	22357325	rs12171267	18545387
583	22	18296088	22357325	rs5992985	18545634
583	22	18296088	22357325	rs5992986	18545811
583	22	18296088	22357325	rs11703869	18546611
583	22	18296088	22357325	rs11703744	18546667
583	22	18296088	22357325	rs17207304	18549152
583	22	18296088	22357325	rs5992165	18549174
583	22	18296088	22357325	rs17742344	18549641
583	22	18296088	22357325	rs9618193	18549740
583	22	18296088	22357325	rs2401503	18551344
583	22	18296088	22357325	rs10483096	18551780
583	22	18296088	22357325	rs17809705	18552662
583	22	18296088	22357325	rs1005195	18553019
583	22	18296088	22357325	rs17742403	18553606
583	22	18296088	22357325	rs5992991	18553808
583	22	18296088	22357325	rs5992166	18554044
583	22	18296088	22357325	rs4819666	18555134
583	22	18296088	22357325	rs8139802	18558511
583	22	18296088	22357325	rs464541	18562888
583	22	18296088	22357325	rs17207360	18566917
583	22	18296088	22357325	rs361818	18570153
583	22	18296088	22357325	rs385130	18570175
583	22	18296088	22357325	rs464385	18571008
583	22	18296088	22357325	rs5992169	18572431
583	22	18296088	22357325	rs362128	18574715
583	22	18296088	22357325	rs5992997	18576389
583	22	18296088	22357325	rs361594	18577338
583	22	18296088	22357325	rs362250	18581665
583	22	18296088	22357325	rs467998	18582650
583	22	18296088	22357325	rs467504	18583267
583	22	18296088	22357325	rs3827281	18584433
583	22	18296088	22357325	rs17809734	18584588
583	22	18296088	22357325	rs468789	18586169
583	22	18296088	22357325	rs9647302	18589842
583	22	18296088	22357325	rs5992999	18590899
583	22	18296088	22357325	rs361893	18594931
583	22	18296088	22357325	rs9617661	18595352
583	22	18296088	22357325	rs362043	18596449
583	22	18296088	22357325	rs7290794	18597209
583	22	18296088	22357325	rs361834	18597404
583	22	18296088	22357325	rs464901	18597502
583	22	18296088	22357325	rs361540	18601415
583	22	18296088	22357325	rs9618203	18607872
583	22	18296088	22357325	rs362133	18608627
583	22	18296088	22357325	rs362195	18609046
583	22	18296088	22357325	rs2234329	18609065
583	22	18296088	22357325	rs2234331	18609128
583	22	18296088	22357325	rs361776	18609854
583	22	18296088	22357325	rs362249	18610110
583	22	18296088	22357325	rs10427839	18610146
583	22	18296088	22357325	rs7286465	18610798
583	22	18296088	22357325	rs361557	18611223
583	22	18296088	22357325	rs8140197	18613045
583	22	18296088	22357325	rs2234338	18613603
583	22	18296088	22357325	rs12159975	18614445
583	22	18296088	22357325	rs2540620	18614874
583	22	18296088	22357325	rs5747492	18626637
583	22	18296088	22357325	rs361534	18628715
583	22	18296088	22357325	rs9618216	18631365
583	22	18296088	22357325	rs5993013	18633446
583	22	18296088	22357325	rs5992185	18633978
583	22	18296088	22357325	rs2252257	18640300
583	22	18296088	22357325	rs2543953	18642145
583	22	18296088	22357325	rs3180408	18650682
583	22	18296088	22357325	rs2870978	18886915
583	22	18296088	22357325	rs17742907	18890615
583	22	18296088	22357325	rs2080346	18892575
583	22	18296088	22357325	rs407895	18893631
583	22	18296088	22357325	rs418623	18895227
583	22	18296088	22357325	rs2005883	18896464
583	22	18296088	22357325	rs431289	18896709
583	22	18296088	22357325	rs413280	18897228
583	22	18296088	22357325	rs450046	18901004
583	22	18296088	22357325	rs2540623	18904838
583	22	18296088	22357325	rs455135	18904995
583	22	18296088	22357325	rs28750191	18905117
583	22	18296088	22357325	rs5747927	18905556
583	22	18296088	22357325	rs9618419	18907405
583	22	18296088	22357325	rs1808318	18908641
583	22	18296088	22357325	rs2005736	18912119
583	22	18296088	22357325	rs2238732	18915347
583	22	18296088	22357325	rs2016108	18915963
583	22	18296088	22357325	rs759404	18916180
583	22	18296088	22357325	rs2238733	18916756
583	22	18296088	22357325	rs367766	18917031
583	22	18296088	22357325	rs759406	18917748
583	22	18296088	22357325	rs17743045	18918218
583	22	18296088	22357325	rs16983593	18918825
583	22	18296088	22357325	rs3788287	18921917
583	22	18296088	22357325	rs1814288	18923383
583	22	18296088	22357325	rs9604911	18924956
583	22	18296088	22357325	rs9605907	18941457
583	22	18296088	22357325	rs5993445	18951545
583	22	18296088	22357325	rs2540627	18954629
583	22	18296088	22357325	rs2077200	18956203
583	22	18296088	22357325	rs7288481	18961782
583	22	18296088	22357325	rs2019061	18963340
583	22	18296088	22357325	rs9680846	18965418
583	22	18296088	22357325	rs11914070	18965628
583	22	18296088	22357325	rs2078743	18966859
583	22	18296088	22357325	rs2540648	18967349
583	22	18296088	22357325	rs5747950	18967371
583	22	18296088	22357325	rs11089247	18970915
583	22	18296088	22357325	rs2041780	18971224
583	22	18296088	22357325	rs2023634	18972450
583	22	18296088	22357325	rs2075198	18979268
583	22	18296088	22357325	rs1210635	18979405
583	22	18296088	22357325	rs1210637	18980443
583	22	18296088	22357325	rs3804048	18980791
583	22	18296088	22357325	rs7291719	18981291
583	22	18296088	22357325	rs1210638	18981563
583	22	18296088	22357325	rs2913	18982097
583	22	18296088	22357325	rs7287699	18984214
583	22	18296088	22357325	rs2023635	18989020
583	22	18296088	22357325	rs17810512	18990128
583	22	18296088	22357325	rs5993462	18992121
583	22	18296088	22357325	rs5746651	18992378
583	22	18296088	22357325	rs5993463	18993128
583	22	18296088	22357325	rs4431035	18996565
583	22	18296088	22357325	rs10483099	19001841
583	22	18296088	22357325	rs17810548	19003938
583	22	18296088	22357325	rs2871006	19008108
583	22	18296088	22357325	rs3848856	19016663
583	22	18296088	22357325	rs2073776	19024651
583	22	18296088	22357325	rs6623	19025381
583	22	18296088	22357325	rs10160	19026025
583	22	18296088	22357325	rs2072123	19026613
583	22	18296088	22357325	rs5992353	19026877
583	22	18296088	22357325	rs2283641	19027597
583	22	18296088	22357325	rs2073775	19028476
583	22	18296088	22357325	rs6518516	19030113
583	22	18296088	22357325	rs6518517	19030336
583	22	18296088	22357325	rs715590	19030722
583	22	18296088	22357325	rs715599	19031108
583	22	18296088	22357325	rs1001896	19032215
583	22	18296088	22357325	rs5992354	19033532
583	22	18296088	22357325	rs2057754	19037535
583	22	18296088	22357325	rs10854539	19037734
583	22	18296088	22357325	rs8138035	19040775
583	22	18296088	22357325	rs5992356	19041699
583	22	18296088	22357325	rs2238740	19048449
583	22	18296088	22357325	rs2238743	19049602
583	22	18296088	22357325	rs5993488	19050635
583	22	18296088	22357325	rs5993489	19051362
583	22	18296088	22357325	rs2238748	19051381
583	22	18296088	22357325	rs5993492	19056576
583	22	18296088	22357325	rs6518522	19056915
583	22	18296088	22357325	rs2238751	19057790
583	22	18296088	22357325	rs2238754	19058146
583	22	18296088	22357325	rs1557847	19062353
583	22	18296088	22357325	rs5993516	19073612
583	22	18296088	22357325	rs2800960	19077049
583	22	18296088	22357325	rs2800969	19077594
583	22	18296088	22357325	rs2800980	19077927
583	22	18296088	22357325	rs1934895	19080150
583	22	18296088	22357325	rs2525036	19082535
583	22	18296088	22357325	rs2793064	19084689
583	22	18296088	22357325	rs10483100	19085202
583	22	18296088	22357325	rs2800954	19086183
583	22	18296088	22357325	rs8135308	19087915
583	22	18296088	22357325	rs2189490	19094165
583	22	18296088	22357325	rs2066240	19097437
583	22	18296088	22357325	rs1034727	19097700
583	22	18296088	22357325	rs2800981	19098642
583	22	18296088	22357325	rs2525079	19098966
583	22	18296088	22357325	rs5993533	19099419
583	22	18296088	22357325	rs712966	19101978
583	22	18296088	22357325	rs807741	19103298
583	22	18296088	22357325	rs807750	19107437
583	22	18296088	22357325	rs807751	19107596
583	22	18296088	22357325	rs807753	19108548
583	22	18296088	22357325	rs807756	19112322
583	22	18296088	22357325	rs807757	19113028
583	22	18296088	22357325	rs807758	19113477
583	22	18296088	22357325	rs807759	19113686
583	22	18296088	22357325	rs17811029	19115656
583	22	18296088	22357325	rs8139221	19117267
583	22	18296088	22357325	rs1052763	19119751
583	22	18296088	22357325	rs1052773	19119938
583	22	18296088	22357325	rs2285857	19120867
583	22	18296088	22357325	rs2285858	19120959
583	22	18296088	22357325	rs712965	19121872
583	22	18296088	22357325	rs2240111	19122665
583	22	18296088	22357325	rs2240112	19123075
583	22	18296088	22357325	rs16983371	19123952
583	22	18296088	22357325	rs5747997	19124375
583	22	18296088	22357325	rs17743887	19124865
583	22	18296088	22357325	rs17743906	19128757
583	22	18296088	22357325	rs737923	19132325
583	22	18296088	22357325	rs715544	19133605
583	22	18296088	22357325	rs4819776	19133916
583	22	18296088	22357325	rs4819778	19134083
583	22	18296088	22357325	rs2275901	19135603
583	22	18296088	22357325	rs12484548	19140990
583	22	18296088	22357325	rs12484562	19141162
583	22	18296088	22357325	rs11089255	19141314
583	22	18296088	22357325	rs12628176	19141529
583	22	18296088	22357325	rs5993546	19145323
583	22	18296088	22357325	rs2096376	19147441
583	22	18296088	22357325	rs5748014	19148721
583	22	18296088	22357325	rs5748015	19148751
583	22	18296088	22357325	rs5993549	19149300
583	22	18296088	22357325	rs4819782	19149580
583	22	18296088	22357325	rs13053237	19152094
583	22	18296088	22357325	rs807670	19154608
583	22	18296088	22357325	rs5748021	19155622
583	22	18296088	22357325	rs712964	19156117
583	22	18296088	22357325	rs712960	19157642
583	22	18296088	22357325	rs807673	19158116
583	22	18296088	22357325	rs712959	19159015
583	22	18296088	22357325	rs2298271	19160297
583	22	18296088	22357325	rs2298270	19160307
583	22	18296088	22357325	rs5746671	19160899
583	22	18296088	22357325	rs807667	19161327
583	22	18296088	22357325	rs712958	19167409
583	22	18296088	22357325	rs2800974	19168087
583	22	18296088	22357325	rs2800973	19168616
583	22	18296088	22357325	rs1018764	19172006
583	22	18296088	22357325	rs756651	19179367
583	22	18296088	22357325	rs762523	19180589
583	22	18296088	22357325	rs1771547	19181473
583	22	18296088	22357325	rs2238760	19182585
583	22	18296088	22357325	rs1633399	19183787
583	22	18296088	22357325	rs1061325	19184095
583	22	18296088	22357325	rs2282684	19184244
583	22	18296088	22357325	rs723414	19185736
583	22	18296088	22357325	rs712957	19187009
583	22	18296088	22357325	rs9605957	19187375
583	22	18296088	22357325	rs2239390	19188532
583	22	18296088	22357325	rs2239391	19188775
583	22	18296088	22357325	rs1633404	19189027
583	22	18296088	22357325	rs2283645	19193391
583	22	18296088	22357325	rs807547	19195680
583	22	18296088	22357325	rs2073740	19196112
583	22	18296088	22357325	rs1060376	19196502
583	22	18296088	22357325	rs712954	19196728
583	22	18296088	22357325	rs712952	19197949
583	22	18296088	22357325	rs885978	19198226
583	22	18296088	22357325	rs928907	19203060
583	22	18296088	22357325	rs712951	19203078
583	22	18296088	22357325	rs712950	19204210
583	22	18296088	22357325	rs999699	19207844
583	22	18296088	22357325	rs2073756	19209682
583	22	18296088	22357325	rs2073755	19210740
583	22	18296088	22357325	rs807462	19212947
583	22	18296088	22357325	rs1206549	19215860
583	22	18296088	22357325	rs1206554	19219980
583	22	18296088	22357325	rs2073754	19221406
583	22	18296088	22357325	rs807459	19223352
583	22	18296088	22357325	rs809416	19224115
583	22	18296088	22357325	rs807467	19226260
583	22	18296088	22357325	rs807468	19226767
583	22	18296088	22357325	rs5746696	19228083
583	22	18296088	22357325	rs809901	19228736
583	22	18296088	22357325	rs1206555	19228943
583	22	18296088	22357325	rs807464	19230625
583	22	18296088	22357325	rs807465	19232466
583	22	18296088	22357325	rs1206542	19236020
583	22	18296088	22357325	rs5746701	19238431
583	22	18296088	22357325	rs807429	19241014
583	22	18296088	22357325	rs807430	19241841
583	22	18296088	22357325	rs2518866	19244338
583	22	18296088	22357325	rs3788295	19245821
583	22	18296088	22357325	rs9605972	19253274
583	22	18296088	22357325	rs1340958	19253332
583	22	18296088	22357325	rs2518840	19255856
583	22	18296088	22357325	rs362148	19262852
583	22	18296088	22357325	rs361787	19263698
583	22	18296088	22357325	rs361991	19263892
583	22	18296088	22357325	rs361956	19265799
583	22	18296088	22357325	rs2078750	19271831
583	22	18296088	22357325	rs2283646	19273902
583	22	18296088	22357325	rs2283647	19274144
583	22	18296088	22357325	rs8143071	19277809
583	22	18296088	22357325	rs3761407	19279641
583	22	18296088	22357325	rs3810597	19280403
583	22	18296088	22357325	rs5992387	19283478
583	22	18296088	22357325	rs5746715	19283738
583	22	18296088	22357325	rs5993581	19285816
583	22	18296088	22357325	rs2023637	19286470
583	22	18296088	22357325	rs2023638	19287862
583	22	18296088	22357325	rs5748109	19289446
583	22	18296088	22357325	rs713885	19290969
583	22	18296088	22357325	rs8135222	19292446
583	22	18296088	22357325	rs5993595	19299703
583	22	18296088	22357325	rs2871023	19303289
583	22	18296088	22357325	rs5993603	19308941
583	22	18296088	22357325	rs9604954	19309389
583	22	18296088	22357325	rs11089270	19309694
583	22	18296088	22357325	rs982520	19310812
583	22	18296088	22357325	rs1210684	19312361
583	22	18296088	22357325	rs1210685	19312616
583	22	18296088	22357325	rs982744	19314032
583	22	18296088	22357325	rs1210690	19318622
583	22	18296088	22357325	rs5748131	19319763
583	22	18296088	22357325	rs7292766	19320844
583	22	18296088	22357325	rs5992395	19321052
583	22	18296088	22357325	rs1210694	19322421
583	22	18296088	22357325	rs5993606	19323262
583	22	18296088	22357325	rs1210709	19335614
583	22	18296088	22357325	rs885982	19338201
583	22	18296088	22357325	rs2283650	19338412
583	22	18296088	22357325	rs1210711	19339635
583	22	18296088	22357325	rs2238763	19342188
583	22	18296088	22357325	rs1210715	19345293
583	22	18296088	22357325	rs756652	19346000
583	22	18296088	22357325	rs9605996	19346835
583	22	18296088	22357325	rs2023639	19347730
583	22	18296088	22357325	rs737810	19348199
583	22	18296088	22357325	rs2238766	19348399
583	22	18296088	22357325	rs8137238	19353360
583	22	18296088	22357325	rs5748156	19356192
583	22	18296088	22357325	rs5746727	19358782
583	22	18296088	22357325	rs2283652	19362142
583	22	18296088	22357325	rs2073773	19362618
583	22	18296088	22357325	rs2285334	19365286
583	22	18296088	22357325	rs5748165	19368723
583	22	18296088	22357325	rs5748167	19370586
583	22	18296088	22357325	rs2013516	19372656
583	22	18296088	22357325	rs1009787	19372784
583	22	18296088	22357325	rs2097605	19376124
583	22	18296088	22357325	rs5992398	19376301
583	22	18296088	22357325	rs11089273	19376567
583	22	18296088	22357325	rs9606001	19377483
583	22	18296088	22357325	rs2871026	19378723
583	22	18296088	22357325	rs5748175	19380324
583	22	18296088	22357325	rs5993624	19380714
583	22	18296088	22357325	rs2871027	19381331
583	22	18296088	22357325	rs2106144	19382559
583	22	18296088	22357325	rs2106145	19382851
583	22	18296088	22357325	rs28444159	19385816
583	22	18296088	22357325	rs2238767	19386023
583	22	18296088	22357325	rs2238768	19386633
583	22	18296088	22357325	rs5748179	19387294
583	22	18296088	22357325	rs9306217	19388174
583	22	18296088	22357325	rs7284649	19388947
583	22	18296088	22357325	rs11089274	19390804
583	22	18296088	22357325	rs3788298	19392528
583	22	18296088	22357325	rs4479520	19398837
583	22	18296088	22357325	rs5748189	19399856
583	22	18296088	22357325	rs5748190	19400229
583	22	18296088	22357325	rs5748191	19400585
583	22	18296088	22357325	rs5748195	19407344
583	22	18296088	22357325	rs5748199	19412597
583	22	18296088	22357325	rs9618567	19413706
583	22	18296088	22357325	rs28552452	19413970
583	22	18296088	22357325	rs5748203	19416053
583	22	18296088	22357325	rs12168943	19420959
583	22	18296088	22357325	rs9606017	19421229
583	22	18296088	22357325	rs7575	19423250
583	22	18296088	22357325	rs11744	19428511
583	22	18296088	22357325	rs885975	19430472
583	22	18296088	22357325	rs712979	19431038
583	22	18296088	22357325	rs9606020	19431049
583	22	18296088	22357325	rs756649	19431396
583	22	18296088	22357325	rs756648	19431485
583	22	18296088	22357325	rs2904558	19434215
583	22	18296088	22357325	rs2073731	19437938
583	22	18296088	22357325	rs1057457	19439165
583	22	18296088	22357325	rs7292006	19439540
583	22	18296088	22357325	rs5748212	19443931
583	22	18296088	22357325	rs2269722	19444915
583	22	18296088	22357325	rs5746738	19445054
583	22	18296088	22357325	rs5748215	19447758
583	22	18296088	22357325	rs5746740	19449473
583	22	18296088	22357325	rs5748218	19451186
583	22	18296088	22357325	rs2072055	19453275
583	22	18296088	22357325	rs4493360	19454787
583	22	18296088	22357325	rs5746742	19455376
583	22	18296088	22357325	rs756658	19455836
583	22	18296088	22357325	rs756657	19455871
583	22	18296088	22357325	rs739369	19456763
583	22	18296088	22357325	rs17811336	19458412
583	22	18296088	22357325	rs2073758	19459157
583	22	18296088	22357325	rs13447182	19467462
583	22	18296088	22357325	rs4141527	19467717
583	22	18296088	22357325	rs13447189	19468514
583	22	18296088	22357325	rs5993650	19468655
583	22	18296088	22357325	rs13447203	19470249
583	22	18296088	22357325	rs737858	19471609
583	22	18296088	22357325	rs2238772	19472280
583	22	18296088	22357325	rs7292872	19473910
583	22	18296088	22357325	rs5748239	19479695
583	22	18296088	22357325	rs2073759	19483898
583	22	18296088	22357325	rs5748240	19484167
583	22	18296088	22357325	rs5748243	19486391
583	22	18296088	22357325	rs9618586	19486600
583	22	18296088	22357325	rs13447232	19487367
583	22	18296088	22357325	rs8140666	19492550
583	22	18296088	22357325	rs2073761	19492644
583	22	18296088	22357325	rs5746757	19493201
583	22	18296088	22357325	rs2073736	19495967
583	22	18296088	22357325	rs5746758	19496882
583	22	18296088	22357325	rs2283656	19500832
583	22	18296088	22357325	rs13447270	19501363
583	22	18296088	22357325	rs13447279	19503587
583	22	18296088	22357325	rs2073733	19504318
583	22	18296088	22357325	rs2073732	19504470
583	22	18296088	22357325	rs13447284	19505531
583	22	18296088	22357325	rs2073760	19506456
583	22	18296088	22357325	rs9606045	19506880
583	22	18296088	22357325	rs5993665	19509729
583	22	18296088	22357325	rs12628900	19510872
583	22	18296088	22357325	rs11705109	19513489
583	22	18296088	22357325	rs2871029	19513930
583	22	18296088	22357325	rs9604969	19514013
583	22	18296088	22357325	rs739370	19514396
583	22	18296088	22357325	rs5748260	19518079
583	22	18296088	22357325	rs7290191	19522510
583	22	18296088	22357325	rs13056098	19524902
583	22	18296088	22357325	rs4819804	19532378
583	22	18296088	22357325	rs2157728	19538527
583	22	18296088	22357325	rs5748285	19543952
583	22	18296088	22357325	rs2106136	19547879
583	22	18296088	22357325	rs9606068	19548079
583	22	18296088	22357325	rs5746775	19550343
583	22	18296088	22357325	rs5746779	19558475
583	22	18296088	22357325	rs13057770	19559628
583	22	18296088	22357325	rs7286951	19561322
583	22	18296088	22357325	rs7287561	19561712
583	22	18296088	22357325	rs5992428	19563347
583	22	18296088	22357325	rs2157727	19565395
583	22	18296088	22357325	rs5748307	19565732
583	22	18296088	22357325	rs4819808	19567149
583	22	18296088	22357325	rs5748311	19567776
583	22	18296088	22357325	rs9604979	19567818
583	22	18296088	22357325	rs5748312	19567904
583	22	18296088	22357325	rs5746789	19569995
583	22	18296088	22357325	rs5993706	19574607
583	22	18296088	22357325	rs2871032	19574758
583	22	18296088	22357325	rs5993709	19575600
583	22	18296088	22357325	rs737857	19575953
583	22	18296088	22357325	rs716989	19578158
583	22	18296088	22357325	rs17744842	19579962
583	22	18296088	22357325	rs756656	19580185
583	22	18296088	22357325	rs5993715	19581946
583	22	18296088	22357325	rs5992433	19582066
583	22	18296088	22357325	rs5993719	19582961
583	22	18296088	22357325	rs5992435	19583025
583	22	18296088	22357325	rs9618617	19584197
583	22	18296088	22357325	rs885983	19584672
583	22	18296088	22357325	rs9618618	19585224
583	22	18296088	22357325	rs5746795	19585836
583	22	18296088	22357325	rs12710560	19593156
583	22	18296088	22357325	rs5748346	19593301
583	22	18296088	22357325	rs5746800	19594436
583	22	18296088	22357325	rs5992439	19598041
583	22	18296088	22357325	rs5992441	19600937
583	22	18296088	22357325	rs5992442	19600961
583	22	18296088	22357325	rs8135473	19601238
583	22	18296088	22357325	rs8135254	19606703
583	22	18296088	22357325	rs12158620	19609380
583	22	18296088	22357325	rs9617814	19609943
583	22	18296088	22357325	rs10854554	19610682
583	22	18296088	22357325	rs5993743	19613784
583	22	18296088	22357325	rs5993749	19616341
583	22	18296088	22357325	rs12159587	19617746
583	22	18296088	22357325	rs5992452	19619745
583	22	18296088	22357325	rs7291726	19620982
583	22	18296088	22357325	rs1476445	19621011
583	22	18296088	22357325	rs17209532	19622523
583	22	18296088	22357325	rs13057911	19623386
583	22	18296088	22357325	rs6518564	19623466
583	22	18296088	22357325	rs8135843	19624048
583	22	18296088	22357325	rs8139020	19628737
583	22	18296088	22357325	rs7292279	19629837
583	22	18296088	22357325	rs719078	19631499
583	22	18296088	22357325	rs8139369	19632494
583	22	18296088	22357325	rs5748362	19632608
583	22	18296088	22357325	rs2871039	19634330
583	22	18296088	22357325	rs5748371	19636858
583	22	18296088	22357325	rs5993761	19638044
583	22	18296088	22357325	rs5748376	19639383
583	22	18296088	22357325	rs4819827	19640708
583	22	18296088	22357325	rs1985884	19643245
583	22	18296088	22357325	rs16984538	19643555
583	22	18296088	22357325	rs7291584	19643844
583	22	18296088	22357325	rs9808864	19646034
583	22	18296088	22357325	rs17744980	19647021
583	22	18296088	22357325	rs9606127	19653058
583	22	18296088	22357325	rs1541326	19654452
583	22	18296088	22357325	rs5748391	19659099
583	22	18296088	22357325	rs9605002	19665133
583	22	18296088	22357325	rs9605004	19668110
583	22	18296088	22357325	rs5993790	19668888
583	22	18296088	22357325	rs2078742	19671207
583	22	18296088	22357325	rs5748396	19671702
583	22	18296088	22357325	rs16984071	19674992
583	22	18296088	22357325	rs1123657	19675944
583	22	18296088	22357325	rs1557627	19677207
583	22	18296088	22357325	rs5992460	19677822
583	22	18296088	22357325	rs1015939	19678655
583	22	18296088	22357325	rs1018851	19678836
583	22	18296088	22357325	rs5992462	19679067
583	22	18296088	22357325	rs5748403	19681349
583	22	18296088	22357325	rs13054827	19681755
583	22	18296088	22357325	rs5993810	19685895
583	22	18296088	22357325	rs2097599	19690250
583	22	18296088	22357325	rs13055644	19690656
583	22	18296088	22357325	rs4819833	19691502
583	22	18296088	22357325	rs35581723	19696947
583	22	18296088	22357325	rs9606146	19698129
583	22	18296088	22357325	rs2871041	19718733
583	22	18296088	22357325	rs5748411	19721473
583	22	18296088	22357325	rs4819840	19721766
583	22	18296088	22357325	rs4819841	19721988
583	22	18296088	22357325	rs5993817	19724055
583	22	18296088	22357325	rs9618678	19724613
583	22	18296088	22357325	rs739377	19726999
583	22	18296088	22357325	rs2157731	19729091
583	22	18296088	22357325	rs11089305	19729361
583	22	18296088	22357325	rs5748415	19729424
583	22	18296088	22357325	rs7293017	19733811
583	22	18296088	22357325	rs6518580	19735854
583	22	18296088	22357325	rs4819519	19736003
583	22	18296088	22357325	rs7291533	19737610
583	22	18296088	22357325	rs5993820	19737621
583	22	18296088	22357325	rs8138086	19738645
583	22	18296088	22357325	rs1978060	19749525
583	22	18296088	22357325	rs2301558	19751829
583	22	18296088	22357325	rs2238774	19757339
583	22	18296088	22357325	rs2238777	19758228
583	22	18296088	22357325	rs2238778	19758399
583	22	18296088	22357325	rs4819843	19765182
583	22	18296088	22357325	rs4819522	19766782
583	22	18296088	22357325	rs5746826	19767051
583	22	18296088	22357325	rs13055776	19770707
583	22	18296088	22357325	rs2073762	19771568
583	22	18296088	22357325	rs5993830	19773308
583	22	18296088	22357325	rs5748425	19775043
583	22	18296088	22357325	rs5748427	19775287
583	22	18296088	22357325	rs5746834	19779137
583	22	18296088	22357325	rs2871043	19781823
583	22	18296088	22357325	rs5748432	19783362
583	22	18296088	22357325	rs2269725	19784731
583	22	18296088	22357325	rs2269726	19785006
583	22	18296088	22357325	rs2904561	19787309
583	22	18296088	22357325	rs748806	19787736
583	22	18296088	22357325	rs9606160	19788347
583	22	18296088	22357325	rs12485220	19790308
583	22	18296088	22357325	rs5748443	19792144
583	22	18296088	22357325	rs5993834	19792712
583	22	18296088	22357325	rs2073765	19800322
583	22	18296088	22357325	rs5748445	19802779
583	22	18296088	22357325	rs5746837	19805263
583	22	18296088	22357325	rs9606164	19807031
583	22	18296088	22357325	rs5993844	19809434
583	22	18296088	22357325	rs9618705	19814416
583	22	18296088	22357325	rs7285337	19814714
583	22	18296088	22357325	rs1468089	19815044
583	22	18296088	22357325	rs1468090	19815209
583	22	18296088	22357325	rs10427769	19819577
583	22	18296088	22357325	rs9680547	19821659
583	22	18296088	22357325	rs6518584	19821819
583	22	18296088	22357325	rs7285519	19825152
583	22	18296088	22357325	rs7287254	19825223
583	22	18296088	22357325	rs12167717	19826640
583	22	18296088	22357325	rs35519960	19826982
583	22	18296088	22357325	rs11089314	19829440
583	22	18296088	22357325	rs5748453	19829803
583	22	18296088	22357325	rs1053001	19833781
583	22	18296088	22357325	rs1052978	19834026
583	22	18296088	22357325	rs35077427	19835756
583	22	18296088	22357325	rs7288631	19836148
583	22	18296088	22357325	rs11705143	19836705
583	22	18296088	22357325	rs3196628	19837275
583	22	18296088	22357325	rs10372	19837298
583	22	18296088	22357325	rs3747066	19837575
583	22	18296088	22357325	rs17745302	19839438
583	22	18296088	22357325	rs11704009	19840123
583	22	18296088	22357325	rs11704083	19840413
583	22	18296088	22357325	rs35169076	19841501
583	22	18296088	22357325	rs13057784	19841642
583	22	18296088	22357325	rs13057910	19842285
583	22	18296088	22357325	rs17534001	19842310
583	22	18296088	22357325	rs11913285	19844492
583	22	18296088	22357325	rs13053155	19844671
583	22	18296088	22357325	rs12106549	19846987
583	22	18296088	22357325	rs6518585	19849501
583	22	18296088	22357325	rs35374520	19851149
583	22	18296088	22357325	rs9754418	19854733
583	22	18296088	22357325	rs17745314	19857342
583	22	18296088	22357325	rs7285948	19861127
583	22	18296088	22357325	rs13057441	19862675
583	22	18296088	22357325	rs1044732	19863142
583	22	18296088	22357325	rs16984299	19863593
583	22	18296088	22357325	rs7288061	19864239
583	22	18296088	22357325	rs13054371	19867189
583	22	18296088	22357325	rs1139793	19868218
583	22	18296088	22357325	rs8141610	19870147
583	22	18296088	22357325	rs2239893	19870831
583	22	18296088	22357325	rs12158214	19871691
583	22	18296088	22357325	rs3788305	19871778
583	22	18296088	22357325	rs3788306	19872009
583	22	18296088	22357325	rs2073750	19873357
583	22	18296088	22357325	rs9606171	19874209
583	22	18296088	22357325	rs1015471	19878514
583	22	18296088	22357325	rs3788309	19879020
583	22	18296088	22357325	rs3804047	19879637
583	22	18296088	22357325	rs5993853	19879938
583	22	18296088	22357325	rs3788310	19880340
583	22	18296088	22357325	rs4819845	19881027
583	22	18296088	22357325	rs5992493	19881556
583	22	18296088	22357325	rs3788314	19889423
583	22	18296088	22357325	rs3788317	19889825
583	22	18296088	22357325	rs9606176	19898886
583	22	18296088	22357325	rs7410379	19899839
583	22	18296088	22357325	rs1005873	19900075
583	22	18296088	22357325	rs756661	19905802
583	22	18296088	22357325	rs11541479	19906511
583	22	18296088	22357325	rs5748469	19907099
583	22	18296088	22357325	rs5748470	19907118
583	22	18296088	22357325	rs1978058	19908219
583	22	18296088	22357325	rs8141691	19909426
583	22	18296088	22357325	rs1012157	19909977
583	22	18296088	22357325	rs7289747	19910716
583	22	18296088	22357325	rs17210001	19914854
583	22	18296088	22357325	rs5993875	19915326
583	22	18296088	22357325	rs7287604	19915680
583	22	18296088	22357325	rs7290448	19915939
583	22	18296088	22357325	rs9617850	19918231
583	22	18296088	22357325	rs5746847	19921003
583	22	18296088	22357325	rs9605030	19921137
583	22	18296088	22357325	rs9605031	19921378
583	22	18296088	22357325	rs8140265	19921641
583	22	18296088	22357325	rs5748485	19923415
583	22	18296088	22357325	rs6518591	19924021
583	22	18296088	22357325	rs11705619	19924579
583	22	18296088	22357325	rs5748489	19927146
583	22	18296088	22357325	rs4646310	19928806
583	22	18296088	22357325	rs2020917	19928884
583	22	18296088	22357325	rs737866	19930109
583	22	18296088	22357325	rs737865	19930121
583	22	18296088	22357325	rs9332316	19930274
583	22	18296088	22357325	rs933271	19931407
583	22	18296088	22357325	rs1544325	19931668
583	22	18296088	22357325	rs8185002	19933048
583	22	18296088	22357325	rs174674	19934025
583	22	18296088	22357325	rs174675	19934051
583	22	18296088	22357325	rs5993882	19937533
583	22	18296088	22357325	rs5993883	19937638
583	22	18296088	22357325	rs16982844	19947942
583	22	18296088	22357325	rs4646312	19948337
583	22	18296088	22357325	rs9332362	19949103
583	22	18296088	22357325	rs4633	19950235
583	22	18296088	22357325	rs2239393	19950428
583	22	18296088	22357325	rs740601	19950763
583	22	18296088	22357325	rs4680	19951271
583	22	18296088	22357325	rs769224	19951804
583	22	18296088	22357325	rs4646316	19952132
583	22	18296088	22357325	rs165774	19952561
583	22	18296088	22357325	rs174697	19953832
583	22	18296088	22357325	rs174699	19954458
583	22	18296088	22357325	rs9306235	19955157
583	22	18296088	22357325	rs9332377	19955692
583	22	18296088	22357325	rs165728	19957023
583	22	18296088	22357325	rs9265	19957631
583	22	18296088	22357325	rs165849	19958669
583	22	18296088	22357325	rs165824	19959366
583	22	18296088	22357325	rs165815	19959473
583	22	18296088	22357325	rs5993891	19959746
583	22	18296088	22357325	rs758373	19960394
583	22	18296088	22357325	rs2240713	19961101
583	22	18296088	22357325	rs887199	19961955
583	22	18296088	22357325	rs2239395	19962203
583	22	18296088	22357325	rs1110477	19962380
583	22	18296088	22357325	rs1110478	19962769
583	22	18296088	22357325	rs887200	19963666
583	22	18296088	22357325	rs12158201	19966749
583	22	18296088	22357325	rs887204	19967068
583	22	18296088	22357325	rs2073748	19968971
583	22	18296088	22357325	rs2240716	19969696
583	22	18296088	22357325	rs1990277	19970502
583	22	18296088	22357325	rs917478	19972824
583	22	18296088	22357325	rs917479	19973205
583	22	18296088	22357325	rs2238786	19975444
583	22	18296088	22357325	rs756653	19976845
583	22	18296088	22357325	rs2012714	19977647
583	22	18296088	22357325	rs4819527	19978022
583	22	18296088	22357325	rs2073746	19978558
583	22	18296088	22357325	rs2238788	19980300
583	22	18296088	22357325	rs2238790	19983014
583	22	18296088	22357325	rs17817568	19983932
583	22	18296088	22357325	rs1034564	19984013
583	22	18296088	22357325	rs11089325	19984200
583	22	18296088	22357325	rs1034565	19984211
583	22	18296088	22357325	rs2073745	19985507
583	22	18296088	22357325	rs732596	19986148
583	22	18296088	22357325	rs7285377	19987202
583	22	18296088	22357325	rs4819852	19988167
583	22	18296088	22357325	rs2073742	19989642
583	22	18296088	22357325	rs2073741	19989890
583	22	18296088	22357325	rs9617857	19990789
583	22	18296088	22357325	rs9618725	19991067
583	22	18296088	22357325	rs17817586	19995480
583	22	18296088	22357325	rs877118	19996570
583	22	18296088	22357325	rs1989843	19996829
583	22	18296088	22357325	rs41458445	19998088
583	22	18296088	22357325	rs2531697	19999492
583	22	18296088	22357325	rs4819853	19999760
583	22	18296088	22357325	rs2531716	20004704
583	22	18296088	22357325	rs3788322	20006040
583	22	18296088	22357325	rs1858770	20006992
583	22	18296088	22357325	rs5746851	20007619
583	22	18296088	22357325	rs737985	20009078
583	22	18296088	22357325	rs2518827	20010730
583	22	18296088	22357325	rs2518829	20012286
583	22	18296088	22357325	rs2531706	20014473
583	22	18296088	22357325	rs5748505	20015016
583	22	18296088	22357325	rs9606212	20015615
583	22	18296088	22357325	rs9606213	20016971
583	22	18296088	22357325	rs2531708	20017445
583	22	18296088	22357325	rs2078749	20019768
583	22	18296088	22357325	rs2008591	20020229
583	22	18296088	22357325	rs6518598	20021938
583	22	18296088	22357325	rs11703292	20025951
583	22	18296088	22357325	rs374225	20029878
583	22	18296088	22357325	rs455049	20031964
583	22	18296088	22357325	rs397701	20032327
583	22	18296088	22357325	rs405342	20037315
583	22	18296088	22357325	rs3804046	20039867
583	22	18296088	22357325	rs17817689	20040602
583	22	18296088	22357325	rs366148	20041609
583	22	18296088	22357325	rs729894	20041741
583	22	18296088	22357325	rs429965	20042075
583	22	18296088	22357325	rs174876	20043370
583	22	18296088	22357325	rs440042	20045411
583	22	18296088	22357325	rs399162	20046687
583	22	18296088	22357325	rs432909	20051466
583	22	18296088	22357325	rs17818431	20052420
583	22	18296088	22357325	rs3804044	20052442
583	22	18296088	22357325	rs3804043	20052481
583	22	18296088	22357325	rs442277	20052566
583	22	18296088	22357325	rs1054215	20053554
583	22	18296088	22357325	rs7285397	20057143
583	22	18296088	22357325	rs5992507	20057458
583	22	18296088	22357325	rs446059	20059763
583	22	18296088	22357325	rs9606232	20065370
583	22	18296088	22357325	rs2269724	20068556
583	22	18296088	22357325	rs9606239	20070285
583	22	18296088	22357325	rs9606240	20071423
583	22	18296088	22357325	rs17817767	20071630
583	22	18296088	22357325	rs1558496	20071737
583	22	18296088	22357325	rs1558497	20071899
583	22	18296088	22357325	rs2302497	20073147
583	22	18296088	22357325	rs2073778	20074575
583	22	18296088	22357325	rs9606241	20075858
583	22	18296088	22357325	rs2073779	20077863
583	22	18296088	22357325	rs11089328	20079603
583	22	18296088	22357325	rs2286925	20080447
583	22	18296088	22357325	rs1640297	20081852
583	22	18296088	22357325	rs2286926	20082074
583	22	18296088	22357325	rs4476436	20082961
583	22	18296088	22357325	rs9606248	20087539
583	22	18296088	22357325	rs9605062	20089880
583	22	18296088	22357325	rs9605063	20090038
583	22	18296088	22357325	rs2904565	20091628
583	22	18296088	22357325	rs9606251	20092777
583	22	18296088	22357325	rs9606252	20092996
583	22	18296088	22357325	rs443678	20093126
583	22	18296088	22357325	rs8139591	20093317
583	22	18296088	22357325	rs1640299	20098359
583	22	18296088	22357325	rs417309	20098544
583	22	18296088	22357325	rs720012	20098582
583	22	18296088	22357325	rs720014	20098882
583	22	18296088	22357325	rs3757	20099331
583	22	18296088	22357325	rs9605066	20099654
583	22	18296088	22357325	rs1633445	20100596
583	22	18296088	22357325	rs885980	20102090
583	22	18296088	22357325	rs2073777	20102750
583	22	18296088	22357325	rs713982	20104819
583	22	18296088	22357325	rs2238798	20107729
583	22	18296088	22357325	rs9606256	20108500
583	22	18296088	22357325	rs11705021	20109677
583	22	18296088	22357325	rs175162	20113253
583	22	18296088	22357325	rs175163	20113777
583	22	18296088	22357325	rs175164	20115562
583	22	18296088	22357325	rs175165	20116015
583	22	18296088	22357325	rs175166	20116182
583	22	18296088	22357325	rs175174	20127554
583	22	18296088	22357325	rs2286931	20128881
583	22	18296088	22357325	rs8137258	20135961
583	22	18296088	22357325	rs4819867	20136379
583	22	18296088	22357325	rs9605071	20139204
583	22	18296088	22357325	rs9606268	20142837
583	22	18296088	22357325	rs649737	20144663
583	22	18296088	22357325	rs17817803	20145526
583	22	18296088	22357325	rs9605074	20146533
583	22	18296088	22357325	rs373747	20155192
583	22	18296088	22357325	rs28384	20156415
583	22	18296088	22357325	rs1153418	20161424
583	22	18296088	22357325	rs175194	20163070
583	22	18296088	22357325	rs404060	20164360
583	22	18296088	22357325	rs385773	20164589
583	22	18296088	22357325	rs78908	20164709
583	22	18296088	22357325	rs4474965	20165266
583	22	18296088	22357325	rs175197	20165632
583	22	18296088	22357325	rs175199	20168295
583	22	18296088	22357325	rs175200	20168509
583	22	18296088	22357325	rs10212087	20171251
583	22	18296088	22357325	rs617427	20171368
583	22	18296088	22357325	rs75766	20174853
583	22	18296088	22357325	rs9618749	20175223
583	22	18296088	22357325	rs175207	20177061
583	22	18296088	22357325	rs2871058	20178147
583	22	18296088	22357325	rs2871059	20178175
583	22	18296088	22357325	rs175210	20178915
583	22	18296088	22357325	rs2537857	20178929
583	22	18296088	22357325	rs701446	20179255
583	22	18296088	22357325	rs696885	20181136
583	22	18296088	22357325	rs696884	20183509
583	22	18296088	22357325	rs613930	20185119
583	22	18296088	22357325	rs625704	20185457
583	22	18296088	22357325	rs681112	20186102
583	22	18296088	22357325	rs655656	20187575
583	22	18296088	22357325	rs672570	20189077
583	22	18296088	22357325	rs627235	20195591
583	22	18296088	22357325	rs17746115	20196046
583	22	18296088	22357325	rs589089	20196469
583	22	18296088	22357325	rs9606282	20200513
583	22	18296088	22357325	rs730669	20201954
583	22	18296088	22357325	rs1000539	20202729
583	22	18296088	22357325	rs5993934	20204924
583	22	18296088	22357325	rs1640426	20207825
583	22	18296088	22357325	rs5748554	20209030
583	22	18296088	22357325	rs5748555	20209487
583	22	18296088	22357325	rs8142885	20211139
583	22	18296088	22357325	rs9605090	20214783
583	22	18296088	22357325	rs701434	20214899
583	22	18296088	22357325	rs8141593	20216156
583	22	18296088	22357325	rs5748561	20216804
583	22	18296088	22357325	rs9606290	20218237
583	22	18296088	22357325	rs854968	20218997
583	22	18296088	22357325	rs5993935	20220764
583	22	18296088	22357325	rs855072	20221844
583	22	18296088	22357325	rs10212079	20222105
583	22	18296088	22357325	rs759577	20225536
583	22	18296088	22357325	rs701431	20226455
583	22	18296088	22357325	rs701430	20227551
583	22	18296088	22357325	rs701428	20228542
583	22	18296088	22357325	rs854971	20233429
583	22	18296088	22357325	rs887765	20234817
583	22	18296088	22357325	rs696880	20235200
583	22	18296088	22357325	rs1567871	20241160
583	22	18296088	22357325	rs9606296	20244616
583	22	18296088	22357325	rs855050	20248391
583	22	18296088	22357325	rs1807466	20249918
583	22	18296088	22357325	rs9606305	20258973
583	22	18296088	22357325	rs854936	20260814
583	22	18296088	22357325	rs854952	20267705
583	22	18296088	22357325	rs701414	20268483
583	22	18296088	22357325	rs855064	20278529
583	22	18296088	22357325	rs12628408	20279159
583	22	18296088	22357325	rs12169202	20279718
583	22	18296088	22357325	rs7287659	20282243
583	22	18296088	22357325	rs5993954	20282886
583	22	18296088	22357325	rs741413	20286099
583	22	18296088	22357325	rs2904577	20293625
583	22	18296088	22357325	rs759575	20294061
583	22	18296088	22357325	rs4425183	20295420
583	22	18296088	22357325	rs2280117	20306993
583	22	18296088	22357325	rs1210829	20308800
583	22	18296088	22357325	rs9617876	20330744
583	22	18296088	22357325	rs362064	20732809
583	22	18296088	22357325	rs6003971	20733495
583	22	18296088	22357325	rs362243	20733667
583	22	18296088	22357325	rs361764	20736315
583	22	18296088	22357325	rs9609699	20737903
583	22	18296088	22357325	rs13055191	20738689
583	22	18296088	22357325	rs2108744	20741890
583	22	18296088	22357325	rs361689	20742450
583	22	18296088	22357325	rs2041969	20743536
583	22	18296088	22357325	rs362125	20745201
583	22	18296088	22357325	rs887021	20747763
583	22	18296088	22357325	rs2266945	20748053
583	22	18296088	22357325	rs361877	20751136
583	22	18296088	22357325	rs361591	20751255
583	22	18296088	22357325	rs361640	20753615
583	22	18296088	22357325	rs4546089	20754655
583	22	18296088	22357325	rs1990249	20755098
583	22	18296088	22357325	rs4581986	20755226
583	22	18296088	22357325	rs737811	20758954
583	22	18296088	22357325	rs2228236	20761063
583	22	18296088	22357325	rs4020	20761384
583	22	18296088	22357325	rs887023	20761899
583	22	18296088	22357325	rs9610309	20761976
583	22	18296088	22357325	rs1013634	20764595
583	22	18296088	22357325	rs6005267	20764994
583	22	18296088	22357325	rs5761913	20765021
583	22	18296088	22357325	rs361603	20765989
583	22	18296088	22357325	rs6005680	20774454
583	22	18296088	22357325	rs5752676	20774614
583	22	18296088	22357325	rs5752681	20774808
583	22	18296088	22357325	rs1771146	20775247
583	22	18296088	22357325	rs6005740	20776843
583	22	18296088	22357325	rs738085	20777672
583	22	18296088	22357325	rs738084	20778066
583	22	18296088	22357325	rs1076486	20778770
583	22	18296088	22357325	rs5997411	20783485
583	22	18296088	22357325	rs8137004	20783721
583	22	18296088	22357325	rs882745	20784217
583	22	18296088	22357325	rs7289390	20784550
583	22	18296088	22357325	rs4823021	20786810
583	22	18296088	22357325	rs1123521	20788590
583	22	18296088	22357325	rs2108746	20788969
583	22	18296088	22357325	rs1005640	20789074
583	22	18296088	22357325	rs1477177	20789574
583	22	18296088	22357325	rs1477178	20789688
583	22	18296088	22357325	rs1035239	20793914
583	22	18296088	22357325	rs5763655	20794484
583	22	18296088	22357325	rs1153427	20795757
583	22	18296088	22357325	rs9997	20796175
583	22	18296088	22357325	rs5763911	20797289
583	22	18296088	22357325	rs8748	20800835
583	22	18296088	22357325	rs1058990	20800983
583	22	18296088	22357325	rs361727	20801221
583	22	18296088	22357325	rs2329356	20805369
583	22	18296088	22357325	rs5753651	20809620
583	22	18296088	22357325	rs361988	20810054
583	22	18296088	22357325	rs5749316	20811231
583	22	18296088	22357325	rs361573	20811674
583	22	18296088	22357325	rs5753802	20813247
583	22	18296088	22357325	rs165809	20817808
583	22	18296088	22357325	rs165807	20818267
583	22	18296088	22357325	rs165864	20822366
583	22	18296088	22357325	rs177343	20822945
583	22	18296088	22357325	rs5754388	20825189
583	22	18296088	22357325	rs5749587	20827264
583	22	18296088	22357325	rs9623544	20828638
583	22	18296088	22357325	rs5749656	20832190
583	22	18296088	22357325	rs4401303	20834564
583	22	18296088	22357325	rs5749718	20835089
583	22	18296088	22357325	rs1771144	20842362
583	22	18296088	22357325	rs165613	20843885
583	22	18296088	22357325	rs4821372	20846641
583	22	18296088	22357325	rs2079099	20850440
583	22	18296088	22357325	rs4820216	20854161
583	22	18296088	22357325	rs738092	20860931
583	22	18296088	22357325	rs6000569	20864940
583	22	18296088	22357325	rs11704564	20865291
583	22	18296088	22357325	rs997145	20866658
583	22	18296088	22357325	rs2014654	20872855
583	22	18296088	22357325	rs7291930	20876509
583	22	18296088	22357325	rs1110462	20881385
583	22	18296088	22357325	rs11090206	20881678
583	22	18296088	22357325	rs1771149	20883449
583	22	18296088	22357325	rs6519408	20884910
583	22	18296088	22357325	rs5995708	20887080
583	22	18296088	22357325	rs5995745	20888927
583	22	18296088	22357325	rs2269830	20891259
583	22	18296088	22357325	rs4821915	20891545
583	22	18296088	22357325	rs2269832	20891842
583	22	18296088	22357325	rs2269833	20891928
583	22	18296088	22357325	rs7292126	20896926
583	22	18296088	22357325	rs5757984	20899186
583	22	18296088	22357325	rs4821963	20900074
583	22	18296088	22357325	rs886319	20903410
583	22	18296088	22357325	rs165609	20908993
583	22	18296088	22357325	rs165792	20910883
583	22	18296088	22357325	rs177421	20913757
583	22	18296088	22357325	rs165685	20919755
583	22	18296088	22357325	rs165664	20921339
583	22	18296088	22357325	rs11705359	20921355
583	22	18296088	22357325	rs17819434	20922470
583	22	18296088	22357325	rs165846	20924028
583	22	18296088	22357325	rs165918	20926625
583	22	18296088	22357325	rs5759311	20927675
583	22	18296088	22357325	rs5759314	20927716
583	22	18296088	22357325	rs165666	20927802
583	22	18296088	22357325	rs165772	20928266
583	22	18296088	22357325	rs165674	20928809
583	22	18296088	22357325	rs12484576	20929084
583	22	18296088	22357325	rs177426	20929782
583	22	18296088	22357325	rs12484676	20930991
583	22	18296088	22357325	rs165908	20935731
583	22	18296088	22357325	rs646164	20936334
583	22	18296088	22357325	rs5759455	20938180
583	22	18296088	22357325	rs2285699	20940085
583	22	18296088	22357325	rs741191	20941450
583	22	18296088	22357325	rs165591	20946302
583	22	18296088	22357325	rs595272	20946403
583	22	18296088	22357325	rs4822328	20950328
583	22	18296088	22357325	rs165626	20954760
583	22	18296088	22357325	rs552823	20956906
583	22	18296088	22357325	rs561595	20960707
583	22	18296088	22357325	rs13433634	20961189
583	22	18296088	22357325	rs17819593	20962028
583	22	18296088	22357325	rs17819599	20962978
583	22	18296088	22357325	rs1557798	20963373
583	22	18296088	22357325	rs680548	20965555
583	22	18296088	22357325	rs5759562	20966125
583	22	18296088	22357325	rs1108099	20966396
583	22	18296088	22357325	rs1108101	20966457
583	22	18296088	22357325	rs738040	20966547
583	22	18296088	22357325	rs11090296	20970175
583	22	18296088	22357325	rs482165	20971222
583	22	18296088	22357325	rs654526	20973386
583	22	18296088	22357325	rs564493	20977077
583	22	18296088	22357325	rs687192	20977272
583	22	18296088	22357325	rs687164	20977292
583	22	18296088	22357325	rs17818796	20978672
583	22	18296088	22357325	rs8135803	20978977
583	22	18296088	22357325	rs5759632	20982876
583	22	18296088	22357325	rs596235	20983592
583	22	18296088	22357325	rs12483894	20983830
583	22	18296088	22357325	rs16988629	20985000
583	22	18296088	22357325	rs16988632	20985012
583	22	18296088	22357325	rs741192	20986010
583	22	18296088	22357325	rs661440	20990057
583	22	18296088	22357325	rs17757910	20990662
583	22	18296088	22357325	rs580204	20991062
583	22	18296088	22357325	rs5751615	20991129
583	22	18296088	22357325	rs759224	20993328
583	22	18296088	22357325	rs741193	20993467
583	22	18296088	22357325	rs741194	20993519
583	22	18296088	22357325	rs2016016	20993797
583	22	18296088	22357325	rs9612548	20993961
583	22	18296088	22357325	rs2539918	20994186
583	22	18296088	22357325	rs658793	20996595
583	22	18296088	22357325	rs673017	20997483
583	22	18296088	22357325	rs526119	20999190
583	22	18296088	22357325	rs41368547	20999626
583	22	18296088	22357325	rs5996524	21001028
583	22	18296088	22357325	rs612325	21001074
583	22	18296088	22357325	rs624100	21001422
583	22	18296088	22357325	rs2058554	21002437
583	22	18296088	22357325	rs4822389	21003610
583	22	18296088	22357325	rs7285501	21004476
583	22	18296088	22357325	rs5759767	21004805
583	22	18296088	22357325	rs17211605	21005422
583	22	18296088	22357325	rs1339959	21005697
583	22	18296088	22357325	rs13055518	21006192
583	22	18296088	22357325	rs1076455	21007485
583	22	18296088	22357325	rs635095	21008167
583	22	18296088	22357325	rs651851	21009596
583	22	18296088	22357325	rs653137	21009853
583	22	18296088	22357325	rs9612573	21011132
583	22	18296088	22357325	rs5759849	21013347
583	22	18296088	22357325	rs5751683	21015043
583	22	18296088	22357325	rs5751684	21015218
583	22	18296088	22357325	rs2110412	21019125
583	22	18296088	22357325	rs674478	21021264
583	22	18296088	22357325	rs520698	21024880
583	22	18296088	22357325	rs552668	21026003
583	22	18296088	22357325	rs598141	21028138
583	22	18296088	22357325	rs565979	21028946
583	22	18296088	22357325	rs28668558	21034809
583	22	18296088	22357325	rs13055308	21053389
583	22	18296088	22357325	rs4820575	21060359
583	22	18296088	22357325	rs1058552	21062168
583	22	18296088	22357325	rs13471	21062268
583	22	18296088	22357325	rs641901	21068659
583	22	18296088	22357325	rs5751800	21075537
583	22	18296088	22357325	rs4820579	21076129
583	22	18296088	22357325	rs6004060	21080404
583	22	18296088	22357325	rs11705170	21090148
583	22	18296088	22357325	rs1558657	21094781
583	22	18296088	22357325	rs2072513	21099297
583	22	18296088	22357325	rs2072514	21099478
583	22	18296088	22357325	rs2329483	21100842
583	22	18296088	22357325	rs2241138	21102490
583	22	18296088	22357325	rs738057	21102973
583	22	18296088	22357325	rs6004133	21103551
583	22	18296088	22357325	rs2072515	21105343
583	22	18296088	22357325	rs5751852	21106055
583	22	18296088	22357325	rs2329583	21107153
583	22	18296088	22357325	rs4820588	21114601
583	22	18296088	22357325	rs2072517	21115244
583	22	18296088	22357325	rs6004160	21117060
583	22	18296088	22357325	rs4822497	21118306
583	22	18296088	22357325	rs9608386	21118524
583	22	18296088	22357325	rs165764	21118918
583	22	18296088	22357325	rs165818	21122412
583	22	18296088	22357325	rs165848	21123247
583	22	18296088	22357325	rs165618	21125198
583	22	18296088	22357325	rs178028	21126344
583	22	18296088	22357325	rs165730	21128206
583	22	18296088	22357325	rs178029	21128576
583	22	18296088	22357325	rs178030	21129295
583	22	18296088	22357325	rs178031	21130129
583	22	18296088	22357325	rs178032	21130331
583	22	18296088	22357325	rs165866	21130549
583	22	18296088	22357325	rs165912	21132154
583	22	18296088	22357325	rs165862	21135346
583	22	18296088	22357325	rs165583	21135763
583	22	18296088	22357325	rs5902	21138544
583	22	18296088	22357325	rs110374	21139955
583	22	18296088	22357325	rs78656	21141434
583	22	18296088	22357325	rs178040	21141734
583	22	18296088	22357325	rs17820181	21145465
583	22	18296088	22357325	rs165793	21147293
583	22	18296088	22357325	rs165780	21148285
583	22	18296088	22357325	rs165915	21149441
583	22	18296088	22357325	rs13056862	21150012
583	22	18296088	22357325	rs165924	21150340
583	22	18296088	22357325	rs178042	21151655
583	22	18296088	22357325	rs165622	21152071
583	22	18296088	22357325	rs165813	21152179
583	22	18296088	22357325	rs165758	21153590
583	22	18296088	22357325	rs165742	21154282
583	22	18296088	22357325	rs361556	21154390
583	22	18296088	22357325	rs178047	21160584
583	22	18296088	22357325	rs165811	21163327
583	22	18296088	22357325	rs165902	21165675
583	22	18296088	22357325	rs178048	21166338
583	22	18296088	22357325	rs165854	21167787
583	22	18296088	22357325	rs165701	21169122
583	22	18296088	22357325	rs165634	21169875
583	22	18296088	22357325	rs178051	21172498
583	22	18296088	22357325	rs165660	21174356
583	22	18296088	22357325	rs17758477	21174444
583	22	18296088	22357325	rs165699	21178464
583	22	18296088	22357325	rs3788327	21178723
583	22	18296088	22357325	rs165729	21188732
583	22	18296088	22357325	rs178058	21193604
583	22	18296088	22357325	rs178059	21197679
583	22	18296088	22357325	rs4822606	21198776
583	22	18296088	22357325	rs165696	21204180
583	22	18296088	22357325	rs165707	21207606
583	22	18296088	22357325	rs178064	21208236
583	22	18296088	22357325	rs178066	21211107
583	22	18296088	22357325	rs178068	21212208
583	22	18296088	22357325	rs165596	21212476
583	22	18296088	22357325	rs1061063	21213380
583	22	18296088	22357325	rs165598	21216695
583	22	18296088	22357325	rs178069	21217575
583	22	18296088	22357325	rs178070	21218339
583	22	18296088	22357325	rs165686	21220004
583	22	18296088	22357325	rs165623	21220331
583	22	18296088	22357325	rs10483104	21220733
583	22	18296088	22357325	rs715579	21221805
583	22	18296088	22357325	rs178074	21233270
583	22	18296088	22357325	rs165783	21236141
583	22	18296088	22357325	rs165905	21240108
583	22	18296088	22357325	rs165877	21241854
583	22	18296088	22357325	rs178077	21242544
583	22	18296088	22357325	rs165801	21243253
583	22	18296088	22357325	rs165861	21243643
583	22	18296088	22357325	rs11577	21243687
583	22	18296088	22357325	rs12162703	21246902
583	22	18296088	22357325	rs178083	21247048
583	22	18296088	22357325	rs165841	21253069
583	22	18296088	22357325	rs178084	21253581
583	22	18296088	22357325	rs178092	21258292
583	22	18296088	22357325	rs9613260	21261449
583	22	18296088	22357325	rs2329552	21263551
583	22	18296088	22357325	rs2266951	21273441
583	22	18296088	22357325	rs929202	21274338
583	22	18296088	22357325	rs4822687	21275029
583	22	18296088	22357325	rs6004917	21275859
583	22	18296088	22357325	rs5761368	21277471
583	22	18296088	22357325	rs12628875	21285285
583	22	18296088	22357325	rs5761386	21285846
583	22	18296088	22357325	rs13057428	21286941
583	22	18296088	22357325	rs5752284	21292744
583	22	18296088	22357325	rs5761424	21293201
583	22	18296088	22357325	rs5761433	21294414
583	22	18296088	22357325	rs7292964	21296547
583	22	18296088	22357325	rs4822700	21300308
583	22	18296088	22357325	rs12484413	21301336
583	22	18296088	22357325	rs17819409	21302320
583	22	18296088	22357325	rs2266953	21302925
583	22	18296088	22357325	rs2266955	21303711
583	22	18296088	22357325	rs737894	21304408
583	22	18296088	22357325	rs1548410	21304463
583	22	18296088	22357325	rs9613388	21305473
583	22	18296088	22357325	rs1043235	21306400
583	22	18296088	22357325	rs1043242	21306743
583	22	18296088	22357325	rs2285547	21307058
583	22	18296088	22357325	rs178251	21311721
583	22	18296088	22357325	rs178252	21312429
583	22	18296088	22357325	rs121004	21316258
583	22	18296088	22357325	rs2018682	21317432
583	22	18296088	22357325	rs5761551	21317661
583	22	18296088	22357325	rs756875	21318433
583	22	18296088	22357325	rs2239959	21319041
583	22	18296088	22357325	rs178255	21322836
583	22	18296088	22357325	rs178259	21324182
583	22	18296088	22357325	rs178260	21324308
583	22	18296088	22357325	rs733455	21329123
583	22	18296088	22357325	rs178268	21330266
583	22	18296088	22357325	rs178271	21331556
583	22	18296088	22357325	rs178272	21331629
583	22	18296088	22357325	rs178274	21331677
583	22	18296088	22357325	rs178277	21332122
583	22	18296088	22357325	rs8139975	21333505
583	22	18296088	22357325	rs8140475	21334461
583	22	18296088	22357325	rs8136699	21334662
583	22	18296088	22357325	rs178278	21335259
583	22	18296088	22357325	rs7292968	21335559
583	22	18296088	22357325	rs16988950	21336362
583	22	18296088	22357325	rs178280	21337266
583	22	18296088	22357325	rs13054014	21337325
583	22	18296088	22357325	rs7289487	21337964
583	22	18296088	22357325	rs178282	21338543
583	22	18296088	22357325	rs178285	21339751
583	22	18296088	22357325	rs2269779	21342509
583	22	18296088	22357325	rs4822783	21342811
583	22	18296088	22357325	rs2073989	21344884
583	22	18296088	22357325	rs112544	21346485
583	22	18296088	22357325	rs756876	21346719
583	22	18296088	22357325	rs178291	21348084
583	22	18296088	22357325	rs178295	21350880
583	22	18296088	22357325	rs3747081	21352120
583	22	18296088	22357325	rs178296	21352181
583	22	18296088	22357325	rs178297	21353328
583	22	18296088	22357325	rs369250	21356566
583	22	18296088	22357325	rs1053775	21357153
583	22	18296088	22357325	rs396130	21357602
583	22	18296088	22357325	rs369935	21358204
583	22	18296088	22357325	rs430305	21358522
583	22	18296088	22357325	rs428214	21361060
583	22	18296088	22357325	rs373092	21361870
583	22	18296088	22357325	rs398577	21362849
583	22	18296088	22357325	rs2075274	21363306
583	22	18296088	22357325	rs2516542	21363505
583	22	18296088	22357325	rs2075276	21363744
583	22	18296088	22357325	rs2239961	21363960
583	22	18296088	22357325	rs395938	21364849
583	22	18296088	22357325	rs399647	21365384
583	22	18296088	22357325	rs1003968	21367590
583	22	18296088	22357325	rs9625334	21371227
583	22	18296088	22357325	rs2073598	21372405
583	22	18296088	22357325	rs8141816	21374550
583	22	18296088	22357325	rs2541943	21376092
583	22	18296088	22357325	rs1548411	21377301
583	22	18296088	22357325	rs1548412	21377334
583	22	18296088	22357325	rs2277838	21377650
583	22	18296088	22357325	rs1477145	21380064
583	22	18296088	22357325	rs2541953	21381646
583	22	18296088	22357325	rs2075277	21382482
583	22	18296088	22357325	rs2270384	21384578
583	22	18296088	22357325	rs2072549	21385843
583	22	18296088	22357325	rs2072550	21386019
583	22	18296088	22357325	rs5752500	21387967
583	22	18296088	22357325	rs12627919	21392943
583	22	18296088	22357325	rs6005346	21396528
583	22	18296088	22357325	rs2002814	21399278
583	22	18296088	22357325	rs12168111	21402726
583	22	18296088	22357325	rs9625422	21404113
583	22	18296088	22357325	rs5762105	21409018
583	22	18296088	22357325	rs2241223	21409191
583	22	18296088	22357325	rs5762153	21415742
583	22	18296088	22357325	rs5762158	21416404
583	22	18296088	22357325	rs442656	21416442
583	22	18296088	22357325	rs410356	21419799
583	22	18296088	22357325	rs2106262	21420100
583	22	18296088	22357325	rs16989070	21421319
583	22	18296088	22357325	rs429738	21421425
583	22	18296088	22357325	rs2075270	21421459
583	22	18296088	22357325	rs365856	21421694
583	22	18296088	22357325	rs370279	21422096
583	22	18296088	22357325	rs9608678	21423036
583	22	18296088	22357325	rs2075271	21423908
583	22	18296088	22357325	rs383331	21424414
583	22	18296088	22357325	rs9620784	21424589
583	22	18296088	22357325	rs408718	21425769
583	22	18296088	22357325	rs727497	21427379
583	22	18296088	22357325	rs403653	21427577
583	22	18296088	22357325	rs9613607	21428294
583	22	18296088	22357325	rs428702	21429706
583	22	18296088	22357325	rs400946	21431054
583	22	18296088	22357325	rs439792	21431181
583	22	18296088	22357325	rs1210585	21437561
583	22	18296088	22357325	rs421390	21438417
583	22	18296088	22357325	rs382407	21440502
583	22	18296088	22357325	rs444763	21443283
583	22	18296088	22357325	rs933582	21445396
583	22	18296088	22357325	rs11913109	21446594
583	22	18296088	22357325	rs367594	21448938
583	22	18296088	22357325	rs431319	21449028
583	22	18296088	22357325	rs9306459	21450020
583	22	18296088	22357325	rs9608693	21450181
583	22	18296088	22357325	rs6005625	21450264
583	22	18296088	22357325	rs5997305	21450692
583	22	18296088	22357325	rs1210601	21451097
583	22	18296088	22357325	rs391649	21451725
583	22	18296088	22357325	rs1210606	21452237
583	22	18296088	22357325	rs2541925	21458082
583	22	18296088	22357325	rs4822940	21458625
583	22	18296088	22357325	rs2519458	21458772
583	22	18296088	22357325	rs2519459	21458804
583	22	18296088	22357325	rs2543397	21458925
583	22	18296088	22357325	rs140390	21460008
583	22	18296088	22357325	rs2543398	21460220
583	22	18296088	22357325	rs140391	21461274
583	22	18296088	22357325	rs5762401	21461607
583	22	18296088	22357325	rs2845419	21463515
583	22	18296088	22357325	rs2845421	21463730
583	22	18296088	22357325	rs2845422	21465050
583	22	18296088	22357325	rs465500	21798907
583	22	18296088	22357325	rs460106	21806401
583	22	18296088	22357325	rs5997982	21811991
583	22	18296088	22357325	rs131654	21917190
583	22	18296088	22357325	rs131665	21920903
583	22	18296088	22357325	rs140489	21921294
583	22	18296088	22357325	rs140491	21922364
583	22	18296088	22357325	rs2266959	21922904
583	22	18296088	22357325	rs140492	21923144
583	22	18296088	22357325	rs140498	21927064
583	22	18296088	22357325	rs181359	21928641
583	22	18296088	22357325	rs181360	21928916
583	22	18296088	22357325	rs181362	21932068
583	22	18296088	22357325	rs5754217	21939675
583	22	18296088	22357325	rs4820091	21940189
583	22	18296088	22357325	rs1034329	21943938
583	22	18296088	22357325	rs5998619	21945851
583	22	18296088	22357325	rs2070512	21949411
583	22	18296088	22357325	rs2283790	21956653
583	22	18296088	22357325	rs11089629	21958872
583	22	18296088	22357325	rs4821112	21964761
583	22	18296088	22357325	rs5998672	21966442
583	22	18296088	22357325	rs738127	21968221
583	22	18296088	22357325	rs4821116	21973319
583	22	18296088	22357325	rs7444	21976934
583	22	18296088	22357325	rs11089637	21979096
583	22	18296088	22357325	rs4821124	21979289
583	22	18296088	22357325	rs12158299	21979584
583	22	18296088	22357325	rs4821130	21980894
583	22	18296088	22357325	rs878825	21982249
583	22	18296088	22357325	rs2298428	21982892
583	22	18296088	22357325	rs2298429	21983260
583	22	18296088	22357325	rs5754467	21985094
583	22	18296088	22357325	rs34592211	21986101
583	22	18296088	22357325	rs861855	21986827
583	22	18296088	22357325	rs861854	21988524
583	22	18296088	22357325	rs371513	21988599
583	22	18296088	22357325	rs12170285	21988833
583	22	18296088	22357325	rs2236642	21989621
583	22	18296088	22357325	rs11705259	21990823
583	22	18296088	22357325	rs861850	21993067
583	22	18296088	22357325	rs13054355	21997070
583	22	18296088	22357325	rs861844	22006219
583	22	18296088	22357325	rs447001	22010918
583	22	18296088	22357325	rs9941935	22015144
583	22	18296088	22357325	rs1103229	22022005
583	22	18296088	22357325	rs2247115	22024150
583	22	18296088	22357325	rs108816	22025670
583	22	18296088	22357325	rs1669125	22027348
583	22	18296088	22357325	rs3788329	22028124
583	22	18296088	22357325	rs416661	22030271
583	22	18296088	22357325	rs1669114	22035951
583	22	18296088	22357325	rs11703445	22036200
583	22	18296088	22357325	rs881091	22036512
583	22	18296088	22357325	rs1647712	22037223
583	22	18296088	22357325	rs5749643	22038458
583	22	18296088	22357325	rs861833	22039199
583	22	18296088	22357325	rs396913	22039863
583	22	18296088	22357325	rs861829	22042318
583	22	18296088	22357325	rs861826	22045603
583	22	18296088	22357325	rs12170039	22046787
583	22	18296088	22357325	rs5999098	22048862
583	22	18296088	22357325	rs12484060	22049783
583	22	18296088	22357325	rs1045681	22052814
583	22	18296088	22357325	rs3747094	22053880
583	22	18296088	22357325	rs861817	22054607
583	22	18296088	22357325	rs710172	22055280
583	22	18296088	22357325	rs1860	22055394
583	22	18296088	22357325	rs5754727	22057273
583	22	18296088	22357325	rs762349	22062213
583	22	18296088	22357325	rs5749696	22063337
583	22	18296088	22357325	rs11914240	22065251
583	22	18296088	22357325	rs8139619	22067722
583	22	18296088	22357325	rs7349039	22068139
583	22	18296088	22357325	rs17821327	22068517
583	22	18296088	22357325	rs16997333	22069340
583	22	18296088	22357325	rs2329827	22070489
583	22	18296088	22357325	rs8135758	22076405
583	22	18296088	22357325	rs7292106	22079163
583	22	18296088	22357325	rs738857	22080865
583	22	18296088	22357325	rs9607209	22081867
583	22	18296088	22357325	rs9607210	22082820
583	22	18296088	22357325	rs4821217	22086373
583	22	18296088	22357325	rs743407	22093592
583	22	18296088	22357325	rs5994885	22095771
583	22	18296088	22357325	rs5999264	22095920
583	22	18296088	22357325	rs9610216	22098687
583	22	18296088	22357325	rs5749779	22100288
583	22	18296088	22357325	rs5754932	22100718
583	22	18296088	22357325	rs9607241	22104873
583	22	18296088	22357325	rs2876980	22106535
583	22	18296088	22357325	rs9610271	22112527
583	22	18296088	22357325	rs2276005	22113688
583	22	18296088	22357325	rs2276006	22113887
583	22	18296088	22357325	rs9340	22115353
583	22	18296088	22357325	rs3810610	22115498
583	22	18296088	22357325	rs13515	22115886
583	22	18296088	22357325	rs1063311	22116467
583	22	18296088	22357325	rs17821423	22120153
583	22	18296088	22357325	rs5755074	22121327
583	22	18296088	22357325	rs2266966	22121554
583	22	18296088	22357325	rs17759598	22122149
583	22	18296088	22357325	rs2298432	22123189
583	22	18296088	22357325	rs2006893	22128678
583	22	18296088	22357325	rs743409	22129215
583	22	18296088	22357325	rs2283792	22131125
583	22	18296088	22357325	rs9607272	22136398
583	22	18296088	22357325	rs5749939	22141825
583	22	18296088	22357325	rs5999515	22145101
583	22	18296088	22357325	rs5999521	22146399
583	22	18296088	22357325	rs7290469	22150982
583	22	18296088	22357325	rs9610338	22151821
583	22	18296088	22357325	rs2298434	22153239
583	22	18296088	22357325	rs2266967	22156789
583	22	18296088	22357325	rs5749986	22157661
583	22	18296088	22357325	rs17821572	22175985
583	22	18296088	22357325	rs7286558	22180183
583	22	18296088	22357325	rs4821367	22183980
583	22	18296088	22357325	rs1892846	22186479
583	22	18296088	22357325	rs9610375	22187093
583	22	18296088	22357325	rs5999749	22187660
583	22	18296088	22357325	rs17759796	22190163
583	22	18296088	22357325	rs8141815	22191585
583	22	18296088	22357325	rs12172554	22195075
583	22	18296088	22357325	rs9610417	22199970
583	22	18296088	22357325	rs5755694	22200530
583	22	18296088	22357325	rs8136867	22204793
583	22	18296088	22357325	rs2876981	22205611
583	22	18296088	22357325	rs9610470	22209139
583	22	18296088	22357325	rs2283795	22212974
583	22	18296088	22357325	rs9610487	22213969
583	22	18296088	22357325	rs5750113	22220074
583	22	18296088	22357325	rs7285260	22245063
583	22	18296088	22357325	rs9610574	22253023
583	22	18296088	22357325	rs6000043	22260441
583	22	18296088	22357325	rs8142618	22262057
583	22	18296088	22357325	rs8143081	22262369
583	22	18296088	22357325	rs240054	22266577
583	22	18296088	22357325	rs240055	22266808
583	22	18296088	22357325	rs9610608	22272737
583	22	18296088	22357325	rs5756076	22274211
583	22	18296088	22357325	rs17759843	22274745
583	22	18296088	22357325	rs2070507	22277571
583	22	18296088	22357325	rs6000156	22281093
583	22	18296088	22357325	rs240064	22281638
583	22	18296088	22357325	rs915726	22281902
583	22	18296088	22357325	rs2329884	22282263
583	22	18296088	22357325	rs894095	22282776
583	22	18296088	22357325	rs2099792	22284513
583	22	18296088	22357325	rs5995248	22285324
583	22	18296088	22357325	rs3788333	22286791
583	22	18296088	22357325	rs2027790	22287964
583	22	18296088	22357325	rs9610645	22288560
583	22	18296088	22357325	rs240068	22290403
583	22	18296088	22357325	rs240066	22292995
583	22	18296088	22357325	rs2083564	22295754
583	22	18296088	22357325	rs240065	22296119
583	22	18296088	22357325	rs1005579	22300941
583	22	18296088	22357325	rs9610690	22304943
583	22	18296088	22357325	rs381523	22305629
583	22	18296088	22357325	rs875344	22307381
583	22	18296088	22357325	rs239917	22314463
583	22	18296088	22357325	rs2283797	22315312
583	22	18296088	22357325	rs9610728	22318538
583	22	18296088	22357325	rs9610729	22318671
583	22	18296088	22357325	rs9610750	22322138
583	22	18296088	22357325	rs743525	22326611
583	22	18296088	22357325	rs2266977	22328316
583	22	18296088	22357325	rs2266978	22328349
583	22	18296088	22357325	rs732466	22329747
583	22	18296088	22357325	rs239927	22330082
583	22	18296088	22357325	rs2266980	22332041
583	22	18296088	22357325	rs11703249	22333025
583	22	18296088	22357325	rs5756306	22333218
583	22	18296088	22357325	rs5756323	22334795
583	22	18296088	22357325	rs5756326	22335639
583	22	18296088	22357325	rs9607473	22336512
583	22	18296088	22357325	rs9607474	22336708
583	22	18296088	22357325	rs11705283	22339199
583	22	18296088	22357325	rs5995345	22342247
583	22	18296088	22357325	rs17821866	22342464
583	22	18296088	22357325	rs1866859	22343553
583	22	18296088	22357325	rs4821537	22344848
583	22	18296088	22357325	rs9607485	22345984
583	22	18296088	22357325	rs238775	22349088
583	22	18296088	22357325	rs5756378	22349965
583	22	18296088	22357325	rs5756386	22351183
583	22	18296088	22357325	rs5756388	22351365
583	22	18296088	22357325	rs12159264	22352038
583	22	18296088	22357325	rs1016547	22355368
583	22	18296088	22357325	rs1016548	22355496
584	22	22357325	26791628	rs6000509	22358201
584	22	22357325	26791628	rs61139	22360650
584	22	22357325	26791628	rs405698	22362353
584	22	22357325	26791628	rs404868	22368797
584	22	22357325	26791628	rs460715	22371638
584	22	22357325	26791628	rs9610872	22371734
584	22	22357325	26791628	rs9610881	22375001
584	22	22357325	26791628	rs1441033	22379067
584	22	22357325	26791628	rs436484	22381327
584	22	22357325	26791628	rs9610900	22386617
584	22	22357325	26791628	rs419893	22386829
584	22	22357325	26791628	rs409381	22388332
584	22	22357325	26791628	rs431733	22389011
584	22	22357325	26791628	rs381469	22391642
584	22	22357325	26791628	rs6000656	22392473
584	22	22357325	26791628	rs417417	22392885
584	22	22357325	26791628	rs365783	22394144
584	22	22357325	26791628	rs368014	22394743
584	22	22357325	26791628	rs4821629	22395035
584	22	22357325	26791628	rs2213141	22395754
584	22	22357325	26791628	rs5750426	22397024
584	22	22357325	26791628	rs11089871	22397055
584	22	22357325	26791628	rs986643	22397907
584	22	22357325	26791628	rs986645	22398127
584	22	22357325	26791628	rs986646	22398220
584	22	22357325	26791628	rs738865	22400423
584	22	22357325	26791628	rs4145409	22400890
584	22	22357325	26791628	rs4145410	22401006
584	22	22357325	26791628	rs5756660	22401170
584	22	22357325	26791628	rs1894239	22401536
584	22	22357325	26791628	rs13340040	22402103
584	22	22357325	26791628	rs5750432	22402940
584	22	22357325	26791628	rs1076852	22413165
584	22	22357325	26791628	rs735455	22413793
584	22	22357325	26791628	rs762470	22415546
584	22	22357325	26791628	rs762472	22416006
584	22	22357325	26791628	rs5756719	22416573
584	22	22357325	26791628	rs5756725	22417696
584	22	22357325	26791628	rs5756727	22417829
584	22	22357325	26791628	rs714973	22419105
584	22	22357325	26791628	rs7286238	22420124
584	22	22357325	26791628	rs6000820	22421249
584	22	22357325	26791628	rs17820611	22421873
584	22	22357325	26791628	rs4820291	22422274
584	22	22357325	26791628	rs6519111	22424302
584	22	22357325	26791628	rs4821680	22425493
584	22	22357325	26791628	rs5750465	22427023
584	22	22357325	26791628	rs9610967	22427124
584	22	22357325	26791628	rs7291026	22427420
584	22	22357325	26791628	rs9607545	22427605
584	22	22357325	26791628	rs9622817	22428363
584	22	22357325	26791628	rs7291954	22428873
584	22	22357325	26791628	rs6000857	22428972
584	22	22357325	26791628	rs4145417	22429868
584	22	22357325	26791628	rs5750469	22430229
584	22	22357325	26791628	rs5756765	22430811
584	22	22357325	26791628	rs928901	22430952
584	22	22357325	26791628	rs4821685	22431045
584	22	22357325	26791628	rs4821687	22433108
584	22	22357325	26791628	rs16982618	22433637
584	22	22357325	26791628	rs8139423	22434037
584	22	22357325	26791628	rs9610974	22434654
584	22	22357325	26791628	rs7285864	22434835
584	22	22357325	26791628	rs7284771	22434891
584	22	22357325	26791628	rs7284887	22434937
584	22	22357325	26791628	rs743529	22435843
584	22	22357325	26791628	rs5750487	22436162
584	22	22357325	26791628	rs2329928	22436180
584	22	22357325	26791628	rs5750488	22436273
584	22	22357325	26791628	rs16982689	22436319
584	22	22357325	26791628	rs2329929	22437341
584	22	22357325	26791628	rs5756807	22437655
584	22	22357325	26791628	rs5756808	22437729
584	22	22357325	26791628	rs737796	22438050
584	22	22357325	26791628	rs13058341	22438959
584	22	22357325	26791628	rs713638	22439105
584	22	22357325	26791628	rs713636	22439298
584	22	22357325	26791628	rs1894251	22440499
584	22	22357325	26791628	rs5750496	22440788
584	22	22357325	26791628	rs5750498	22441313
584	22	22357325	26791628	rs4821718	22444576
584	22	22357325	26791628	rs5756832	22446460
584	22	22357325	26791628	rs5756833	22446575
584	22	22357325	26791628	rs16983057	22454680
584	22	22357325	26791628	rs16983062	22454725
584	22	22357325	26791628	rs16983131	22456675
584	22	22357325	26791628	rs5756862	22457412
584	22	22357325	26791628	rs7290065	22457546
584	22	22357325	26791628	rs7287024	22459157
584	22	22357325	26791628	rs5750526	22465544
584	22	22357325	26791628	rs5756895	22467906
584	22	22357325	26791628	rs2282670	22473054
584	22	22357325	26791628	rs4820327	22484348
584	22	22357325	26791628	rs7291227	22489623
584	22	22357325	26791628	rs9611098	22493026
584	22	22357325	26791628	rs2213161	22497398
584	22	22357325	26791628	rs4145535	22498374
584	22	22357325	26791628	rs5750601	22498789
584	22	22357325	26791628	rs9622968	22499309
584	22	22357325	26791628	rs16984390	22499394
584	22	22357325	26791628	rs5757080	22500272
584	22	22357325	26791628	rs738902	22502179
584	22	22357325	26791628	rs6001121	22503898
584	22	22357325	26791628	rs6001122	22504946
584	22	22357325	26791628	rs5995576	22505322
584	22	22357325	26791628	rs16984675	22508432
584	22	22357325	26791628	rs9306334	22509601
584	22	22357325	26791628	rs4821790	22511370
584	22	22357325	26791628	rs987710	22512415
584	22	22357325	26791628	rs9619811	22513579
584	22	22357325	26791628	rs5757123	22514424
584	22	22357325	26791628	rs737842	22517205
584	22	22357325	26791628	rs2073454	22517479
584	22	22357325	26791628	rs5757137	22517878
584	22	22357325	26791628	rs5757155	22519771
584	22	22357325	26791628	rs4239891	22520067
584	22	22357325	26791628	rs4821794	22520725
584	22	22357325	26791628	rs4820339	22521158
584	22	22357325	26791628	rs743517	22521525
584	22	22357325	26791628	rs743518	22522265
584	22	22357325	26791628	rs5757168	22522863
584	22	22357325	26791628	rs5757170	22522882
584	22	22357325	26791628	rs5757171	22522984
584	22	22357325	26791628	rs4821796	22523687
584	22	22357325	26791628	rs5757186	22524651
584	22	22357325	26791628	rs16985150	22525600
584	22	22357325	26791628	rs5757246	22531525
584	22	22357325	26791628	rs5757247	22531572
584	22	22357325	26791628	rs1076851	22531828
584	22	22357325	26791628	rs743520	22532639
584	22	22357325	26791628	rs4991799	22533328
584	22	22357325	26791628	rs4991801	22533348
584	22	22357325	26791628	rs5750674	22533579
584	22	22357325	26791628	rs9607653	22534867
584	22	22357325	26791628	rs713644	22535137
584	22	22357325	26791628	rs4145536	22536846
584	22	22357325	26791628	rs6001217	22538194
584	22	22357325	26791628	rs7291684	22538224
584	22	22357325	26791628	rs6001219	22538738
584	22	22357325	26791628	rs9623019	22539076
584	22	22357325	26791628	rs5995615	22539640
584	22	22357325	26791628	rs928894	22540272
584	22	22357325	26791628	rs928896	22540319
584	22	22357325	26791628	rs6001224	22540432
584	22	22357325	26791628	rs5995616	22541057
584	22	22357325	26791628	rs6001229	22542083
584	22	22357325	26791628	rs1543779	22548492
584	22	22357325	26791628	rs7293219	22548831
584	22	22357325	26791628	rs5995628	22549168
584	22	22357325	26791628	rs2073446	22550078
584	22	22357325	26791628	rs2073448	22550510
584	22	22357325	26791628	rs5757346	22551935
584	22	22357325	26791628	rs2330020	22555078
584	22	22357325	26791628	rs2330025	22555561
584	22	22357325	26791628	rs1008560	22557954
584	22	22357325	26791628	rs4821846	22558460
584	22	22357325	26791628	rs7364255	22559747
584	22	22357325	26791628	rs1557492	22560489
584	22	22357325	26791628	rs9623076	22560977
584	22	22357325	26791628	rs2187581	22561368
584	22	22357325	26791628	rs2040345	22561973
584	22	22357325	26791628	rs7287401	22562874
584	22	22357325	26791628	rs6001408	22568901
584	22	22357325	26791628	rs12159423	22573637
584	22	22357325	26791628	rs6001474	22579801
584	22	22357325	26791628	rs12628686	22579822
584	22	22357325	26791628	rs5757512	22580314
584	22	22357325	26791628	rs5757568	22583571
584	22	22357325	26791628	rs5750778	22584255
584	22	22357325	26791628	rs8141482	22584809
584	22	22357325	26791628	rs7286018	22590873
584	22	22357325	26791628	rs1573600	22593041
584	22	22357325	26791628	rs11089978	22599216
584	22	22357325	26791628	rs9619852	22599380
584	22	22357325	26791628	rs1320	22599537
584	22	22357325	26791628	rs5995720	22599705
584	22	22357325	26791628	rs6001563	22599764
584	22	22357325	26791628	rs2285019	22599808
584	22	22357325	26791628	rs10854726	22600210
584	22	22357325	26791628	rs5750807	22600912
584	22	22357325	26791628	rs5757691	22609828
584	22	22357325	26791628	rs4277621	22670011
584	22	22357325	26791628	rs1541312	22670081
584	22	22357325	26791628	rs3819309	22681765
584	22	22357325	26791628	rs11702992	22685340
584	22	22357325	26791628	rs5757912	22694313
584	22	22357325	26791628	rs5757913	22694382
584	22	22357325	26791628	rs6001881	22694486
584	22	22357325	26791628	rs5757914	22694656
584	22	22357325	26791628	rs8140634	22697014
584	22	22357325	26791628	rs1034362	22706190
584	22	22357325	26791628	rs4395341	22706563
584	22	22357325	26791628	rs17578409	22710758
584	22	22357325	26791628	rs736898	22711786
584	22	22357325	26791628	rs9680758	22717809
584	22	22357325	26791628	rs7288435	22718951
584	22	22357325	26791628	rs16987792	22726670
584	22	22357325	26791628	rs8140331	22729183
584	22	22357325	26791628	rs6002026	22731758
584	22	22357325	26791628	rs6002030	22732213
584	22	22357325	26791628	rs6519260	22733401
584	22	22357325	26791628	rs1477442	22734158
584	22	22357325	26791628	rs7284345	22736291
584	22	22357325	26791628	rs5750997	22745112
584	22	22357325	26791628	rs435415	22745525
584	22	22357325	26791628	rs387756	22748498
584	22	22357325	26791628	rs5995959	22750190
584	22	22357325	26791628	rs5758117	22751104
584	22	22357325	26791628	rs2051489	22762651
584	22	22357325	26791628	rs7286936	22775415
584	22	22357325	26791628	rs16988279	22779652
584	22	22357325	26791628	rs7285621	22797239
584	22	22357325	26791628	rs1894242	22806795
584	22	22357325	26791628	rs1076108	22817621
584	22	22357325	26791628	rs16988712	22820934
584	22	22357325	26791628	rs377976	22831235
584	22	22357325	26791628	rs403517	22833756
584	22	22357325	26791628	rs414781	22839096
584	22	22357325	26791628	rs398182	22839424
584	22	22357325	26791628	rs5758470	22841102
584	22	22357325	26791628	rs11109	22842206
584	22	22357325	26791628	rs2236729	22842957
584	22	22357325	26791628	rs5758484	22844639
584	22	22357325	26791628	rs5751168	22845240
584	22	22357325	26791628	rs965764	22848528
584	22	22357325	26791628	rs2330097	22860580
584	22	22357325	26791628	rs362139	22861527
584	22	22357325	26791628	rs361901	22861994
584	22	22357325	26791628	rs361676	22862042
584	22	22357325	26791628	rs7290828	22863779
584	22	22357325	26791628	rs5996102	22866423
584	22	22357325	26791628	rs3747098	22890066
584	22	22357325	26791628	rs8405	22890270
584	22	22357325	26791628	rs2073725	22891308
584	22	22357325	26791628	rs2266991	22902952
584	22	22357325	26791628	rs4822138	22910416
584	22	22357325	26791628	rs4820469	22911060
584	22	22357325	26791628	rs4822154	22913629
584	22	22357325	26791628	rs6002823	22922888
584	22	22357325	26791628	rs5758828	22924995
584	22	22357325	26791628	rs5751346	22931688
584	22	22357325	26791628	rs5758942	22939903
584	22	22357325	26791628	rs4306796	22944153
584	22	22357325	26791628	rs5758984	22945890
584	22	22357325	26791628	rs4822229	22953644
584	22	22357325	26791628	rs5759050	22955296
584	22	22357325	26791628	rs5759061	22957510
584	22	22357325	26791628	rs5759068	22958868
584	22	22357325	26791628	rs8141949	22998124
584	22	22357325	26791628	rs6003182	22998633
584	22	22357325	26791628	rs6003185	23000030
584	22	22357325	26791628	rs11912442	23000753
584	22	22357325	26791628	rs456455	23001481
584	22	22357325	26791628	rs455578	23002699
584	22	22357325	26791628	rs4481090	23012709
584	22	22357325	26791628	rs2330132	23013007
584	22	22357325	26791628	rs433466	23027809
584	22	22357325	26791628	rs5751511	23032448
584	22	22357325	26791628	rs5759373	23036105
584	22	22357325	26791628	rs9623882	23054614
584	22	22357325	26791628	rs2164667	23056462
584	22	22357325	26791628	rs8140385	23060694
584	22	22357325	26791628	rs6003301	23121132
584	22	22357325	26791628	rs12171150	23240027
584	22	22357325	26791628	rs2854095	23249040
584	22	22357325	26791628	rs1475930	23250737
584	22	22357325	26791628	rs464805	23251857
584	22	22357325	26791628	rs2854096	23255525
584	22	22357325	26791628	rs2854097	23255556
584	22	22357325	26791628	rs2854098	23255869
584	22	22357325	26791628	rs370534	23257051
584	22	22357325	26791628	rs390407	23258231
584	22	22357325	26791628	rs451115	23258369
584	22	22357325	26791628	rs6003388	23258438
584	22	22357325	26791628	rs364402	23258994
584	22	22357325	26791628	rs6003389	23259859
584	22	22357325	26791628	rs5996419	23261330
584	22	22357325	26791628	rs11090195	23262360
584	22	22357325	26791628	rs737885	23263708
584	22	22357325	26791628	rs394409	23266118
584	22	22357325	26791628	rs406696	23268052
584	22	22357325	26791628	rs5759535	23268390
584	22	22357325	26791628	rs374167	23268511
584	22	22357325	26791628	rs8135996	23271250
584	22	22357325	26791628	rs403478	23272656
584	22	22357325	26791628	rs429942	23275227
584	22	22357325	26791628	rs5759540	23275341
584	22	22357325	26791628	rs436599	23276421
584	22	22357325	26791628	rs4822351	23276454
584	22	22357325	26791628	rs463235	23278593
584	22	22357325	26791628	rs7288450	23278613
584	22	22357325	26791628	rs8139942	23279385
584	22	22357325	26791628	rs2188131	23281596
584	22	22357325	26791628	rs469120	23282877
584	22	22357325	26791628	rs455929	23283083
584	22	22357325	26791628	rs469412	23283219
584	22	22357325	26791628	rs915614	23284996
584	22	22357325	26791628	rs2012607	23285252
584	22	22357325	26791628	rs6003397	23288557
584	22	22357325	26791628	rs6003402	23291081
584	22	22357325	26791628	rs9623979	23291613
584	22	22357325	26791628	rs11705658	23292407
584	22	22357325	26791628	rs9612177	23297877
584	22	22357325	26791628	rs1892724	23299622
584	22	22357325	26791628	rs915613	23299769
584	22	22357325	26791628	rs2013551	23301330
584	22	22357325	26791628	rs9620193	23304323
584	22	22357325	26791628	rs877728	23315906
584	22	22357325	26791628	rs2213953	23320339
584	22	22357325	26791628	rs765744	23324839
584	22	22357325	26791628	rs6003438	23326827
584	22	22357325	26791628	rs6003439	23327745
584	22	22357325	26791628	rs13053230	23335538
584	22	22357325	26791628	rs11913797	23337705
584	22	22357325	26791628	rs6003445	23338211
584	22	22357325	26791628	rs6003446	23338503
584	22	22357325	26791628	rs6003447	23339200
584	22	22357325	26791628	rs6003452	23344094
584	22	22357325	26791628	rs7285399	23345164
584	22	22357325	26791628	rs7285534	23346497
584	22	22357325	26791628	rs9306382	23350873
584	22	22357325	26791628	rs2330333	23352933
584	22	22357325	26791628	rs5996446	23356738
584	22	22357325	26791628	rs882512	23363429
584	22	22357325	26791628	rs876101	23364370
584	22	22357325	26791628	rs4300938	23364587
584	22	22357325	26791628	rs1297466	23366305
584	22	22357325	26791628	rs6003472	23369826
584	22	22357325	26791628	rs6003475	23372142
584	22	22357325	26791628	rs6003478	23374143
584	22	22357325	26791628	rs5996453	23374206
584	22	22357325	26791628	rs5996455	23379255
584	22	22357325	26791628	rs6003482	23379362
584	22	22357325	26791628	rs6003484	23379985
584	22	22357325	26791628	rs4434089	23383863
584	22	22357325	26791628	rs875602	23395684
584	22	22357325	26791628	rs756634	23398638
584	22	22357325	26791628	rs6003495	23399743
584	22	22357325	26791628	rs13054331	23407063
584	22	22357325	26791628	rs9624019	23407301
584	22	22357325	26791628	rs9608071	23408118
584	22	22357325	26791628	rs3788337	23412017
584	22	22357325	26791628	rs5751574	23416005
584	22	22357325	26791628	rs3788339	23417677
584	22	22357325	26791628	rs3788341	23417758
584	22	22357325	26791628	rs5759580	23422052
584	22	22357325	26791628	rs3827315	23422890
584	22	22357325	26791628	rs3788342	23423107
584	22	22357325	26791628	rs3788343	23423247
584	22	22357325	26791628	rs5751579	23429224
584	22	22357325	26791628	rs6519411	23430410
584	22	22357325	26791628	rs4820536	23431347
584	22	22357325	26791628	rs6003502	23432234
584	22	22357325	26791628	rs5751583	23434327
584	22	22357325	26791628	rs874138	23439530
584	22	22357325	26791628	rs2266997	23445083
584	22	22357325	26791628	rs2266998	23446386
584	22	22357325	26791628	rs2330338	23449955
584	22	22357325	26791628	rs2283802	23454722
584	22	22357325	26791628	rs2267000	23455366
584	22	22357325	26791628	rs756631	23463183
584	22	22357325	26791628	rs4820537	23464810
584	22	22357325	26791628	rs1051875	23466031
584	22	22357325	26791628	rs3788347	23467804
584	22	22357325	26791628	rs756632	23469918
584	22	22357325	26791628	rs4822357	23473231
584	22	22357325	26791628	rs13055979	23474085
584	22	22357325	26791628	rs5751589	23475762
584	22	22357325	26791628	rs4820539	23477970
584	22	22357325	26791628	rs5759598	23480962
584	22	22357325	26791628	rs4822360	23482460
584	22	22357325	26791628	rs4822361	23482718
584	22	22357325	26791628	rs4822362	23482744
584	22	22357325	26791628	rs5751591	23489042
584	22	22357325	26791628	rs5759602	23489362
584	22	22357325	26791628	rs2283804	23490335
584	22	22357325	26791628	rs2267006	23490990
584	22	22357325	26791628	rs4822363	23491000
584	22	22357325	26791628	rs9612248	23492236
584	22	22357325	26791628	rs5759603	23494833
584	22	22357325	26791628	rs2301555	23494904
584	22	22357325	26791628	rs5751592	23497674
584	22	22357325	26791628	rs2267007	23502478
584	22	22357325	26791628	rs5759608	23502708
584	22	22357325	26791628	rs9612252	23502987
584	22	22357325	26791628	rs5759611	23503121
584	22	22357325	26791628	rs5759612	23503170
584	22	22357325	26791628	rs5759614	23503266
584	22	22357325	26791628	rs5759615	23503319
584	22	22357325	26791628	rs713682	23503651
584	22	22357325	26791628	rs737818	23503756
584	22	22357325	26791628	rs737819	23503819
584	22	22357325	26791628	rs4820541	23504405
584	22	22357325	26791628	rs5751593	23504658
584	22	22357325	26791628	rs5759619	23504862
584	22	22357325	26791628	rs5759620	23504916
584	22	22357325	26791628	rs5759621	23504959
584	22	22357325	26791628	rs1807460	23505934
584	22	22357325	26791628	rs8142746	23505952
584	22	22357325	26791628	rs5759624	23510804
584	22	22357325	26791628	rs5759631	23519046
584	22	22357325	26791628	rs3761418	23521094
584	22	22357325	26791628	rs5751603	23525082
584	22	22357325	26791628	rs2267009	23530168
584	22	22357325	26791628	rs4820542	23532031
584	22	22357325	26791628	rs2267010	23534366
584	22	22357325	26791628	rs5759636	23538698
584	22	22357325	26791628	rs2071431	23540414
584	22	22357325	26791628	rs4822371	23540609
584	22	22357325	26791628	rs2071436	23541488
584	22	22357325	26791628	rs2267013	23545879
584	22	22357325	26791628	rs2256725	23562891
584	22	22357325	26791628	rs2267016	23563980
584	22	22357325	26791628	rs5751611	23566019
584	22	22357325	26791628	rs762601	23568858
584	22	22357325	26791628	rs2156921	23569063
584	22	22357325	26791628	rs1010609	23574494
584	22	22357325	26791628	rs4822375	23575642
584	22	22357325	26791628	rs1004040	23585132
584	22	22357325	26791628	rs5751613	23587894
584	22	22357325	26791628	rs2267018	23588193
584	22	22357325	26791628	rs5751614	23593051
584	22	22357325	26791628	rs140500	23597030
584	22	22357325	26791628	rs928781	23600013
584	22	22357325	26791628	rs5759666	23602342
584	22	22357325	26791628	rs5759668	23606384
584	22	22357325	26791628	rs9612270	23612024
584	22	22357325	26791628	rs743584	23612498
584	22	22357325	26791628	rs9612272	23614026
584	22	22357325	26791628	rs140503	23614625
584	22	22357325	26791628	rs5759671	23615346
584	22	22357325	26791628	rs12233352	23615801
584	22	22357325	26791628	rs3788358	23616355
584	22	22357325	26791628	rs12166802	23616433
584	22	22357325	26791628	rs7289192	23618804
584	22	22357325	26791628	rs5759676	23621387
584	22	22357325	26791628	rs7288846	23623284
584	22	22357325	26791628	rs9624074	23625330
584	22	22357325	26791628	rs11912657	23625550
584	22	22357325	26791628	rs11912682	23625655
584	22	22357325	26791628	rs8139664	23626081
584	22	22357325	26791628	rs140504	23627369
584	22	22357325	26791628	rs5759681	23629552
584	22	22357325	26791628	rs7291469	23629856
584	22	22357325	26791628	rs11090228	23631639
584	22	22357325	26791628	rs140506	23632333
584	22	22357325	26791628	rs16802	23632513
584	22	22357325	26791628	rs5759683	23632636
584	22	22357325	26791628	rs131678	23633252
584	22	22357325	26791628	rs2267022	23633473
584	22	22357325	26791628	rs3788360	23633842
584	22	22357325	26791628	rs2267023	23636118
584	22	22357325	26791628	rs2267025	23636541
584	22	22357325	26791628	rs2239666	23637200
584	22	22357325	26791628	rs17540103	23638025
584	22	22357325	26791628	rs5759686	23638635
584	22	22357325	26791628	rs6003605	23643212
584	22	22357325	26791628	rs5759691	23643530
584	22	22357325	26791628	rs12168342	23644425
584	22	22357325	26791628	rs4822378	23644677
584	22	22357325	26791628	rs9608102	23644794
584	22	22357325	26791628	rs131682	23645414
584	22	22357325	26791628	rs4822379	23645718
584	22	22357325	26791628	rs131690	23648009
584	22	22357325	26791628	rs131693	23649242
584	22	22357325	26791628	rs131702	23650987
584	22	22357325	26791628	rs5759698	23654436
584	22	22357325	26791628	rs5759716	23666379
584	22	22357325	26791628	rs5759717	23667731
584	22	22357325	26791628	rs5751636	23676895
584	22	22357325	26791628	rs11090233	23690325
584	22	22357325	26791628	rs6003638	23690388
584	22	22357325	26791628	rs8139654	23692738
584	22	22357325	26791628	rs12165974	23693911
584	22	22357325	26791628	rs4820550	23695404
584	22	22357325	26791628	rs6003643	23698819
584	22	22357325	26791628	rs738776	23699269
584	22	22357325	26791628	rs6003645	23700639
584	22	22357325	26791628	rs5759742	23700907
584	22	22357325	26791628	rs6003648	23701350
584	22	22357325	26791628	rs6003649	23701395
584	22	22357325	26791628	rs9612334	23708020
584	22	22357325	26791628	rs5996528	23708833
584	22	22357325	26791628	rs5996529	23712647
584	22	22357325	26791628	rs9620258	23713809
584	22	22357325	26791628	rs762260	23717005
584	22	22357325	26791628	rs5751639	23717171
584	22	22357325	26791628	rs6003668	23717650
584	22	22357325	26791628	rs5759748	23717987
584	22	22357325	26791628	rs12168012	23718276
584	22	22357325	26791628	rs5759750	23720269
584	22	22357325	26791628	rs5019659	23720420
584	22	22357325	26791628	rs5759751	23720584
584	22	22357325	26791628	rs5759753	23720661
584	22	22357325	26791628	rs5759758	23723050
584	22	22357325	26791628	rs9612340	23723721
584	22	22357325	26791628	rs4822392	23729698
584	22	22357325	26791628	rs7349056	23731801
584	22	22357325	26791628	rs6003682	23733159
584	22	22357325	26791628	rs17542290	23734015
584	22	22357325	26791628	rs5996534	23739533
584	22	22357325	26791628	rs2003752	23742105
584	22	22357325	26791628	rs743356	23742709
584	22	22357325	26791628	rs9612343	23747079
584	22	22357325	26791628	rs4822397	23750847
584	22	22357325	26791628	rs13056375	23752398
584	22	22357325	26791628	rs4822398	23753059
584	22	22357325	26791628	rs6003692	23753105
584	22	22357325	26791628	rs2330452	23754578
584	22	22357325	26791628	rs5996540	23756423
584	22	22357325	26791628	rs4822405	23757078
584	22	22357325	26791628	rs4822406	23757964
584	22	22357325	26791628	rs5751652	23759573
584	22	22357325	26791628	rs8141822	23760139
584	22	22357325	26791628	rs2330456	23761236
584	22	22357325	26791628	rs2017342	23761356
584	22	22357325	26791628	rs2017377	23761660
584	22	22357325	26791628	rs8138381	23762264
584	22	22357325	26791628	rs5759794	23762646
584	22	22357325	26791628	rs8138134	23762667
584	22	22357325	26791628	rs5751654	23763114
584	22	22357325	26791628	rs9612352	23763969
584	22	22357325	26791628	rs6003705	23765953
584	22	22357325	26791628	rs6003709	23774625
584	22	22357325	26791628	rs5759811	23788591
584	22	22357325	26791628	rs8139275	23789488
584	22	22357325	26791628	rs5751670	23793801
584	22	22357325	26791628	rs2000463	23803722
584	22	22357325	26791628	rs6519442	23813258
584	22	22357325	26791628	rs12169718	23815573
584	22	22357325	26791628	rs4822416	23816428
584	22	22357325	26791628	rs5759839	23817240
584	22	22357325	26791628	rs5759841	23817414
584	22	22357325	26791628	rs7289380	23817486
584	22	22357325	26791628	rs5759844	23817891
584	22	22357325	26791628	rs2330498	23819697
584	22	22357325	26791628	rs5996555	23820990
584	22	22357325	26791628	rs131305	23826549
584	22	22357325	26791628	rs140154	23826675
584	22	22357325	26791628	rs7290879	23826866
584	22	22357325	26791628	rs140152	23827304
584	22	22357325	26791628	rs17002022	23827584
584	22	22357325	26791628	rs4822418	23829461
584	22	22357325	26791628	rs6003740	23829623
584	22	22357325	26791628	rs131321	23834440
584	22	22357325	26791628	rs17543753	23834889
584	22	22357325	26791628	rs140156	23835039
584	22	22357325	26791628	rs9612361	23839091
584	22	22357325	26791628	rs131345	23841356
584	22	22357325	26791628	rs5996564	23843439
584	22	22357325	26791628	rs131349	23843675
584	22	22357325	26791628	rs140161	23845547
584	22	22357325	26791628	rs5759855	23849044
584	22	22357325	26791628	rs5759858	23849802
584	22	22357325	26791628	rs6003752	23851701
584	22	22357325	26791628	rs4822422	23852494
584	22	22357325	26791628	rs6003756	23853571
584	22	22357325	26791628	rs5996566	23853909
584	22	22357325	26791628	rs738781	23854282
584	22	22357325	26791628	rs915583	23854860
584	22	22357325	26791628	rs1811021	23854964
584	22	22357325	26791628	rs2330512	23855154
584	22	22357325	26791628	rs5759867	23855522
584	22	22357325	26791628	rs5759868	23855657
584	22	22357325	26791628	rs131356	23860188
584	22	22357325	26791628	rs179290	23860255
584	22	22357325	26791628	rs131357	23860506
584	22	22357325	26791628	rs5751691	23866318
584	22	22357325	26791628	rs4822423	23867924
584	22	22357325	26791628	rs131382	23869130
584	22	22357325	26791628	rs131384	23869391
584	22	22357325	26791628	rs2330514	23869784
584	22	22357325	26791628	rs9612370	23871042
584	22	22357325	26791628	rs131387	23871201
584	22	22357325	26791628	rs9612371	23871825
584	22	22357325	26791628	rs131390	23872195
584	22	22357325	26791628	rs4820556	23872936
584	22	22357325	26791628	rs9624207	23881587
584	22	22357325	26791628	rs7364197	23887749
584	22	22357325	26791628	rs131408	23890836
584	22	22357325	26791628	rs131409	23891107
584	22	22357325	26791628	rs179306	23894697
584	22	22357325	26791628	rs179307	23895043
584	22	22357325	26791628	rs17002476	23895625
584	22	22357325	26791628	rs17002478	23895789
584	22	22357325	26791628	rs8138979	23910746
584	22	22357325	26791628	rs107017	23912723
584	22	22357325	26791628	rs5996577	23921427
584	22	22357325	26791628	rs2282474	23921581
584	22	22357325	26791628	rs9624216	23922552
584	22	22357325	26791628	rs131422	23923425
584	22	22357325	26791628	rs12627824	23925335
584	22	22357325	26791628	rs131429	23925779
584	22	22357325	26791628	rs131430	23927134
584	22	22357325	26791628	rs7287616	23929852
584	22	22357325	26791628	rs11090262	23930279
584	22	22357325	26791628	rs9612385	23932181
584	22	22357325	26791628	rs131433	23933452
584	22	22357325	26791628	rs17002697	23934025
584	22	22357325	26791628	rs6003807	23934030
584	22	22357325	26791628	rs3747125	23937732
584	22	22357325	26791628	rs7288250	23938204
584	22	22357325	26791628	rs4820559	23940991
584	22	22357325	26791628	rs11090264	23945369
584	22	22357325	26791628	rs2154592	23947352
584	22	22357325	26791628	rs9612389	23949555
584	22	22357325	26791628	rs2298372	23950646
584	22	22357325	26791628	rs17545261	23951753
584	22	22357325	26791628	rs9624230	23952627
584	22	22357325	26791628	rs17627963	23955765
584	22	22357325	26791628	rs6003815	23960187
584	22	22357325	26791628	rs12484556	23962404
584	22	22357325	26791628	rs9680742	23966720
584	22	22357325	26791628	rs12167140	23971028
584	22	22357325	26791628	rs12170399	23972141
584	22	22357325	26791628	rs17002910	23973725
584	22	22357325	26791628	rs3747102	23973849
584	22	22357325	26791628	rs3827318	23974200
584	22	22357325	26791628	rs9306387	23979219
584	22	22357325	26791628	rs10427870	23979342
584	22	22357325	26791628	rs16994633	23980868
584	22	22357325	26791628	rs11703537	23983422
584	22	22357325	26791628	rs6003824	23993051
584	22	22357325	26791628	rs6003826	23993358
584	22	22357325	26791628	rs3747106	23995213
584	22	22357325	26791628	rs6519460	23996463
584	22	22357325	26791628	rs5759940	24001643
584	22	22357325	26791628	rs7289879	24001837
584	22	22357325	26791628	rs5751705	24002030
584	22	22357325	26791628	rs2330555	24013288
584	22	22357325	26791628	rs12157657	24014229
584	22	22357325	26791628	rs1109403	24016138
584	22	22357325	26791628	rs10427834	24020575
584	22	22357325	26791628	rs5751708	24022307
584	22	22357325	26791628	rs738785	24022631
584	22	22357325	26791628	rs2330579	24024430
584	22	22357325	26791628	rs3747110	24024815
584	22	22357325	26791628	rs11090280	24028412
584	22	22357325	26791628	rs5751710	24028627
584	22	22357325	26791628	rs8140340	24029646
584	22	22357325	26791628	rs6003842	24030367
584	22	22357325	26791628	rs2070445	24030907
584	22	22357325	26791628	rs7287369	24032015
584	22	22357325	26791628	rs5751713	24033466
584	22	22357325	26791628	rs5751714	24033486
584	22	22357325	26791628	rs17629631	24033869
584	22	22357325	26791628	rs738786	24034288
584	22	22357325	26791628	rs2070446	24035970
584	22	22357325	26791628	rs2070447	24036563
584	22	22357325	26791628	rs2070448	24036657
584	22	22357325	26791628	rs12170464	24037306
584	22	22357325	26791628	rs1007298	24038847
584	22	22357325	26791628	rs6003847	24047657
584	22	22357325	26791628	rs6003849	24049993
584	22	22357325	26791628	rs17629956	24050471
584	22	22357325	26791628	rs9608174	24052031
584	22	22357325	26791628	rs915587	24055942
584	22	22357325	26791628	rs2070444	24056537
584	22	22357325	26791628	rs8143019	24057485
584	22	22357325	26791628	rs2330580	24061698
584	22	22357325	26791628	rs736860	24079243
584	22	22357325	26791628	rs9612413	24083873
584	22	22357325	26791628	rs17630135	24085252
584	22	22357325	26791628	rs2067621	24085854
584	22	22357325	26791628	rs5759985	24086107
584	22	22357325	26791628	rs2070451	24087319
584	22	22357325	26791628	rs5759986	24088324
584	22	22357325	26791628	rs2070452	24094836
584	22	22357325	26791628	rs2070453	24096400
584	22	22357325	26791628	rs2070454	24096674
584	22	22357325	26791628	rs1076123	24096783
584	22	22357325	26791628	rs9612418	24097015
584	22	22357325	26791628	rs5759997	24099143
584	22	22357325	26791628	rs9612422	24102408
584	22	22357325	26791628	rs2298375	24106448
584	22	22357325	26791628	rs131442	24108977
584	22	22357325	26791628	rs131444	24109550
584	22	22357325	26791628	rs131445	24111044
584	22	22357325	26791628	rs131451	24113544
584	22	22357325	26791628	rs738791	24117525
584	22	22357325	26791628	rs2267029	24117916
584	22	22357325	26791628	rs738792	24121378
584	22	22357325	26791628	rs28382576	24125892
584	22	22357325	26791628	rs2073387	24129005
584	22	22357325	26791628	rs2073390	24133570
584	22	22357325	26791628	rs5760022	24134394
584	22	22357325	26791628	rs17630758	24136542
584	22	22357325	26791628	rs5760023	24138301
584	22	22357325	26791628	rs738796	24142523
584	22	22357325	26791628	rs17003912	24145809
584	22	22357325	26791628	rs9620326	24146629
584	22	22357325	26791628	rs11912715	24147595
584	22	22357325	26791628	rs2267032	24148273
584	22	22357325	26791628	rs5760045	24155614
584	22	22357325	26791628	rs738798	24158149
584	22	22357325	26791628	rs738800	24158315
584	22	22357325	26791628	rs2073391	24158573
584	22	22357325	26791628	rs2070457	24158899
584	22	22357325	26791628	rs2073395	24159620
584	22	22357325	26791628	rs9608196	24163081
584	22	22357325	26791628	rs2186370	24171305
584	22	22357325	26791628	rs6003904	24173394
584	22	22357325	26791628	rs5760060	24174303
584	22	22357325	26791628	rs9612480	24174335
584	22	22357325	26791628	rs9612481	24174510
584	22	22357325	26791628	rs17003993	24175101
584	22	22357325	26791628	rs2267044	24175208
584	22	22357325	26791628	rs5760061	24178279
584	22	22357325	26791628	rs1128127	24179132
584	22	22357325	26791628	rs9612485	24179502
584	22	22357325	26791628	rs6003907	24180449
584	22	22357325	26791628	rs6003909	24181652
584	22	22357325	26791628	rs6519476	24182500
584	22	22357325	26791628	rs2070464	24183875
584	22	22357325	26791628	rs5751749	24184850
584	22	22357325	26791628	rs6003913	24186623
584	22	22357325	26791628	rs6003914	24186637
584	22	22357325	26791628	rs5760065	24186723
584	22	22357325	26791628	rs5760066	24187820
584	22	22357325	26791628	rs738802	24192081
584	22	22357325	26791628	rs738803	24192879
584	22	22357325	26791628	rs738804	24193103
584	22	22357325	26791628	rs5760071	24194941
584	22	22357325	26791628	rs17637865	24199519
584	22	22357325	26791628	rs16986337	24199704
584	22	22357325	26791628	rs17550765	24203746
584	22	22357325	26791628	rs9620328	24203799
584	22	22357325	26791628	rs4822441	24206355
584	22	22357325	26791628	rs2330625	24207962
584	22	22357325	26791628	rs4428104	24210050
584	22	22357325	26791628	rs1018743	24211980
584	22	22357325	26791628	rs11913427	24212826
584	22	22357325	26791628	rs12157360	24217449
584	22	22357325	26791628	rs17004024	24220160
584	22	22357325	26791628	rs4822442	24221295
584	22	22357325	26791628	rs2236619	24222606
584	22	22357325	26791628	rs2236620	24222710
584	22	22357325	26791628	rs2236621	24222744
584	22	22357325	26791628	rs2070460	24226242
584	22	22357325	26791628	rs6003939	24227246
584	22	22357325	26791628	rs1129067	24228125
584	22	22357325	26791628	rs9612503	24232875
584	22	22357325	26791628	rs915591	24233462
584	22	22357325	26791628	rs5760090	24233592
584	22	22357325	26791628	rs12628766	24233914
584	22	22357325	26791628	rs875643	24233998
584	22	22357325	26791628	rs738806	24234172
584	22	22357325	26791628	rs738807	24234245
584	22	22357325	26791628	rs5751759	24234493
584	22	22357325	26791628	rs2012124	24234664
584	22	22357325	26791628	rs4822443	24235198
584	22	22357325	26791628	rs2000466	24237862
584	22	22357325	26791628	rs6003942	24239065
584	22	22357325	26791628	rs17004046	24240304
584	22	22357325	26791628	rs5760093	24240340
584	22	22357325	26791628	rs1007888	24241101
584	22	22357325	26791628	rs2000467	24241533
584	22	22357325	26791628	rs17004049	24241594
584	22	22357325	26791628	rs2000468	24241611
584	22	22357325	26791628	rs11703791	24241984
584	22	22357325	26791628	rs4820571	24242973
584	22	22357325	26791628	rs5751760	24243573
584	22	22357325	26791628	rs5751761	24243736
584	22	22357325	26791628	rs11703881	24245592
584	22	22357325	26791628	rs11913559	24247073
584	22	22357325	26791628	rs5760095	24247293
584	22	22357325	26791628	rs5760096	24247310
584	22	22357325	26791628	rs4822451	24248166
584	22	22357325	26791628	rs5760098	24248314
584	22	22357325	26791628	rs7293178	24248370
584	22	22357325	26791628	rs5760101	24248712
584	22	22357325	26791628	rs5760102	24248761
584	22	22357325	26791628	rs1018744	24249091
584	22	22357325	26791628	rs5760106	24250645
584	22	22357325	26791628	rs17004053	24250835
584	22	22357325	26791628	rs2330635	24251344
584	22	22357325	26791628	rs5751770	24252842
584	22	22357325	26791628	rs2154594	24254055
584	22	22357325	26791628	rs2186366	24254113
584	22	22357325	26791628	rs1002286	24257337
584	22	22357325	26791628	rs8138536	24260743
584	22	22357325	26791628	rs915590	24261143
584	22	22357325	26791628	rs6003959	24264395
584	22	22357325	26791628	rs4822458	24265659
584	22	22357325	26791628	rs4822461	24268120
584	22	22357325	26791628	rs1892714	24269358
584	22	22357325	26791628	rs1892715	24269430
584	22	22357325	26791628	rs6003970	24270733
584	22	22357325	26791628	rs5996635	24270777
584	22	22357325	26791628	rs2739338	24297130
584	22	22357325	26791628	rs5742303	24299147
584	22	22357325	26791628	rs9624364	24311474
584	22	22357325	26791628	rs4822466	24312204
584	22	22357325	26791628	rs1006771	24314006
584	22	22357325	26791628	rs140289	24336327
584	22	22357325	26791628	rs6004011	24338071
584	22	22357325	26791628	rs5760176	24402321
584	22	22357325	26791628	rs405597	24404578
584	22	22357325	26791628	rs738809	24405492
584	22	22357325	26791628	rs422674	24406778
584	22	22357325	26791628	rs11090305	24407483
584	22	22357325	26791628	rs6004041	24419426
584	22	22357325	26791628	rs9624387	24420128
584	22	22357325	26791628	rs6004045	24423790
584	22	22357325	26791628	rs2267051	24427825
584	22	22357325	26791628	rs873833	24427878
584	22	22357325	26791628	rs4822470	24428001
584	22	22357325	26791628	rs5996663	24429241
584	22	22357325	26791628	rs7291031	24435843
584	22	22357325	26791628	rs5760186	24435954
584	22	22357325	26791628	rs2282475	24438047
584	22	22357325	26791628	rs5760189	24442459
584	22	22357325	26791628	rs12485146	24443697
584	22	22357325	26791628	rs17640355	24445320
584	22	22357325	26791628	rs17004823	24447303
584	22	22357325	26791628	rs762271	24448082
584	22	22357325	26791628	rs17004824	24448398
584	22	22357325	26791628	rs2073396	24451035
584	22	22357325	26791628	rs2070467	24452885
584	22	22357325	26791628	rs4306797	24453375
584	22	22357325	26791628	rs8138467	24458096
584	22	22357325	26791628	rs9624395	24460593
584	22	22357325	26791628	rs6004051	24462072
584	22	22357325	26791628	rs2282476	24463564
584	22	22357325	26791628	rs6004052	24463748
584	22	22357325	26791628	rs3827321	24464377
584	22	22357325	26791628	rs2051198	24465672
584	22	22357325	26791628	rs17854874	24468386
584	22	22357325	26791628	rs5996665	24469115
584	22	22357325	26791628	rs2283807	24472270
584	22	22357325	26791628	rs5760201	24474704
584	22	22357325	26791628	rs4820581	24480503
584	22	22357325	26791628	rs738808	24488461
584	22	22357325	26791628	rs2000470	24488861
584	22	22357325	26791628	rs2236622	24492061
584	22	22357325	26791628	rs2070468	24498665
584	22	22357325	26791628	rs9608238	24503820
584	22	22357325	26791628	rs176157	24503987
584	22	22357325	26791628	rs176159	24514352
584	22	22357325	26791628	rs13057912	24515227
584	22	22357325	26791628	rs176161	24516291
584	22	22357325	26791628	rs9620358	24518086
584	22	22357325	26791628	rs6004064	24518728
584	22	22357325	26791628	rs2070471	24520375
584	22	22357325	26791628	rs2267059	24525711
584	22	22357325	26791628	rs2003756	24527749
584	22	22357325	26791628	rs735863	24528058
584	22	22357325	26791628	rs8139439	24532142
584	22	22357325	26791628	rs2001106	24535229
584	22	22357325	26791628	rs9612557	24535630
584	22	22357325	26791628	rs2283808	24538040
584	22	22357325	26791628	rs17004848	24538918
584	22	22357325	26791628	rs5760216	24539734
584	22	22357325	26791628	rs5760220	24542480
584	22	22357325	26791628	rs2267062	24544482
584	22	22357325	26791628	rs2267063	24544607
584	22	22357325	26791628	rs2267064	24544632
584	22	22357325	26791628	rs2267065	24545060
584	22	22357325	26791628	rs2267067	24547071
584	22	22357325	26791628	rs8140812	24553535
584	22	22357325	26791628	rs6519501	24556507
584	22	22357325	26791628	rs2267071	24559739
584	22	22357325	26791628	rs17854875	24564477
584	22	22357325	26791628	rs8136015	24566894
584	22	22357325	26791628	rs8137732	24567031
584	22	22357325	26791628	rs11090310	24569468
584	22	22357325	26791628	rs3788368	24577986
584	22	22357325	26791628	rs8141797	24582041
584	22	22357325	26791628	rs2070469	24582739
584	22	22357325	26791628	rs2070470	24583879
584	22	22357325	26791628	rs5760244	24584970
584	22	22357325	26791628	rs5751813	24586071
584	22	22357325	26791628	rs9608247	24587303
584	22	22357325	26791628	rs4521150	24600438
584	22	22357325	26791628	rs8141627	24605185
584	22	22357325	26791628	rs35146655	24605938
584	22	22357325	26791628	rs5996674	24608329
584	22	22357325	26791628	rs6004094	24608924
584	22	22357325	26791628	rs5760262	24610158
584	22	22357325	26791628	rs5760263	24611330
584	22	22357325	26791628	rs743359	24611717
584	22	22357325	26791628	rs738810	24615506
584	22	22357325	26791628	rs5996675	24618331
584	22	22357325	26791628	rs7288670	24621826
584	22	22357325	26791628	rs8142702	24622470
584	22	22357325	26791628	rs2275984	24622648
584	22	22357325	26791628	rs35676668	24628763
584	22	22357325	26791628	rs9624434	24629380
584	22	22357325	26791628	rs2275985	24630093
584	22	22357325	26791628	rs4822473	24631791
584	22	22357325	26791628	rs4443101	24632403
584	22	22357325	26791628	rs5760273	24636822
584	22	22357325	26791628	rs2267073	24639069
584	22	22357325	26791628	rs5760293	24662171
584	22	22357325	26791628	rs5760294	24662649
584	22	22357325	26791628	rs5760301	24669465
584	22	22357325	26791628	rs9624447	24681555
584	22	22357325	26791628	rs5751838	24681579
584	22	22357325	26791628	rs17004892	24684511
584	22	22357325	26791628	rs1041748	24700854
584	22	22357325	26791628	rs5760331	24707112
584	22	22357325	26791628	rs5751846	24715049
584	22	22357325	26791628	rs3747113	24717518
584	22	22357325	26791628	rs2298378	24719605
584	22	22357325	26791628	rs5760345	24723644
584	22	22357325	26791628	rs2298380	24726718
584	22	22357325	26791628	rs5760351	24730587
584	22	22357325	26791628	rs4822485	24732045
584	22	22357325	26791628	rs738811	24737868
584	22	22357325	26791628	rs7293001	24742493
584	22	22357325	26791628	rs4820585	24744079
584	22	22357325	26791628	rs2082733	24745498
584	22	22357325	26791628	rs2330783	24747031
584	22	22357325	26791628	rs5760359	24752835
584	22	22357325	26791628	rs5760364	24755025
584	22	22357325	26791628	rs9608277	24756865
584	22	22357325	26791628	rs8137515	24760101
584	22	22357325	26791628	rs8137517	24760102
584	22	22357325	26791628	rs11703914	24767602
584	22	22357325	26791628	rs5760382	24775644
584	22	22357325	26791628	rs6004146	24789632
584	22	22357325	26791628	rs1347387	24793716
584	22	22357325	26791628	rs5751862	24802564
584	22	22357325	26791628	rs1003774	24806804
584	22	22357325	26791628	rs5760401	24808993
584	22	22357325	26791628	rs3747115	24812377
584	22	22357325	26791628	rs7678	24813165
584	22	22357325	26791628	rs5751869	24815288
584	22	22357325	26791628	rs5760410	24815406
584	22	22357325	26791628	rs7285057	24822663
584	22	22357325	26791628	rs2298383	24825511
584	22	22357325	26791628	rs3761422	24826672
584	22	22357325	26791628	rs8141793	24827079
584	22	22357325	26791628	rs2267076	24830595
584	22	22357325	26791628	rs17004919	24832547
584	22	22357325	26791628	rs2236624	24836024
584	22	22357325	26791628	rs5760423	24840118
584	22	22357325	26791628	rs17004921	24840676
584	22	22357325	26791628	rs5760425	24842452
584	22	22357325	26791628	rs17651189	24844883
584	22	22357325	26791628	rs17004922	24844948
584	22	22357325	26791628	rs1041749	24846391
584	22	22357325	26791628	rs1008932	24855182
584	22	22357325	26791628	rs1008931	24855541
584	22	22357325	26791628	rs9612627	24856329
584	22	22357325	26791628	rs738813	24862738
584	22	22357325	26791628	rs5760440	24865187
584	22	22357325	26791628	rs9624480	24871942
584	22	22357325	26791628	rs5760444	24878218
584	22	22357325	26791628	rs1547358	24878430
584	22	22357325	26791628	rs1547359	24878741
584	22	22357325	26791628	rs5760447	24879289
584	22	22357325	26791628	rs17004936	24880174
584	22	22357325	26791628	rs4822502	24881781
584	22	22357325	26791628	rs5760450	24883528
584	22	22357325	26791628	rs5760452	24885223
584	22	22357325	26791628	rs3788371	24893336
584	22	22357325	26791628	rs3788372	24894856
584	22	22357325	26791628	rs2232866	24898310
584	22	22357325	26791628	rs738814	24902606
584	22	22357325	26791628	rs140324	24905288
584	22	22357325	26791628	rs6004171	24912232
584	22	22357325	26791628	rs140335	24913423
584	22	22357325	26791628	rs41446544	24918246
584	22	22357325	26791628	rs6004175	24918447
584	22	22357325	26791628	rs1892721	24919329
584	22	22357325	26791628	rs1314	24922452
584	22	22357325	26791628	rs28461882	24929025
584	22	22357325	26791628	rs11090327	24929771
584	22	22357325	26791628	rs8136239	24932967
584	22	22357325	26791628	rs6004179	24933069
584	22	22357325	26791628	rs9608295	24934370
584	22	22357325	26791628	rs9704	24936970
584	22	22357325	26791628	rs12170895	24943294
584	22	22357325	26791628	rs762283	24943582
584	22	22357325	26791628	rs743368	24946924
584	22	22357325	26791628	rs738820	24947452
584	22	22357325	26791628	rs12160660	24949306
584	22	22357325	26791628	rs16978673	24950691
584	22	22357325	26791628	rs5996717	24952498
584	22	22357325	26791628	rs2298386	24953227
584	22	22357325	26791628	rs3788374	24954832
584	22	22357325	26791628	rs4822507	24958017
584	22	22357325	26791628	rs17574411	24958116
584	22	22357325	26791628	rs5760479	24965885
584	22	22357325	26791628	rs762286	24970107
584	22	22357325	26791628	rs9830	24970486
584	22	22357325	26791628	rs9608299	24977286
584	22	22357325	26791628	rs2236626	24979447
584	22	22357325	26791628	rs16978740	24983264
584	22	22357325	26791628	rs5760485	24986473
584	22	22357325	26791628	rs874852	24987964
584	22	22357325	26791628	rs2154611	24989920
584	22	22357325	26791628	rs4820599	24990213
584	22	22357325	26791628	rs5760489	24990646
584	22	22357325	26791628	rs2070477	24990916
584	22	22357325	26791628	rs6519519	24991863
584	22	22357325	26791628	rs6519520	24991895
584	22	22357325	26791628	rs5751901	24992266
584	22	22357325	26791628	rs4820600	24993367
584	22	22357325	26791628	rs5760492	24995202
584	22	22357325	26791628	rs5751902	24996630
584	22	22357325	26791628	rs5751930	25076598
584	22	22357325	26791628	rs5760576	25080077
584	22	22357325	26791628	rs2330910	25081241
584	22	22357325	26791628	rs2154612	25083914
584	22	22357325	26791628	rs5751940	25086734
584	22	22357325	26791628	rs5751944	25087674
584	22	22357325	26791628	rs2014838	25090006
584	22	22357325	26791628	rs4822533	25090370
584	22	22357325	26791628	rs5760590	25090768
584	22	22357325	26791628	rs2011521	25092773
584	22	22357325	26791628	rs5760591	25094393
584	22	22357325	26791628	rs915610	25095440
584	22	22357325	26791628	rs915611	25095452
584	22	22357325	26791628	rs743377	25097248
584	22	22357325	26791628	rs9612740	25099115
584	22	22357325	26791628	rs5751950	25102715
584	22	22357325	26791628	rs5760596	25103024
584	22	22357325	26791628	rs6004247	25105347
584	22	22357325	26791628	rs2007382	25109027
584	22	22357325	26791628	rs131481	25110876
584	22	22357325	26791628	rs115525	25112325
584	22	22357325	26791628	rs5751957	25113330
584	22	22357325	26791628	rs131478	25113562
584	22	22357325	26791628	rs131477	25114396
584	22	22357325	26791628	rs131476	25117920
584	22	22357325	26791628	rs738825	25124711
584	22	22357325	26791628	rs5751960	25127865
584	22	22357325	26791628	rs9612745	25130311
584	22	22357325	26791628	rs5760613	25130948
584	22	22357325	26791628	rs8139987	25131425
584	22	22357325	26791628	rs5751963	25132498
584	22	22357325	26791628	rs5760614	25132558
584	22	22357325	26791628	rs2096533	25133052
584	22	22357325	26791628	rs6004255	25135682
584	22	22357325	26791628	rs11703684	25144912
584	22	22357325	26791628	rs5760620	25145094
584	22	22357325	26791628	rs1892723	25145453
584	22	22357325	26791628	rs1892722	25145471
584	22	22357325	26791628	rs7286060	25154776
584	22	22357325	26791628	rs8137801	25157455
584	22	22357325	26791628	rs5751975	25158326
584	22	22357325	26791628	rs9624586	25160785
584	22	22357325	26791628	rs6004268	25161574
584	22	22357325	26791628	rs6004273	25163624
584	22	22357325	26791628	rs5760627	25164888
584	22	22357325	26791628	rs5760628	25164960
584	22	22357325	26791628	rs5760629	25165001
584	22	22357325	26791628	rs5760630	25165047
584	22	22357325	26791628	rs2027609	25166320
584	22	22357325	26791628	rs1001445	25168397
584	22	22357325	26791628	rs6004274	25169549
584	22	22357325	26791628	rs8141311	25170136
584	22	22357325	26791628	rs6004275	25171293
584	22	22357325	26791628	rs16978950	25173344
584	22	22357325	26791628	rs4822545	25177197
584	22	22357325	26791628	rs6004279	25177308
584	22	22357325	26791628	rs9306399	25182624
584	22	22357325	26791628	rs5751997	25187544
584	22	22357325	26791628	rs139606	25189055
584	22	22357325	26791628	rs139610	25192432
584	22	22357325	26791628	rs5996761	25199298
584	22	22357325	26791628	rs139621	25204514
584	22	22357325	26791628	rs139622	25205100
584	22	22357325	26791628	rs5752002	25205719
584	22	22357325	26791628	rs7287595	25208398
584	22	22357325	26791628	rs3818061	25209377
584	22	22357325	26791628	rs5996763	25209724
584	22	22357325	26791628	rs2295102	25209753
584	22	22357325	26791628	rs1883993	25211229
584	22	22357325	26791628	rs5760680	25211793
584	22	22357325	26791628	rs11704456	25212702
584	22	22357325	26791628	rs1883994	25215305
584	22	22357325	26791628	rs7293112	25215934
584	22	22357325	26791628	rs9612777	25217740
584	22	22357325	26791628	rs5760687	25217890
584	22	22357325	26791628	rs2330929	25219930
584	22	22357325	26791628	rs9608342	25220446
584	22	22357325	26791628	rs7291051	25221330
584	22	22357325	26791628	rs4820614	25221969
584	22	22357325	26791628	rs4820615	25223662
584	22	22357325	26791628	rs139630	25225248
584	22	22357325	26791628	rs7288359	25225580
584	22	22357325	26791628	rs139631	25225713
584	22	22357325	26791628	rs139632	25225769
584	22	22357325	26791628	rs139633	25225879
584	22	22357325	26791628	rs16979022	25226157
584	22	22357325	26791628	rs713664	25227897
584	22	22357325	26791628	rs713651	25228089
584	22	22357325	26791628	rs713715	25228296
584	22	22357325	26791628	rs139637	25228375
584	22	22357325	26791628	rs6004307	25231408
584	22	22357325	26791628	rs4822549	25231422
584	22	22357325	26791628	rs139643	25231570
584	22	22357325	26791628	rs12170917	25231706
584	22	22357325	26791628	rs139644	25232065
584	22	22357325	26791628	rs139645	25232692
584	22	22357325	26791628	rs139646	25232862
584	22	22357325	26791628	rs139647	25232918
584	22	22357325	26791628	rs139653	25234461
584	22	22357325	26791628	rs2877251	25234481
584	22	22357325	26791628	rs139654	25234890
584	22	22357325	26791628	rs7291798	25238729
584	22	22357325	26791628	rs12485138	25238806
584	22	22357325	26791628	rs1997889	25239557
584	22	22357325	26791628	rs139661	25241381
584	22	22357325	26791628	rs139662	25242592
584	22	22357325	26791628	rs139663	25242708
584	22	22357325	26791628	rs139668	25245118
584	22	22357325	26791628	rs9620446	25245838
584	22	22357325	26791628	rs139675	25248749
584	22	22357325	26791628	rs139676	25248765
584	22	22357325	26791628	rs139677	25248855
584	22	22357325	26791628	rs139681	25252192
584	22	22357325	26791628	rs139683	25252387
584	22	22357325	26791628	rs139684	25252510
584	22	22357325	26791628	rs139686	25252661
584	22	22357325	26791628	rs41516144	25256011
584	22	22357325	26791628	rs11090351	25258827
584	22	22357325	26791628	rs5996780	25263240
584	22	22357325	26791628	rs13054678	25265790
584	22	22357325	26791628	rs9612797	25265811
584	22	22357325	26791628	rs9624632	25265882
584	22	22357325	26791628	rs11703103	25265972
584	22	22357325	26791628	rs16979118	25268215
584	22	22357325	26791628	rs6004338	25269518
584	22	22357325	26791628	rs2273144	25272453
584	22	22357325	26791628	rs6004341	25274327
584	22	22357325	26791628	rs737769	25275393
584	22	22357325	26791628	rs16979152	25280841
584	22	22357325	26791628	rs11914101	25282572
584	22	22357325	26791628	rs16979179	25282711
584	22	22357325	26791628	rs139719	25282765
584	22	22357325	26791628	rs4541332	25283602
584	22	22357325	26791628	rs139724	25284829
584	22	22357325	26791628	rs139729	25286983
584	22	22357325	26791628	rs5752014	25287889
584	22	22357325	26791628	rs2877253	25290487
584	22	22357325	26791628	rs5760712	25291076
584	22	22357325	26791628	rs5760713	25291095
584	22	22357325	26791628	rs5996789	25291682
584	22	22357325	26791628	rs139731	25292977
584	22	22357325	26791628	rs2073201	25294369
584	22	22357325	26791628	rs139735	25297338
584	22	22357325	26791628	rs139738	25297755
584	22	22357325	26791628	rs139740	25298169
584	22	22357325	26791628	rs139746	25300658
584	22	22357325	26791628	rs139748	25302284
584	22	22357325	26791628	rs11914055	25303941
584	22	22357325	26791628	rs139753	25304473
584	22	22357325	26791628	rs139756	25305370
584	22	22357325	26791628	rs139762	25307571
584	22	22357325	26791628	rs139763	25308272
584	22	22357325	26791628	rs139764	25308506
584	22	22357325	26791628	rs139776	25313446
584	22	22357325	26791628	rs5752018	25315753
584	22	22357325	26791628	rs5752019	25316350
584	22	22357325	26791628	rs9620460	25317044
584	22	22357325	26791628	rs2024647	25319168
584	22	22357325	26791628	rs2024648	25319244
584	22	22357325	26791628	rs2179876	25319537
584	22	22357325	26791628	rs5760738	25320371
584	22	22357325	26791628	rs5996792	25320738
584	22	22357325	26791628	rs5760741	25324627
584	22	22357325	26791628	rs9612814	25327959
584	22	22357325	26791628	rs5752023	25330434
584	22	22357325	26791628	rs5760747	25334869
584	22	22357325	26791628	rs5760748	25334977
584	22	22357325	26791628	rs5760749	25335794
584	22	22357325	26791628	rs5760750	25338498
584	22	22357325	26791628	rs5752024	25341203
584	22	22357325	26791628	rs5760752	25345537
584	22	22357325	26791628	rs4140486	25350087
584	22	22357325	26791628	rs715554	25351379
584	22	22357325	26791628	rs5760760	25357408
584	22	22357325	26791628	rs5996801	25364428
584	22	22357325	26791628	rs5760764	25364707
584	22	22357325	26791628	rs5760766	25365714
584	22	22357325	26791628	rs5760767	25366411
584	22	22357325	26791628	rs2142843	25368543
584	22	22357325	26791628	rs742167	25373985
584	22	22357325	26791628	rs2103587	25374503
584	22	22357325	26791628	rs11090362	25381045
584	22	22357325	26791628	rs5760779	25388318
584	22	22357325	26791628	rs5752036	25388965
584	22	22357325	26791628	rs5760780	25389080
584	22	22357325	26791628	rs5752038	25390704
584	22	22357325	26791628	rs5760781	25390855
584	22	22357325	26791628	rs760739	25392304
584	22	22357325	26791628	rs7287818	25393014
584	22	22357325	26791628	rs5760783	25393897
584	22	22357325	26791628	rs5752040	25397740
584	22	22357325	26791628	rs2064136	25403114
584	22	22357325	26791628	rs9612827	25403765
584	22	22357325	26791628	rs5996810	25404309
584	22	22357325	26791628	rs5760796	25405113
584	22	22357325	26791628	rs965197	25410266
584	22	22357325	26791628	rs16979472	25442369
584	22	22357325	26791628	rs11704260	25458733
584	22	22357325	26791628	rs5752051	25461452
584	22	22357325	26791628	rs6004417	25464310
584	22	22357325	26791628	rs6004418	25465065
584	22	22357325	26791628	rs6004420	25465240
584	22	22357325	26791628	rs5996830	25465256
584	22	22357325	26791628	rs6004423	25466553
584	22	22357325	26791628	rs17668150	25468830
584	22	22357325	26791628	rs726133	25473134
584	22	22357325	26791628	rs5760831	25477703
584	22	22357325	26791628	rs5760833	25478292
584	22	22357325	26791628	rs5752053	25479065
584	22	22357325	26791628	rs5760834	25479479
584	22	22357325	26791628	rs742163	25479684
584	22	22357325	26791628	rs5760836	25480981
584	22	22357325	26791628	rs6004430	25481215
584	22	22357325	26791628	rs6004431	25483767
584	22	22357325	26791628	rs5996834	25483921
584	22	22357325	26791628	rs713880	25487844
584	22	22357325	26791628	rs9612858	25491727
584	22	22357325	26791628	rs1076047	25495049
584	22	22357325	26791628	rs5760855	25500496
584	22	22357325	26791628	rs5760857	25501854
584	22	22357325	26791628	rs713989	25506779
584	22	22357325	26791628	rs760737	25506990
584	22	22357325	26791628	rs2294371	25509030
584	22	22357325	26791628	rs5760863	25510459
584	22	22357325	26791628	rs7289890	25510694
584	22	22357325	26791628	rs760738	25511130
584	22	22357325	26791628	rs5752064	25520095
584	22	22357325	26791628	rs9612869	25521183
584	22	22357325	26791628	rs4627697	25524916
584	22	22357325	26791628	rs9612872	25527632
584	22	22357325	26791628	rs2142842	25530059
584	22	22357325	26791628	rs5760868	25530896
584	22	22357325	26791628	rs4476445	25531002
584	22	22357325	26791628	rs738327	25532553
584	22	22357325	26791628	rs17606056	25533796
584	22	22357325	26791628	rs5752068	25536538
584	22	22357325	26791628	rs6004447	25539631
584	22	22357325	26791628	rs1534917	25540842
584	22	22357325	26791628	rs984814	25542519
584	22	22357325	26791628	rs9612876	25544987
584	22	22357325	26791628	rs875353	25545612
584	22	22357325	26791628	rs9612877	25548213
584	22	22357325	26791628	rs5752073	25549183
584	22	22357325	26791628	rs6004449	25550247
584	22	22357325	26791628	rs2027886	25553479
584	22	22357325	26791628	rs2027887	25553537
584	22	22357325	26791628	rs16979674	25555283
584	22	22357325	26791628	rs6004454	25555789
584	22	22357325	26791628	rs6004456	25555948
584	22	22357325	26791628	rs132893	25556577
584	22	22357325	26791628	rs9608373	25557634
584	22	22357325	26791628	rs16979683	25560579
584	22	22357325	26791628	rs16979684	25560601
584	22	22357325	26791628	rs132898	25561215
584	22	22357325	26791628	rs713725	25563892
584	22	22357325	26791628	rs7285325	25565420
584	22	22357325	26791628	rs5760891	25570273
584	22	22357325	26791628	rs2011102	25571301
584	22	22357325	26791628	rs5752075	25572748
584	22	22357325	26791628	rs12168578	25573431
584	22	22357325	26791628	rs1009989	25573514
584	22	22357325	26791628	rs763279	25577688
584	22	22357325	26791628	rs6004466	25577846
584	22	22357325	26791628	rs5996852	25583080
584	22	22357325	26791628	rs4822568	25585047
584	22	22357325	26791628	rs17607104	25586662
584	22	22357325	26791628	rs2330986	25586744
584	22	22357325	26791628	rs5996855	25589256
584	22	22357325	26791628	rs5996856	25589383
584	22	22357325	26791628	rs9608377	25589542
584	22	22357325	26791628	rs3948757	25589570
584	22	22357325	26791628	rs1547435	25589792
584	22	22357325	26791628	rs1547436	25589948
584	22	22357325	26791628	rs3747118	25591200
584	22	22357325	26791628	rs916442	25591278
584	22	22357325	26791628	rs3747120	25591847
584	22	22357325	26791628	rs3747121	25591883
584	22	22357325	26791628	rs763280	25593452
584	22	22357325	26791628	rs763281	25593658
584	22	22357325	26791628	rs763282	25593690
584	22	22357325	26791628	rs2269672	25597331
584	22	22357325	26791628	rs5752079	25597842
584	22	22357325	26791628	rs739314	25598101
584	22	22357325	26791628	rs17670506	25599849
584	22	22357325	26791628	rs732706	25600699
584	22	22357325	26791628	rs2330990	25602681
584	22	22357325	26791628	rs2252878	25602708
584	22	22357325	26791628	rs5760904	25603553
584	22	22357325	26791628	rs5760907	25604477
584	22	22357325	26791628	rs8138250	25606665
584	22	22357325	26791628	rs6004483	25607259
584	22	22357325	26791628	rs5996858	25608162
584	22	22357325	26791628	rs12169716	25608296
584	22	22357325	26791628	rs4820621	25608548
584	22	22357325	26791628	rs2001160	25609191
584	22	22357325	26791628	rs1054476	25609572
584	22	22357325	26791628	rs12167370	25609680
584	22	22357325	26791628	rs5760912	25610710
584	22	22357325	26791628	rs6519574	25611005
584	22	22357325	26791628	rs4822575	25611492
584	22	22357325	26791628	rs4822578	25613103
584	22	22357325	26791628	rs4822579	25613183
584	22	22357325	26791628	rs12169700	25615059
584	22	22357325	26791628	rs8136087	25615710
584	22	22357325	26791628	rs969623	25616213
584	22	22357325	26791628	rs739315	25617602
584	22	22357325	26791628	rs5752083	25618562
584	22	22357325	26791628	rs5760918	25618890
584	22	22357325	26791628	rs7286982	25619025
584	22	22357325	26791628	rs8142586	25619267
584	22	22357325	26791628	rs6004490	25619339
584	22	22357325	26791628	rs9608379	25620142
584	22	22357325	26791628	rs9306412	25621123
584	22	22357325	26791628	rs5752084	25621591
584	22	22357325	26791628	rs9608380	25622442
584	22	22357325	26791628	rs4404377	25623323
584	22	22357325	26791628	rs16986560	25623839
584	22	22357325	26791628	rs6004493	25627999
584	22	22357325	26791628	rs5996863	25628097
584	22	22357325	26791628	rs5752088	25629682
584	22	22357325	26791628	rs5760932	25630597
584	22	22357325	26791628	rs10483117	25632266
584	22	22357325	26791628	rs4822591	25636680
584	22	22357325	26791628	rs2330995	25641025
584	22	22357325	26791628	rs9612907	25642206
584	22	22357325	26791628	rs4822597	25658525
584	22	22357325	26791628	rs9612921	25661725
584	22	22357325	26791628	rs138558	25664408
584	22	22357325	26791628	rs5996883	25669569
584	22	22357325	26791628	rs6004527	25669581
584	22	22357325	26791628	rs6004549	25686040
584	22	22357325	26791628	rs133118	25696997
584	22	22357325	26791628	rs2877278	25716526
584	22	22357325	26791628	rs133176	25731233
584	22	22357325	26791628	rs133198	25756674
584	22	22357325	26791628	rs133201	25757268
584	22	22357325	26791628	rs133203	25757786
584	22	22357325	26791628	rs713847	25761936
584	22	22357325	26791628	rs713878	25762010
584	22	22357325	26791628	rs84486	25798856
584	22	22357325	26791628	rs469997	25806949
584	22	22357325	26791628	rs133265	25809960
584	22	22357325	26791628	rs626861	25832419
584	22	22357325	26791628	rs510618	25833596
584	22	22357325	26791628	rs1207587	25835514
584	22	22357325	26791628	rs5752150	25842086
584	22	22357325	26791628	rs574946	25843884
584	22	22357325	26791628	rs681478	25896979
584	22	22357325	26791628	rs1207592	25897330
584	22	22357325	26791628	rs6004683	25898162
584	22	22357325	26791628	rs2006866	25900823
584	22	22357325	26791628	rs2013369	25905668
584	22	22357325	26791628	rs476240	25906803
584	22	22357325	26791628	rs637629	25908441
584	22	22357325	26791628	rs641296	25909204
584	22	22357325	26791628	rs484400	25910555
584	22	22357325	26791628	rs5752173	25924444
584	22	22357325	26791628	rs4822638	25925078
584	22	22357325	26791628	rs4822639	25925187
584	22	22357325	26791628	rs4820650	25925358
584	22	22357325	26791628	rs12160908	25928620
584	22	22357325	26791628	rs599794	25930479
584	22	22357325	26791628	rs1467387	25931372
584	22	22357325	26791628	rs9612986	25931437
584	22	22357325	26791628	rs576895	25931580
584	22	22357325	26791628	rs577596	25931606
584	22	22357325	26791628	rs652099	25934878
584	22	22357325	26791628	rs505497	25936299
584	22	22357325	26791628	rs542162	25938025
584	22	22357325	26791628	rs5752176	25940733
584	22	22357325	26791628	rs2331111	25942595
584	22	22357325	26791628	rs2331112	25942670
584	22	22357325	26791628	rs590643	25944478
584	22	22357325	26791628	rs478655	25945176
584	22	22357325	26791628	rs5752177	25945704
584	22	22357325	26791628	rs5752178	25945826
584	22	22357325	26791628	rs16980474	25946145
584	22	22357325	26791628	rs5761116	25950750
584	22	22357325	26791628	rs5752182	25951739
584	22	22357325	26791628	rs5761118	25953686
584	22	22357325	26791628	rs5761119	25953851
584	22	22357325	26791628	rs2205971	25958952
584	22	22357325	26791628	rs7286954	25964880
584	22	22357325	26791628	rs16980496	25972963
584	22	22357325	26791628	rs738344	25978356
584	22	22357325	26791628	rs713921	25979234
584	22	22357325	26791628	rs1008673	25994013
584	22	22357325	26791628	rs2179243	25995783
584	22	22357325	26791628	rs16980512	26019328
584	22	22357325	26791628	rs9612998	26022728
584	22	22357325	26791628	rs6004726	26033507
584	22	22357325	26791628	rs8142086	26046513
584	22	22357325	26791628	rs8135164	26047021
584	22	22357325	26791628	rs9941971	26051000
584	22	22357325	26791628	rs16980525	26058622
584	22	22357325	26791628	rs16980526	26058774
584	22	22357325	26791628	rs738340	26059276
584	22	22357325	26791628	rs9613003	26067566
584	22	22357325	26791628	rs7292634	26069727
584	22	22357325	26791628	rs16980542	26071476
584	22	22357325	26791628	rs5752196	26071558
584	22	22357325	26791628	rs3817819	26075188
584	22	22357325	26791628	rs12158437	26080422
584	22	22357325	26791628	rs718163	26081873
584	22	22357325	26791628	rs3730314	26086323
584	22	22357325	26791628	rs16980567	26087447
584	22	22357325	26791628	rs7285470	26088602
584	22	22357325	26791628	rs3730114	26091306
584	22	22357325	26791628	rs8142414	26093187
584	22	22357325	26791628	rs11912611	26094540
584	22	22357325	26791628	rs715534	26096177
584	22	22357325	26791628	rs16980590	26096968
584	22	22357325	26791628	rs9613011	26107700
584	22	22357325	26791628	rs9608415	26107868
584	22	22357325	26791628	rs28763891	26110305
584	22	22357325	26791628	rs9608416	26111018
584	22	22357325	26791628	rs6519621	26111816
584	22	22357325	26791628	rs3730312	26114191
584	22	22357325	26791628	rs7290234	26116963
584	22	22357325	26791628	rs6519622	26118524
584	22	22357325	26791628	rs6519623	26118976
584	22	22357325	26791628	rs133839	26123488
584	22	22357325	26791628	rs12627968	26126015
584	22	22357325	26791628	rs8139277	26127420
584	22	22357325	26791628	rs2748226	26128840
584	22	22357325	26791628	rs10212011	26132612
584	22	22357325	26791628	rs133845	26132839
584	22	22357325	26791628	rs133847	26133775
584	22	22357325	26791628	rs17623434	26134026
584	22	22357325	26791628	rs4822644	26134163
584	22	22357325	26791628	rs9608419	26135929
584	22	22357325	26791628	rs13054927	26137873
584	22	22357325	26791628	rs5761163	26139378
584	22	22357325	26791628	rs133852	26139746
584	22	22357325	26791628	rs133860	26144760
584	22	22357325	26791628	rs11090409	26146429
584	22	22357325	26791628	rs6004755	26147557
584	22	22357325	26791628	rs133866	26148077
584	22	22357325	26791628	rs9620553	26150584
584	22	22357325	26791628	rs9613013	26152738
584	22	22357325	26791628	rs133871	26155822
584	22	22357325	26791628	rs133876	26156554
584	22	22357325	26791628	rs3859865	26158284
584	22	22357325	26791628	rs133882	26158628
584	22	22357325	26791628	rs133883	26158659
584	22	22357325	26791628	rs133885	26159289
584	22	22357325	26791628	rs133887	26159759
584	22	22357325	26791628	rs133896	26161389
584	22	22357325	26791628	rs4822648	26162775
584	22	22357325	26791628	rs4822649	26163003
584	22	22357325	26791628	rs133901	26163996
584	22	22357325	26791628	rs133902	26164079
584	22	22357325	26791628	rs13058434	26164413
584	22	22357325	26791628	rs133903	26166011
584	22	22357325	26791628	rs713816	26167085
584	22	22357325	26791628	rs713822	26167114
584	22	22357325	26791628	rs9608422	26167705
584	22	22357325	26791628	rs3848858	26168558
584	22	22357325	26791628	rs3859869	26168923
584	22	22357325	26791628	rs9624894	26170627
584	22	22357325	26791628	rs9613018	26173202
584	22	22357325	26791628	rs12170856	26173484
584	22	22357325	26791628	rs5761170	26173661
584	22	22357325	26791628	rs2076706	26174168
584	22	22357325	26791628	rs9613019	26174397
584	22	22357325	26791628	rs17624687	26178247
584	22	22357325	26791628	rs8142661	26179312
584	22	22357325	26791628	rs13058364	26180032
584	22	22357325	26791628	rs13053299	26181594
584	22	22357325	26791628	rs9613021	26182559
584	22	22357325	26791628	rs12484281	26183417
584	22	22357325	26791628	rs5752207	26183531
584	22	22357325	26791628	rs2038326	26189026
584	22	22357325	26791628	rs4820656	26192077
584	22	22357325	26791628	rs738640	26192675
584	22	22357325	26791628	rs2877299	26193824
584	22	22357325	26791628	rs16980756	26194941
584	22	22357325	26791628	rs5752212	26195430
584	22	22357325	26791628	rs7292491	26195440
584	22	22357325	26791628	rs17625580	26195481
584	22	22357325	26791628	rs9624904	26196349
584	22	22357325	26791628	rs5752214	26197283
584	22	22357325	26791628	rs5761221	26201172
584	22	22357325	26791628	rs5752216	26202924
584	22	22357325	26791628	rs3859874	26209678
584	22	22357325	26791628	rs3859875	26210850
584	22	22357325	26791628	rs5761251	26212226
584	22	22357325	26791628	rs11703640	26214942
584	22	22357325	26791628	rs5996980	26215263
584	22	22357325	26791628	rs6004774	26216160
584	22	22357325	26791628	rs6004775	26216360
584	22	22357325	26791628	rs6004776	26216843
584	22	22357325	26791628	rs5761256	26218164
584	22	22357325	26791628	rs4820658	26219605
584	22	22357325	26791628	rs3859876	26221770
584	22	22357325	26791628	rs8143030	26222247
584	22	22357325	26791628	rs9624909	26222454
584	22	22357325	26791628	rs2331162	26222505
584	22	22357325	26791628	rs5761260	26224096
584	22	22357325	26791628	rs3848861	26224632
584	22	22357325	26791628	rs7286591	26225384
584	22	22357325	26791628	rs13056293	26227039
584	22	22357325	26791628	rs6004787	26227767
584	22	22357325	26791628	rs6004788	26228540
584	22	22357325	26791628	rs4822660	26229211
584	22	22357325	26791628	rs4822661	26229502
584	22	22357325	26791628	rs2331163	26230559
584	22	22357325	26791628	rs3887776	26230640
584	22	22357325	26791628	rs2072014	26231688
584	22	22357325	26791628	rs2748219	26231951
584	22	22357325	26791628	rs12167251	26232271
584	22	22357325	26791628	rs3925154	26232616
584	22	22357325	26791628	rs9613025	26233110
584	22	22357325	26791628	rs695251	26233304
584	22	22357325	26791628	rs9624915	26233343
584	22	22357325	26791628	rs6519629	26234080
584	22	22357325	26791628	rs4822663	26234918
584	22	22357325	26791628	rs17626577	26235417
584	22	22357325	26791628	rs9624917	26235594
584	22	22357325	26791628	rs2748238	26237781
584	22	22357325	26791628	rs5761268	26239850
584	22	22357325	26791628	rs5761269	26239906
584	22	22357325	26791628	rs5761271	26239950
584	22	22357325	26791628	rs6004793	26240234
584	22	22357325	26791628	rs5761272	26241580
584	22	22357325	26791628	rs4822665	26245805
584	22	22357325	26791628	rs2859410	26245987
584	22	22357325	26791628	rs695665	26246287
584	22	22357325	26791628	rs5996988	26247456
584	22	22357325	26791628	rs6004798	26247607
584	22	22357325	26791628	rs11703880	26248998
584	22	22357325	26791628	rs5752235	26249277
584	22	22357325	26791628	rs5761279	26250110
584	22	22357325	26791628	rs9624920	26250235
584	22	22357325	26791628	rs9624921	26250248
584	22	22357325	26791628	rs695748	26250271
584	22	22357325	26791628	rs5752236	26250645
584	22	22357325	26791628	rs695613	26252865
584	22	22357325	26791628	rs695427	26254248
584	22	22357325	26791628	rs5752239	26260052
584	22	22357325	26791628	rs2285193	26266134
584	22	22357325	26791628	rs2285194	26266391
584	22	22357325	26791628	rs11090417	26266482
584	22	22357325	26791628	rs2301492	26266939
584	22	22357325	26791628	rs2269634	26268340
584	22	22357325	26791628	rs2269635	26268413
584	22	22357325	26791628	rs2269636	26268463
584	22	22357325	26791628	rs1573755	26270464
584	22	22357325	26791628	rs2072013	26270632
584	22	22357325	26791628	rs695821	26271505
584	22	22357325	26791628	rs4822667	26273836
584	22	22357325	26791628	rs1158340	26274949
584	22	22357325	26791628	rs1158341	26275014
584	22	22357325	26791628	rs5761294	26275161
584	22	22357325	26791628	rs5761295	26275460
584	22	22357325	26791628	rs695408	26275549
584	22	22357325	26791628	rs739280	26276188
584	22	22357325	26791628	rs2301497	26276870
584	22	22357325	26791628	rs2301498	26277029
584	22	22357325	26791628	rs739281	26277148
584	22	22357325	26791628	rs2285196	26277555
584	22	22357325	26791628	rs695540	26277720
584	22	22357325	26791628	rs5761296	26277937
584	22	22357325	26791628	rs695809	26278128
584	22	22357325	26791628	rs695407	26278175
584	22	22357325	26791628	rs695430	26278427
584	22	22357325	26791628	rs695670	26278468
584	22	22357325	26791628	rs2157538	26280462
584	22	22357325	26791628	rs739282	26283020
584	22	22357325	26791628	rs2285199	26284108
584	22	22357325	26791628	rs16980979	26284669
584	22	22357325	26791628	rs16980981	26284775
584	22	22357325	26791628	rs16980985	26285639
584	22	22357325	26791628	rs17706905	26285895
584	22	22357325	26791628	rs6004814	26290588
584	22	22357325	26791628	rs13057846	26291757
584	22	22357325	26791628	rs6004815	26292607
584	22	22357325	26791628	rs973523	26292659
584	22	22357325	26791628	rs6004816	26292808
584	22	22357325	26791628	rs2066935	26294513
584	22	22357325	26791628	rs16981003	26295033
584	22	22357325	26791628	rs8137311	26296347
584	22	22357325	26791628	rs6004818	26297194
584	22	22357325	26791628	rs2072016	26298754
584	22	22357325	26791628	rs9613035	26303610
584	22	22357325	26791628	rs5752242	26304057
584	22	22357325	26791628	rs5761308	26304988
584	22	22357325	26791628	rs2285200	26305682
584	22	22357325	26791628	rs2331192	26306022
584	22	22357325	26791628	rs5996999	26306750
584	22	22357325	26791628	rs2285201	26308720
584	22	22357325	26791628	rs2285202	26309139
584	22	22357325	26791628	rs763492	26312260
584	22	22357325	26791628	rs5761313	26313745
584	22	22357325	26791628	rs9613037	26316491
584	22	22357325	26791628	rs5761316	26318236
584	22	22357325	26791628	rs1006208	26319112
584	22	22357325	26791628	rs1006209	26319391
584	22	22357325	26791628	rs2301504	26320015
584	22	22357325	26791628	rs1006210	26321051
584	22	22357325	26791628	rs10427777	26325203
584	22	22357325	26791628	rs969975	26325360
584	22	22357325	26791628	rs2227235	26326313
584	22	22357325	26791628	rs2187938	26328932
584	22	22357325	26791628	rs1013815	26330370
584	22	22357325	26791628	rs1012480	26331264
584	22	22357325	26791628	rs3948759	26334630
584	22	22357325	26791628	rs9613041	26334683
584	22	22357325	26791628	rs2269640	26337911
584	22	22357325	26791628	rs2105945	26342529
584	22	22357325	26791628	rs2072006	26343593
584	22	22357325	26791628	rs2072008	26344024
584	22	22357325	26791628	rs2249582	26345067
584	22	22357325	26791628	rs9613049	26345603
584	22	22357325	26791628	rs9613050	26345809
584	22	22357325	26791628	rs882432	26347844
584	22	22357325	26791628	rs4822675	26349933
584	22	22357325	26791628	rs4820663	26354655
584	22	22357325	26791628	rs5997009	26359733
584	22	22357325	26791628	rs11703998	26359777
584	22	22357325	26791628	rs1894677	26361327
584	22	22357325	26791628	rs9306419	26369358
584	22	22357325	26791628	rs7284984	26371211
584	22	22357325	26791628	rs6004859	26375073
584	22	22357325	26791628	rs7287110	26376541
584	22	22357325	26791628	rs6004866	26379969
584	22	22357325	26791628	rs9620577	26380032
584	22	22357325	26791628	rs6004868	26380079
584	22	22357325	26791628	rs9613060	26380389
584	22	22357325	26791628	rs6004869	26380870
584	22	22357325	26791628	rs9613063	26382004
584	22	22357325	26791628	rs17635540	26382764
584	22	22357325	26791628	rs6004875	26383274
584	22	22357325	26791628	rs2157537	26384470
584	22	22357325	26791628	rs7292258	26386720
584	22	22357325	26791628	rs916423	26388119
584	22	22357325	26791628	rs12166988	26388304
584	22	22357325	26791628	rs916425	26388337
584	22	22357325	26791628	rs9613067	26388548
584	22	22357325	26791628	rs5752251	26388897
584	22	22357325	26791628	rs5761340	26389349
584	22	22357325	26791628	rs16981163	26389510
584	22	22357325	26791628	rs7286230	26389846
584	22	22357325	26791628	rs2331197	26390903
584	22	22357325	26791628	rs5761347	26392234
584	22	22357325	26791628	rs9613070	26392705
584	22	22357325	26791628	rs9613071	26392729
584	22	22357325	26791628	rs9613072	26392874
584	22	22357325	26791628	rs2009111	26392981
584	22	22357325	26791628	rs8139267	26394587
584	22	22357325	26791628	rs8139900	26394724
584	22	22357325	26791628	rs8136667	26396280
584	22	22357325	26791628	rs5752252	26396647
584	22	22357325	26791628	rs1155481	26396709
584	22	22357325	26791628	rs7287184	26399432
584	22	22357325	26791628	rs8139384	26400319
584	22	22357325	26791628	rs1004535	26402623
584	22	22357325	26791628	rs9680735	26403268
584	22	22357325	26791628	rs1001022	26403488
584	22	22357325	26791628	rs9613081	26404101
584	22	22357325	26791628	rs1033588	26404375
584	22	22357325	26791628	rs6004888	26406382
584	22	22357325	26791628	rs12166654	26407957
584	22	22357325	26791628	rs7288885	26408660
584	22	22357325	26791628	rs6004895	26412755
584	22	22357325	26791628	rs5019557	26415294
584	22	22357325	26791628	rs5752254	26415475
584	22	22357325	26791628	rs1983666	26415565
584	22	22357325	26791628	rs1033589	26416570
584	22	22357325	26791628	rs761670	26417956
584	22	22357325	26791628	rs4822682	26418568
584	22	22357325	26791628	rs4820668	26419808
584	22	22357325	26791628	rs5997024	26421591
584	22	22357325	26791628	rs16981226	26421793
584	22	22357325	26791628	rs2236005	26422980
584	22	22357325	26791628	rs7284177	26423477
584	22	22357325	26791628	rs16981230	26424404
584	22	22357325	26791628	rs16981234	26425187
584	22	22357325	26791628	rs11913497	26425299
584	22	22357325	26791628	rs8143085	26429336
584	22	22357325	26791628	rs5997026	26431850
584	22	22357325	26791628	rs4820669	26432526
584	22	22357325	26791628	rs8141254	26432820
584	22	22357325	26791628	rs12157917	26433054
584	22	22357325	26791628	rs6004904	26433170
584	22	22357325	26791628	rs5997028	26434963
584	22	22357325	26791628	rs7292706	26436287
584	22	22357325	26791628	rs16981272	26437821
584	22	22357325	26791628	rs10212037	26438107
584	22	22357325	26791628	rs6004913	26438495
584	22	22357325	26791628	rs5997034	26445427
584	22	22357325	26791628	rs9620587	26446611
584	22	22357325	26791628	rs8141524	26448643
584	22	22357325	26791628	rs9624968	26453030
584	22	22357325	26791628	rs6004919	26455216
584	22	22357325	26791628	rs1003547	26458134
584	22	22357325	26791628	rs9613094	26458388
584	22	22357325	26791628	rs5761367	26463024
584	22	22357325	26791628	rs12628683	26465266
584	22	22357325	26791628	rs2331169	26466765
584	22	22357325	26791628	rs972996	26467382
584	22	22357325	26791628	rs9613096	26469229
584	22	22357325	26791628	rs4499534	26472006
584	22	22357325	26791628	rs5752264	26472646
584	22	22357325	26791628	rs6004929	26473392
584	22	22357325	26791628	rs7289355	26474305
584	22	22357325	26791628	rs738621	26474659
584	22	22357325	26791628	rs16981352	26476063
584	22	22357325	26791628	rs8140357	26482842
584	22	22357325	26791628	rs134695	26483608
584	22	22357325	26791628	rs134696	26484207
584	22	22357325	26791628	rs134697	26484948
584	22	22357325	26791628	rs11090428	26485668
584	22	22357325	26791628	rs5752266	26487166
584	22	22357325	26791628	rs4607039	26491170
584	22	22357325	26791628	rs16981384	26494514
584	22	22357325	26791628	rs134702	26494612
584	22	22357325	26791628	rs16981387	26495865
584	22	22357325	26791628	rs2049990	26496622
584	22	22357325	26791628	rs9613100	26497107
584	22	22357325	26791628	rs9613101	26497371
584	22	22357325	26791628	rs134703	26500417
584	22	22357325	26791628	rs9608458	26500958
584	22	22357325	26791628	rs9613102	26501277
584	22	22357325	26791628	rs134704	26501884
584	22	22357325	26791628	rs134709	26503944
584	22	22357325	26791628	rs134710	26504002
584	22	22357325	26791628	rs134711	26504037
584	22	22357325	26791628	rs6519640	26504839
584	22	22357325	26791628	rs134717	26507645
584	22	22357325	26791628	rs7288894	26516051
584	22	22357325	26791628	rs134733	26516836
584	22	22357325	26791628	rs134734	26517370
584	22	22357325	26791628	rs134735	26518455
584	22	22357325	26791628	rs9613112	26520564
584	22	22357325	26791628	rs134738	26520808
584	22	22357325	26791628	rs134745	26541088
584	22	22357325	26791628	rs6004947	26541422
584	22	22357325	26791628	rs134748	26543287
584	22	22357325	26791628	rs9608464	26557350
584	22	22357325	26791628	rs2223338	26557486
584	22	22357325	26791628	rs9608466	26561478
584	22	22357325	26791628	rs2049988	26562140
584	22	22357325	26791628	rs134755	26565156
584	22	22357325	26791628	rs134757	26566757
584	22	22357325	26791628	rs134759	26573240
584	22	22357325	26791628	rs134760	26573345
584	22	22357325	26791628	rs16981470	26577346
584	22	22357325	26791628	rs9613119	26577566
584	22	22357325	26791628	rs9613122	26578256
584	22	22357325	26791628	rs2092201	26580475
584	22	22357325	26791628	rs134761	26581298
584	22	22357325	26791628	rs134762	26582436
584	22	22357325	26791628	rs2049989	26586795
584	22	22357325	26791628	rs134764	26588406
584	22	22357325	26791628	rs134765	26588745
584	22	22357325	26791628	rs16981495	26589752
584	22	22357325	26791628	rs5752275	26590200
584	22	22357325	26791628	rs134767	26590622
584	22	22357325	26791628	rs5997051	26593779
584	22	22357325	26791628	rs134769	26597805
584	22	22357325	26791628	rs5761403	26601559
584	22	22357325	26791628	rs5752280	26606256
584	22	22357325	26791628	rs4553919	26611463
584	22	22357325	26791628	rs969539	26617787
584	22	22357325	26791628	rs738651	26617905
584	22	22357325	26791628	rs738652	26618065
584	22	22357325	26791628	rs17301280	26619159
584	22	22357325	26791628	rs7292403	26619760
584	22	22357325	26791628	rs1535145	26620244
584	22	22357325	26791628	rs9608471	26622161
584	22	22357325	26791628	rs9613134	26622279
584	22	22357325	26791628	rs2331215	26623274
584	22	22357325	26791628	rs9624998	26624155
584	22	22357325	26791628	rs9613135	26624817
584	22	22357325	26791628	rs4822691	26627142
584	22	22357325	26791628	rs7511475	26628105
584	22	22357325	26791628	rs4822692	26629288
584	22	22357325	26791628	rs11705602	26629678
584	22	22357325	26791628	rs12485236	26630019
584	22	22357325	26791628	rs2067970	26630688
584	22	22357325	26791628	rs6004968	26631997
584	22	22357325	26791628	rs4822693	26633178
584	22	22357325	26791628	rs9613137	26634067
584	22	22357325	26791628	rs12166576	26634163
584	22	22357325	26791628	rs17373858	26634463
584	22	22357325	26791628	rs9620595	26634750
584	22	22357325	26791628	rs1207401	26635548
584	22	22357325	26791628	rs17301856	26637256
584	22	22357325	26791628	rs2847316	26637298
584	22	22357325	26791628	rs9608473	26637448
584	22	22357325	26791628	rs1207402	26638161
584	22	22357325	26791628	rs5761435	26638677
584	22	22357325	26791628	rs16981574	26640200
584	22	22357325	26791628	rs1207405	26640849
584	22	22357325	26791628	rs5752291	26641081
584	22	22357325	26791628	rs4822697	26641235
584	22	22357325	26791628	rs17302009	26641384
584	22	22357325	26791628	rs17374185	26642235
584	22	22357325	26791628	rs717191	26642679
584	22	22357325	26791628	rs2073257	26643743
584	22	22357325	26791628	rs2073258	26643779
584	22	22357325	26791628	rs1209383	26644628
584	22	22357325	26791628	rs12169625	26644715
584	22	22357325	26791628	rs1941120	26648940
584	22	22357325	26791628	rs9613142	26649421
584	22	22357325	26791628	rs1207386	26650662
584	22	22357325	26791628	rs1079665	26650883
584	22	22357325	26791628	rs713745	26652930
584	22	22357325	26791628	rs713738	26653212
584	22	22357325	26791628	rs1941129	26654236
584	22	22357325	26791628	rs9608476	26657664
584	22	22357325	26791628	rs1207397	26657779
584	22	22357325	26791628	rs948335	26658556
584	22	22357325	26791628	rs5761458	26659254
584	22	22357325	26791628	rs5752300	26660760
584	22	22357325	26791628	rs4640491	26661500
584	22	22357325	26791628	rs12628828	26662042
584	22	22357325	26791628	rs137179	26664053
584	22	22357325	26791628	rs8141975	26664618
584	22	22357325	26791628	rs667270	26665099
584	22	22357325	26791628	rs137180	26665674
584	22	22357325	26791628	rs17394336	26665807
584	22	22357325	26791628	rs585244	26666235
584	22	22357325	26791628	rs684503	26666590
584	22	22357325	26791628	rs16981638	26666611
584	22	22357325	26791628	rs137182	26668524
584	22	22357325	26791628	rs137183	26670085
584	22	22357325	26791628	rs637395	26671039
584	22	22357325	26791628	rs9613148	26671594
584	22	22357325	26791628	rs12158079	26673399
584	22	22357325	26791628	rs137190	26675608
584	22	22357325	26791628	rs6004985	26676580
584	22	22357325	26791628	rs137194	26676648
584	22	22357325	26791628	rs5997062	26678128
584	22	22357325	26791628	rs9613152	26678473
584	22	22357325	26791628	rs8138440	26680672
584	22	22357325	26791628	rs677499	26681640
584	22	22357325	26791628	rs738401	26683328
584	22	22357325	26791628	rs17303828	26683635
584	22	22357325	26791628	rs909742	26683793
584	22	22357325	26791628	rs612275	26684218
584	22	22357325	26791628	rs639183	26684958
584	22	22357325	26791628	rs137203	26688831
584	22	22357325	26791628	rs17304075	26688838
584	22	22357325	26791628	rs17395296	26689105
584	22	22357325	26791628	rs688034	26689635
584	22	22357325	26791628	rs688425	26689700
584	22	22357325	26791628	rs688480	26689741
584	22	22357325	26791628	rs137205	26690539
584	22	22357325	26791628	rs137206	26690561
584	22	22357325	26791628	rs137209	26692186
584	22	22357325	26791628	rs137210	26692456
584	22	22357325	26791628	rs137211	26693227
584	22	22357325	26791628	rs3788377	26694214
584	22	22357325	26791628	rs663048	26695077
584	22	22357325	26791628	rs7284428	26696970
584	22	22357325	26791628	rs591044	26697195
584	22	22357325	26791628	rs670530	26698892
584	22	22357325	26791628	rs1210894	26702015
584	22	22357325	26791628	rs662329	26703553
584	22	22357325	26791628	rs604459	26703588
584	22	22357325	26791628	rs1007015	26704436
584	22	22357325	26791628	rs2018293	26704561
584	22	22357325	26791628	rs635755	26704915
584	22	22357325	26791628	rs2847315	26705391
584	22	22357325	26791628	rs633132	26705531
584	22	22357325	26791628	rs666999	26706826
584	22	22357325	26791628	rs666627	26706885
584	22	22357325	26791628	rs5997067	26708252
584	22	22357325	26791628	rs5997068	26708471
584	22	22357325	26791628	rs1115764	26709307
584	22	22357325	26791628	rs6005007	26710270
584	22	22357325	26791628	rs592861	26710535
584	22	22357325	26791628	rs6519647	26713964
584	22	22357325	26791628	rs581562	26715393
584	22	22357325	26791628	rs3788378	26715923
584	22	22357325	26791628	rs7292528	26716227
584	22	22357325	26791628	rs596633	26716432
584	22	22357325	26791628	rs639526	26719135
584	22	22357325	26791628	rs16981740	26722146
584	22	22357325	26791628	rs4822702	26722513
584	22	22357325	26791628	rs624390	26724561
584	22	22357325	26791628	rs4822704	26724763
584	22	22357325	26791628	rs6005015	26726045
584	22	22357325	26791628	rs5761476	26726856
584	22	22357325	26791628	rs607989	26726954
584	22	22357325	26791628	rs17305413	26727129
584	22	22357325	26791628	rs713821	26729005
584	22	22357325	26791628	rs2187971	26729373
584	22	22357325	26791628	rs17305608	26729579
584	22	22357325	26791628	rs4822706	26729721
584	22	22357325	26791628	rs2331245	26730172
584	22	22357325	26791628	rs3788386	26732144
584	22	22357325	26791628	rs3788387	26732208
584	22	22357325	26791628	rs3788390	26733244
584	22	22357325	26791628	rs6005016	26733299
584	22	22357325	26791628	rs3788392	26733770
584	22	22357325	26791628	rs678655	26734141
584	22	22357325	26791628	rs9613160	26735570
584	22	22357325	26791628	rs17305959	26735632
584	22	22357325	26791628	rs5761484	26735648
584	22	22357325	26791628	rs5761486	26735765
584	22	22357325	26791628	rs17306064	26735813
584	22	22357325	26791628	rs6005018	26737148
584	22	22357325	26791628	rs688700	26737544
584	22	22357325	26791628	rs11703437	26737680
584	22	22357325	26791628	rs629429	26737966
584	22	22357325	26791628	rs629491	26738011
584	22	22357325	26791628	rs5761487	26738225
584	22	22357325	26791628	rs3788395	26738732
584	22	22357325	26791628	rs1033427	26740281
584	22	22357325	26791628	rs2331247	26742834
584	22	22357325	26791628	rs4822710	26745320
584	22	22357325	26791628	rs6005020	26748225
584	22	22357325	26791628	rs582028	26748910
584	22	22357325	26791628	rs655581	26750230
584	22	22357325	26791628	rs671499	26753731
584	22	22357325	26791628	rs9613163	26754350
584	22	22357325	26791628	rs685163	26754405
584	22	22357325	26791628	rs5761494	26757514
584	22	22357325	26791628	rs1941126	26758375
584	22	22357325	26791628	rs738404	26758637
584	22	22357325	26791628	rs4822711	26759069
584	22	22357325	26791628	rs4822712	26759177
584	22	22357325	26791628	rs4822713	26761183
584	22	22357325	26791628	rs5761497	26764638
584	22	22357325	26791628	rs6005031	26765167
584	22	22357325	26791628	rs595817	26766024
584	22	22357325	26791628	rs608520	26766607
584	22	22357325	26791628	rs5761499	26767018
584	22	22357325	26791628	rs654245	26767267
584	22	22357325	26791628	rs669184	26769308
584	22	22357325	26791628	rs731276	26770390
584	22	22357325	26791628	rs595042	26770876
584	22	22357325	26791628	rs1893221	26771294
584	22	22357325	26791628	rs622654	26771386
584	22	22357325	26791628	rs5752314	26772006
584	22	22357325	26791628	rs738400	26773254
584	22	22357325	26791628	rs667577	26774580
584	22	22357325	26791628	rs16981987	26775654
584	22	22357325	26791628	rs5761503	26777025
584	22	22357325	26791628	rs587471	26777094
584	22	22357325	26791628	rs5752315	26777440
584	22	22357325	26791628	rs601548	26777951
584	22	22357325	26791628	rs489363	26778461
584	22	22357325	26791628	rs16981995	26778747
584	22	22357325	26791628	rs627229	26781250
584	22	22357325	26791628	rs5752316	26782251
584	22	22357325	26791628	rs8137987	26782661
584	22	22357325	26791628	rs646593	26786522
584	22	22357325	26791628	rs2212611	26789768
584	22	22357325	26791628	rs2226691	26789849
584	22	22357325	26791628	rs2226690	26789906
585	22	26791628	27834752	rs5752318	26792113
585	22	26791628	27834752	rs650276	26792236
585	22	26791628	27834752	rs8135154	26792576
585	22	26791628	27834752	rs4820681	26794625
585	22	26791628	27834752	rs569472	26794938
585	22	26791628	27834752	rs10427741	26795029
585	22	26791628	27834752	rs17399844	26796863
585	22	26791628	27834752	rs501927	26798774
585	22	26791628	27834752	rs8140344	26800199
585	22	26791628	27834752	rs600878	26800975
585	22	26791628	27834752	rs6005042	26801287
585	22	26791628	27834752	rs598573	26801527
585	22	26791628	27834752	rs13054742	26801751
585	22	26791628	27834752	rs13056467	26803206
585	22	26791628	27834752	rs547083	26804215
585	22	26791628	27834752	rs761603	26806031
585	22	26791628	27834752	rs16982054	26806186
585	22	26791628	27834752	rs674436	26807117
585	22	26791628	27834752	rs7289238	26812632
585	22	26791628	27834752	rs567600	26812913
585	22	26791628	27834752	rs713800	26814608
585	22	26791628	27834752	rs8136086	26821469
585	22	26791628	27834752	rs880421	26827335
585	22	26791628	27834752	rs3747128	26829914
585	22	26791628	27834752	rs1000815	26831077
585	22	26791628	27834752	rs3788400	26832103
585	22	26791628	27834752	rs5761523	26833186
585	22	26791628	27834752	rs5761524	26836008
585	22	26791628	27834752	rs6519650	26836780
585	22	26791628	27834752	rs1046453	26840477
585	22	26791628	27834752	rs11913750	26841390
585	22	26791628	27834752	rs2012729	26841519
585	22	26791628	27834752	rs16982107	26841643
585	22	26791628	27834752	rs3213582	26842061
585	22	26791628	27834752	rs5761529	26843708
585	22	26791628	27834752	rs5752327	26844070
585	22	26791628	27834752	rs929131	26844769
585	22	26791628	27834752	rs5752329	26846690
585	22	26791628	27834752	rs3752589	26847586
585	22	26791628	27834752	rs9625029	26849364
585	22	26791628	27834752	rs722997	26849666
585	22	26791628	27834752	rs1894704	26853905
585	22	26791628	27834752	rs1894705	26853980
585	22	26791628	27834752	rs1894706	26854441
585	22	26791628	27834752	rs1894707	26859086
585	22	26791628	27834752	rs5752330	26859942
585	22	26791628	27834752	rs16982145	26861721
585	22	26791628	27834752	rs6005054	26861970
585	22	26791628	27834752	rs3747129	26862041
585	22	26791628	27834752	rs739289	26862153
585	22	26791628	27834752	rs713998	26862212
585	22	26791628	27834752	rs737800	26863559
585	22	26791628	27834752	rs739290	26864658
585	22	26791628	27834752	rs5761549	26867490
585	22	26791628	27834752	rs877593	26867655
585	22	26791628	27834752	rs5761552	26870502
585	22	26791628	27834752	rs9608491	26870985
585	22	26791628	27834752	rs9613187	26875370
585	22	26791628	27834752	rs739291	26877539
585	22	26791628	27834752	rs3747134	26877981
585	22	26791628	27834752	rs5761557	26878024
585	22	26791628	27834752	rs5752333	26878967
585	22	26791628	27834752	rs3747135	26879562
585	22	26791628	27834752	rs3747137	26879691
585	22	26791628	27834752	rs4822724	26880556
585	22	26791628	27834752	rs5761561	26882142
585	22	26791628	27834752	rs4820682	26884039
585	22	26791628	27834752	rs2032574	26888725
585	22	26791628	27834752	rs4822727	26889564
585	22	26791628	27834752	rs5761562	26892898
585	22	26791628	27834752	rs17402286	26894879
585	22	26791628	27834752	rs2187956	26894985
585	22	26791628	27834752	rs2157586	26895061
585	22	26791628	27834752	rs1008530	26895337
585	22	26791628	27834752	rs713900	26898242
585	22	26791628	27834752	rs134134	26898891
585	22	26791628	27834752	rs12628373	26904541
585	22	26791628	27834752	rs2097470	26904965
585	22	26791628	27834752	rs134143	26907899
585	22	26791628	27834752	rs3213558	26908433
585	22	26791628	27834752	rs134144	26908970
585	22	26791628	27834752	rs134145	26909750
585	22	26791628	27834752	rs11703071	26910095
585	22	26791628	27834752	rs134146	26910295
585	22	26791628	27834752	rs134147	26911418
585	22	26791628	27834752	rs5752338	26914151
585	22	26791628	27834752	rs5761574	26915762
585	22	26791628	27834752	rs134157	26916722
585	22	26791628	27834752	rs13056218	26917626
585	22	26791628	27834752	rs3088103	26920048
585	22	26791628	27834752	rs1057890	26920270
585	22	26791628	27834752	rs4275	26921725
585	22	26791628	27834752	rs4149485	26922228
585	22	26791628	27834752	rs2283817	26923155
585	22	26791628	27834752	rs2283820	26923907
585	22	26791628	27834752	rs2283822	26924312
585	22	26791628	27834752	rs2283823	26924336
585	22	26791628	27834752	rs2283824	26924456
585	22	26791628	27834752	rs2283825	26924535
585	22	26791628	27834752	rs2283826	26924995
585	22	26791628	27834752	rs16982287	26925953
585	22	26791628	27834752	rs2283827	26926047
585	22	26791628	27834752	rs1011312	26927221
585	22	26791628	27834752	rs5752341	26929558
585	22	26791628	27834752	rs7364248	26929814
585	22	26791628	27834752	rs8139804	26930065
585	22	26791628	27834752	rs4822733	26930156
585	22	26791628	27834752	rs4149478	26931221
585	22	26791628	27834752	rs4149476	26931381
585	22	26791628	27834752	rs3752523	26932150
585	22	26791628	27834752	rs16982302	26933195
585	22	26791628	27834752	rs8136604	26933253
585	22	26791628	27834752	rs9613199	26935969
585	22	26791628	27834752	rs732933	26939781
585	22	26791628	27834752	rs11703123	26940428
585	22	26791628	27834752	rs7288210	26942127
585	22	26791628	27834752	rs2267085	26945043
585	22	26791628	27834752	rs9608498	26945288
585	22	26791628	27834752	rs4822736	26945702
585	22	26791628	27834752	rs3788402	26948694
585	22	26791628	27834752	rs5761599	26949650
585	22	26791628	27834752	rs4820685	26951589
585	22	26791628	27834752	rs9613208	26955896
585	22	26791628	27834752	rs9613209	26956392
585	22	26791628	27834752	rs9613212	26957774
585	22	26791628	27834752	rs5761603	26958331
585	22	26791628	27834752	rs2283831	26959826
585	22	26791628	27834752	rs2283832	26959859
585	22	26791628	27834752	rs2267094	26960789
585	22	26791628	27834752	rs13055271	26962033
585	22	26791628	27834752	rs763088	26963438
585	22	26791628	27834752	rs5761606	26963743
585	22	26791628	27834752	rs5752349	26966602
585	22	26791628	27834752	rs2283838	26967499
585	22	26791628	27834752	rs2267095	26968211
585	22	26791628	27834752	rs2267096	26968506
585	22	26791628	27834752	rs2283839	26969061
585	22	26791628	27834752	rs17404166	26969802
585	22	26791628	27834752	rs763089	26969857
585	22	26791628	27834752	rs17404243	26970902
585	22	26791628	27834752	rs9613216	26971155
585	22	26791628	27834752	rs2267097	26974741
585	22	26791628	27834752	rs6005084	26975517
585	22	26791628	27834752	rs5761613	26980075
585	22	26791628	27834752	rs4822743	26981039
585	22	26791628	27834752	rs9613221	26986826
585	22	26791628	27834752	rs5752351	26990807
585	22	26791628	27834752	rs5761618	26993706
585	22	26791628	27834752	rs2301440	26997482
585	22	26791628	27834752	rs9613228	27002223
585	22	26791628	27834752	rs2071859	27004300
585	22	26791628	27834752	rs4822748	27004964
585	22	26791628	27834752	rs2267103	27006189
585	22	26791628	27834752	rs5761630	27006698
585	22	26791628	27834752	rs4822752	27011420
585	22	26791628	27834752	rs4822753	27011460
585	22	26791628	27834752	rs16982453	27014428
585	22	26791628	27834752	rs5761635	27014467
585	22	26791628	27834752	rs2283843	27017300
585	22	26791628	27834752	rs16982456	27018049
585	22	26791628	27834752	rs2071860	27019128
585	22	26791628	27834752	rs2071862	27021401
585	22	26791628	27834752	rs4276	27021425
585	22	26791628	27834752	rs1573709	27026804
585	22	26791628	27834752	rs5752370	27031721
585	22	26791628	27834752	rs6005101	27033321
585	22	26791628	27834752	rs5997110	27036505
585	22	26791628	27834752	rs4822756	27037919
585	22	26791628	27834752	rs5761655	27038853
585	22	26791628	27834752	rs2017127	27039994
585	22	26791628	27834752	rs744016	27042106
585	22	26791628	27834752	rs2269671	27043728
585	22	26791628	27834752	rs763275	27043883
585	22	26791628	27834752	rs11913541	27045504
585	22	26791628	27834752	rs4822761	27046685
585	22	26791628	27834752	rs2331289	27047254
585	22	26791628	27834752	rs16982543	27048858
585	22	26791628	27834752	rs1018833	27049011
585	22	26791628	27834752	rs16982551	27049032
585	22	26791628	27834752	rs16982554	27049119
585	22	26791628	27834752	rs739310	27051299
585	22	26791628	27834752	rs7284198	27054199
585	22	26791628	27834752	rs5761665	27057439
585	22	26791628	27834752	rs2331290	27058525
585	22	26791628	27834752	rs2331291	27058821
585	22	26791628	27834752	rs4822763	27060641
585	22	26791628	27834752	rs1061540	27062038
585	22	26791628	27834752	rs2301523	27062669
585	22	26791628	27834752	rs4274	27064287
585	22	26791628	27834752	rs3752603	27064494
585	22	26791628	27834752	rs4822767	27065681
585	22	26791628	27834752	rs7985	27066535
585	22	26791628	27834752	rs8142049	27067792
585	22	26791628	27834752	rs5761671	27068592
585	22	26791628	27834752	rs9625066	27068702
585	22	26791628	27834752	rs9620625	27069254
585	22	26791628	27834752	rs5761672	27069439
585	22	26791628	27834752	rs6005127	27069557
585	22	26791628	27834752	rs5752378	27069835
585	22	26791628	27834752	rs4822768	27070749
585	22	26791628	27834752	rs1045363	27072146
585	22	26791628	27834752	rs739312	27073858
585	22	26791628	27834752	rs736689	27074685
585	22	26791628	27834752	rs5761676	27076576
585	22	26791628	27834752	rs5761677	27076596
585	22	26791628	27834752	rs6005133	27076984
585	22	26791628	27834752	rs2051654	27082153
585	22	26791628	27834752	rs9625070	27082992
585	22	26791628	27834752	rs1573764	27085223
585	22	26791628	27834752	rs1573767	27085491
585	22	26791628	27834752	rs1573768	27085554
585	22	26791628	27834752	rs4820699	27088298
585	22	26791628	27834752	rs766070	27088638
585	22	26791628	27834752	rs766071	27088786
585	22	26791628	27834752	rs4820700	27091167
585	22	26791628	27834752	rs975325	27091750
585	22	26791628	27834752	rs978695	27095014
585	22	26791628	27834752	rs2331295	27095712
585	22	26791628	27834752	rs7291023	27095998
585	22	26791628	27834752	rs9625074	27099288
585	22	26791628	27834752	rs9613255	27104705
585	22	26791628	27834752	rs5752388	27109475
585	22	26791628	27834752	rs5761697	27110259
585	22	26791628	27834752	rs5761698	27110827
585	22	26791628	27834752	rs9613256	27110974
585	22	26791628	27834752	rs9613258	27113697
585	22	26791628	27834752	rs739225	27113741
585	22	26791628	27834752	rs2001121	27118181
585	22	26791628	27834752	rs8139445	27118416
585	22	26791628	27834752	rs5761704	27119061
585	22	26791628	27834752	rs6005150	27122480
585	22	26791628	27834752	rs5752392	27122923
585	22	26791628	27834752	rs5761709	27123638
585	22	26791628	27834752	rs5761710	27123944
585	22	26791628	27834752	rs4822784	27124742
585	22	26791628	27834752	rs5761711	27129747
585	22	26791628	27834752	rs5761715	27133681
585	22	26791628	27834752	rs763105	27137135
585	22	26791628	27834752	rs6005151	27137639
585	22	26791628	27834752	rs5752401	27137761
585	22	26791628	27834752	rs4822787	27139303
585	22	26791628	27834752	rs5997120	27141026
585	22	26791628	27834752	rs6005154	27141605
585	22	26791628	27834752	rs1041901	27142276
585	22	26791628	27834752	rs6005155	27142366
585	22	26791628	27834752	rs5752402	27143245
585	22	26791628	27834752	rs7290369	27143319
585	22	26791628	27834752	rs8140216	27144070
585	22	26791628	27834752	rs5761722	27144107
585	22	26791628	27834752	rs715508	27144722
585	22	26791628	27834752	rs3885457	27144734
585	22	26791628	27834752	rs1015067	27149053
585	22	26791628	27834752	rs5761729	27149561
585	22	26791628	27834752	rs4438589	27153492
585	22	26791628	27834752	rs5761732	27153785
585	22	26791628	27834752	rs5761733	27154015
585	22	26791628	27834752	rs6005159	27159832
585	22	26791628	27834752	rs1476035	27161060
585	22	26791628	27834752	rs11703244	27161589
585	22	26791628	27834752	rs6005162	27162907
585	22	26791628	27834752	rs2051623	27163999
585	22	26791628	27834752	rs4820706	27167348
585	22	26791628	27834752	rs5761744	27171638
585	22	26791628	27834752	rs5752411	27172005
585	22	26791628	27834752	rs1004970	27172826
585	22	26791628	27834752	rs5752412	27174996
585	22	26791628	27834752	rs4321459	27175038
585	22	26791628	27834752	rs5752413	27175858
585	22	26791628	27834752	rs4820707	27179453
585	22	26791628	27834752	rs4820709	27185955
585	22	26791628	27834752	rs4820710	27186111
585	22	26791628	27834752	rs4822791	27186321
585	22	26791628	27834752	rs4820711	27186355
585	22	26791628	27834752	rs5761758	27188947
585	22	26791628	27834752	rs5761760	27189042
585	22	26791628	27834752	rs2285155	27189536
585	22	26791628	27834752	rs713752	27189774
585	22	26791628	27834752	rs713751	27189835
585	22	26791628	27834752	rs737774	27190734
585	22	26791628	27834752	rs4822799	27191942
585	22	26791628	27834752	rs4822801	27198719
585	22	26791628	27834752	rs9613266	27200942
585	22	26791628	27834752	rs1476033	27206289
585	22	26791628	27834752	rs4591440	27206530
585	22	26791628	27834752	rs1894621	27208422
585	22	26791628	27834752	rs5761769	27208861
585	22	26791628	27834752	rs713974	27210691
585	22	26791628	27834752	rs2331331	27210985
585	22	26791628	27834752	rs2213707	27211191
585	22	26791628	27834752	rs5761771	27213968
585	22	26791628	27834752	rs4501037	27215976
585	22	26791628	27834752	rs739226	27216426
585	22	26791628	27834752	rs1573718	27219371
585	22	26791628	27834752	rs720914	27219881
585	22	26791628	27834752	rs13054025	27222059
585	22	26791628	27834752	rs10483127	27222286
585	22	26791628	27834752	rs713702	27224108
585	22	26791628	27834752	rs5761777	27227454
585	22	26791628	27834752	rs4822806	27228712
585	22	26791628	27834752	rs6005198	27230983
585	22	26791628	27834752	rs136493	27231130
585	22	26791628	27834752	rs136497	27232480
585	22	26791628	27834752	rs5752431	27233872
585	22	26791628	27834752	rs136499	27234171
585	22	26791628	27834752	rs17323675	27234290
585	22	26791628	27834752	rs136504	27236439
585	22	26791628	27834752	rs136505	27236603
585	22	26791628	27834752	rs136508	27238805
585	22	26791628	27834752	rs7285447	27239805
585	22	26791628	27834752	rs136511	27240025
585	22	26791628	27834752	rs136513	27240293
585	22	26791628	27834752	rs2213769	27241464
585	22	26791628	27834752	rs136519	27243234
585	22	26791628	27834752	rs136522	27244109
585	22	26791628	27834752	rs2213770	27244685
585	22	26791628	27834752	rs136525	27244876
585	22	26791628	27834752	rs136526	27245137
585	22	26791628	27834752	rs136531	27245485
585	22	26791628	27834752	rs136534	27245963
585	22	26791628	27834752	rs136535	27246070
585	22	26791628	27834752	rs136539	27248025
585	22	26791628	27834752	rs136541	27249352
585	22	26791628	27834752	rs6005206	27249884
585	22	26791628	27834752	rs9625099	27250195
585	22	26791628	27834752	rs9620642	27250280
585	22	26791628	27834752	rs136544	27251367
585	22	26791628	27834752	rs16982952	27252185
585	22	26791628	27834752	rs9306427	27252454
585	22	26791628	27834752	rs136547	27252859
585	22	26791628	27834752	rs6005209	27253020
585	22	26791628	27834752	rs136549	27253560
585	22	26791628	27834752	rs136551	27253905
585	22	26791628	27834752	rs12167218	27254122
585	22	26791628	27834752	rs136557	27258572
585	22	26791628	27834752	rs5997130	27258653
585	22	26791628	27834752	rs10483129	27258789
585	22	26791628	27834752	rs5761801	27268143
585	22	26791628	27834752	rs9613280	27268535
585	22	26791628	27834752	rs2157468	27270068
585	22	26791628	27834752	rs9608534	27273238
585	22	26791628	27834752	rs9608535	27274720
585	22	26791628	27834752	rs16983019	27279559
585	22	26791628	27834752	rs6005221	27279749
585	22	26791628	27834752	rs12484426	27280626
585	22	26791628	27834752	rs4822811	27281209
585	22	26791628	27834752	rs2017722	27283289
585	22	26791628	27834752	rs713954	27283680
585	22	26791628	27834752	rs4242	27284022
585	22	26791628	27834752	rs5761818	27287053
585	22	26791628	27834752	rs17332313	27290892
585	22	26791628	27834752	rs16983066	27291244
585	22	26791628	27834752	rs16983069	27291924
585	22	26791628	27834752	rs5761823	27292868
585	22	26791628	27834752	rs2331312	27294543
585	22	26791628	27834752	rs9608537	27294773
585	22	26791628	27834752	rs9620643	27295234
585	22	26791628	27834752	rs11705120	27299487
585	22	26791628	27834752	rs1071957	27301137
585	22	26791628	27834752	rs5761826	27302631
585	22	26791628	27834752	rs4822815	27303145
585	22	26791628	27834752	rs9625108	27304394
585	22	26791628	27834752	rs7364302	27304495
585	22	26791628	27834752	rs16983113	27304645
585	22	26791628	27834752	rs6005232	27305180
585	22	26791628	27834752	rs11704127	27305781
585	22	26791628	27834752	rs4497966	27306830
585	22	26791628	27834752	rs5761830	27312985
585	22	26791628	27834752	rs5997142	27313765
585	22	26791628	27834752	rs9613297	27314016
585	22	26791628	27834752	rs9613298	27316368
585	22	26791628	27834752	rs9306430	27316435
585	22	26791628	27834752	rs6005235	27320076
585	22	26791628	27834752	rs6005236	27320093
585	22	26791628	27834752	rs5997144	27320185
585	22	26791628	27834752	rs2213758	27321172
585	22	26791628	27834752	rs5761837	27323117
585	22	26791628	27834752	rs6005239	27323691
585	22	26791628	27834752	rs739250	27323867
585	22	26791628	27834752	rs5752443	27324152
585	22	26791628	27834752	rs5752444	27325049
585	22	26791628	27834752	rs5761839	27326221
585	22	26791628	27834752	rs11914229	27326555
585	22	26791628	27834752	rs5761842	27327701
585	22	26791628	27834752	rs5761843	27327741
585	22	26791628	27834752	rs6005241	27328318
585	22	26791628	27834752	rs7290832	27328787
585	22	26791628	27834752	rs5752447	27331206
585	22	26791628	27834752	rs5761848	27332590
585	22	26791628	27834752	rs2097508	27334951
585	22	26791628	27834752	rs10854796	27335459
585	22	26791628	27834752	rs4269019	27335790
585	22	26791628	27834752	rs2213760	27336747
585	22	26791628	27834752	rs9625119	27337228
585	22	26791628	27834752	rs4822823	27337854
585	22	26791628	27834752	rs4822824	27337886
585	22	26791628	27834752	rs2157461	27338819
585	22	26791628	27834752	rs739256	27339184
585	22	26791628	27834752	rs739257	27339284
585	22	26791628	27834752	rs1109081	27339453
585	22	26791628	27834752	rs1011772	27339652
585	22	26791628	27834752	rs4643634	27339872
585	22	26791628	27834752	rs4525793	27339913
585	22	26791628	27834752	rs4525794	27340003
585	22	26791628	27834752	rs16983190	27340346
585	22	26791628	27834752	rs2157462	27340510
585	22	26791628	27834752	rs5752450	27341117
585	22	26791628	27834752	rs5761855	27341413
585	22	26791628	27834752	rs2187897	27341568
585	22	26791628	27834752	rs17334288	27343439
585	22	26791628	27834752	rs16983214	27343454
585	22	26791628	27834752	rs16983218	27343533
585	22	26791628	27834752	rs16983223	27343655
585	22	26791628	27834752	rs9620647	27343892
585	22	26791628	27834752	rs8142063	27344151
585	22	26791628	27834752	rs5761861	27347681
585	22	26791628	27834752	rs5761862	27348446
585	22	26791628	27834752	rs5761863	27348456
585	22	26791628	27834752	rs2331359	27348896
585	22	26791628	27834752	rs966560	27349234
585	22	26791628	27834752	rs2213762	27349602
585	22	26791628	27834752	rs8141551	27353309
585	22	26791628	27834752	rs5752453	27355195
585	22	26791628	27834752	rs763136	27355348
585	22	26791628	27834752	rs5761869	27355733
585	22	26791628	27834752	rs739259	27356579
585	22	26791628	27834752	rs5761877	27361465
585	22	26791628	27834752	rs9613310	27362148
585	22	26791628	27834752	rs12628085	27362767
585	22	26791628	27834752	rs5761879	27363324
585	22	26791628	27834752	rs16986703	27363632
585	22	26791628	27834752	rs5761880	27364300
585	22	26791628	27834752	rs5752458	27368478
585	22	26791628	27834752	rs2877347	27368751
585	22	26791628	27834752	rs5761885	27370273
585	22	26791628	27834752	rs2213767	27370782
585	22	26791628	27834752	rs5761886	27371685
585	22	26791628	27834752	rs16983313	27373538
585	22	26791628	27834752	rs6005252	27373562
585	22	26791628	27834752	rs4822830	27373720
585	22	26791628	27834752	rs5997150	27375529
585	22	26791628	27834752	rs11090463	27377569
585	22	26791628	27834752	rs16983325	27377796
585	22	26791628	27834752	rs5761891	27380713
585	22	26791628	27834752	rs6005257	27380730
585	22	26791628	27834752	rs5761892	27380743
585	22	26791628	27834752	rs2001135	27381036
585	22	26791628	27834752	rs2001136	27381136
585	22	26791628	27834752	rs9613317	27381193
585	22	26791628	27834752	rs2157465	27381346
585	22	26791628	27834752	rs7290257	27381389
585	22	26791628	27834752	rs4345013	27381837
585	22	26791628	27834752	rs9608549	27383140
585	22	26791628	27834752	rs16983356	27385773
585	22	26791628	27834752	rs5752462	27386488
585	22	26791628	27834752	rs4822832	27387402
585	22	26791628	27834752	rs9613326	27387695
585	22	26791628	27834752	rs5761894	27388110
585	22	26791628	27834752	rs743958	27388405
585	22	26791628	27834752	rs743959	27389201
585	22	26791628	27834752	rs9613333	27390040
585	22	26791628	27834752	rs9608561	27390477
585	22	26791628	27834752	rs16983365	27392102
585	22	26791628	27834752	rs12166741	27393381
585	22	26791628	27834752	rs16983370	27394733
585	22	26791628	27834752	rs9306432	27395426
585	22	26791628	27834752	rs6005261	27395609
585	22	26791628	27834752	rs8137218	27395937
585	22	26791628	27834752	rs10212091	27398938
585	22	26791628	27834752	rs2516083	27399494
585	22	26791628	27834752	rs4820727	27400354
585	22	26791628	27834752	rs9613337	27400447
585	22	26791628	27834752	rs2516086	27405012
585	22	26791628	27834752	rs5761898	27405169
585	22	26791628	27834752	rs12710564	27405358
585	22	26791628	27834752	rs2516087	27405385
585	22	26791628	27834752	rs2516088	27405625
585	22	26791628	27834752	rs2516089	27405992
585	22	26791628	27834752	rs6005264	27407146
585	22	26791628	27834752	rs5997154	27409465
585	22	26791628	27834752	rs6005265	27410371
585	22	26791628	27834752	rs6005266	27410749
585	22	26791628	27834752	rs11912520	27411302
585	22	26791628	27834752	rs5761900	27411710
585	22	26791628	27834752	rs134907	27412029
585	22	26791628	27834752	rs134908	27412632
585	22	26791628	27834752	rs134912	27413392
585	22	26791628	27834752	rs134913	27413509
585	22	26791628	27834752	rs17343637	27415255
585	22	26791628	27834752	rs16983396	27416197
585	22	26791628	27834752	rs1883114	27416593
585	22	26791628	27834752	rs4417	27416825
585	22	26791628	27834752	rs7292569	27418259
585	22	26791628	27834752	rs16983406	27418911
585	22	26791628	27834752	rs114559	27420113
585	22	26791628	27834752	rs9613347	27420318
585	22	26791628	27834752	rs134926	27421136
585	22	26791628	27834752	rs4418	27421632
585	22	26791628	27834752	rs134931	27425162
585	22	26791628	27834752	rs134932	27425365
585	22	26791628	27834752	rs1028283	27425422
585	22	26791628	27834752	rs2331363	27425592
585	22	26791628	27834752	rs134933	27425790
585	22	26791628	27834752	rs6519690	27427698
585	22	26791628	27834752	rs11090468	27429111
585	22	26791628	27834752	rs11090469	27429276
585	22	26791628	27834752	rs2142541	27430078
585	22	26791628	27834752	rs2142542	27430158
585	22	26791628	27834752	rs2179053	27430304
585	22	26791628	27834752	rs134936	27430432
585	22	26791628	27834752	rs2223201	27431791
585	22	26791628	27834752	rs134938	27432357
585	22	26791628	27834752	rs79037	27433179
585	22	26791628	27834752	rs4822835	27433250
585	22	26791628	27834752	rs742001	27434836
585	22	26791628	27834752	rs742002	27435086
585	22	26791628	27834752	rs760525	27435140
585	22	26791628	27834752	rs760526	27435577
585	22	26791628	27834752	rs16983494	27435613
585	22	26791628	27834752	rs9608568	27436049
585	22	26791628	27834752	rs738157	27436164
585	22	26791628	27834752	rs738158	27436289
585	22	26791628	27834752	rs5761918	27436778
585	22	26791628	27834752	rs4822836	27438108
585	22	26791628	27834752	rs1157611	27438196
585	22	26791628	27834752	rs1157613	27438359
585	22	26791628	27834752	rs5752472	27438543
585	22	26791628	27834752	rs5761922	27438631
585	22	26791628	27834752	rs17429199	27439443
585	22	26791628	27834752	rs7285361	27439543
585	22	26791628	27834752	rs4549212	27439704
585	22	26791628	27834752	rs16983522	27440266
585	22	26791628	27834752	rs9613353	27440291
585	22	26791628	27834752	rs973902	27440326
585	22	26791628	27834752	rs5761924	27440536
585	22	26791628	27834752	rs12160816	27440602
585	22	26791628	27834752	rs713890	27441789
585	22	26791628	27834752	rs713706	27443484
585	22	26791628	27834752	rs713812	27443584
585	22	26791628	27834752	rs2007727	27444882
585	22	26791628	27834752	rs738161	27445437
585	22	26791628	27834752	rs9608571	27446868
585	22	26791628	27834752	rs9613356	27447297
585	22	26791628	27834752	rs7291811	27449770
585	22	26791628	27834752	rs2877348	27449940
585	22	26791628	27834752	rs35399009	27452743
585	22	26791628	27834752	rs9613359	27452796
585	22	26791628	27834752	rs9613360	27453771
585	22	26791628	27834752	rs16983560	27454981
585	22	26791628	27834752	rs724294	27455355
585	22	26791628	27834752	rs763788	27455409
585	22	26791628	27834752	rs13055147	27459210
585	22	26791628	27834752	rs5761936	27460793
585	22	26791628	27834752	rs13053916	27460810
585	22	26791628	27834752	rs5752477	27464033
585	22	26791628	27834752	rs5752478	27464053
585	22	26791628	27834752	rs9608573	27464157
585	22	26791628	27834752	rs5761937	27464401
585	22	26791628	27834752	rs4820732	27465597
585	22	26791628	27834752	rs4820733	27465628
585	22	26791628	27834752	rs2179054	27466232
585	22	26791628	27834752	rs16986745	27466629
585	22	26791628	27834752	rs16986747	27466842
585	22	26791628	27834752	rs713899	27469165
585	22	26791628	27834752	rs5761940	27470329
585	22	26791628	27834752	rs1543305	27470763
585	22	26791628	27834752	rs4822842	27471415
585	22	26791628	27834752	rs4822843	27471525
585	22	26791628	27834752	rs4822844	27471567
585	22	26791628	27834752	rs16983590	27472516
585	22	26791628	27834752	rs6519694	27472988
585	22	26791628	27834752	rs6519695	27473028
585	22	26791628	27834752	rs16983592	27473169
585	22	26791628	27834752	rs5752479	27473772
585	22	26791628	27834752	rs909487	27475512
585	22	26791628	27834752	rs5997166	27476884
585	22	26791628	27834752	rs4239926	27477259
585	22	26791628	27834752	rs5761945	27478521
585	22	26791628	27834752	rs8137199	27478856
585	22	26791628	27834752	rs17430741	27479480
585	22	26791628	27834752	rs5761948	27480367
585	22	26791628	27834752	rs8138470	27481022
585	22	26791628	27834752	rs8140194	27481176
585	22	26791628	27834752	rs16983597	27481284
585	22	26791628	27834752	rs1474559	27481614
585	22	26791628	27834752	rs1883115	27482481
585	22	26791628	27834752	rs6519698	27483719
585	22	26791628	27834752	rs6519700	27484180
585	22	26791628	27834752	rs5997168	27484451
585	22	26791628	27834752	rs10854797	27485111
585	22	26791628	27834752	rs760529	27485345
585	22	26791628	27834752	rs760530	27485959
585	22	26791628	27834752	rs4547629	27487232
585	22	26791628	27834752	rs9613372	27487242
585	22	26791628	27834752	rs4822847	27487580
585	22	26791628	27834752	rs7288957	27487797
585	22	26791628	27834752	rs4822848	27487815
585	22	26791628	27834752	rs5761957	27489310
585	22	26791628	27834752	rs1160262	27489583
585	22	26791628	27834752	rs4820735	27490728
585	22	26791628	27834752	rs5752486	27491043
585	22	26791628	27834752	rs5761960	27491363
585	22	26791628	27834752	rs4820736	27491699
585	22	26791628	27834752	rs6005292	27491861
585	22	26791628	27834752	rs5761962	27492463
585	22	26791628	27834752	rs5761963	27492536
585	22	26791628	27834752	rs7287491	27493153
585	22	26791628	27834752	rs5761967	27495297
585	22	26791628	27834752	rs5761974	27497704
585	22	26791628	27834752	rs5761976	27498426
585	22	26791628	27834752	rs9613374	27501083
585	22	26791628	27834752	rs4822857	27502567
585	22	26791628	27834752	rs713911	27503371
585	22	26791628	27834752	rs4820740	27503582
585	22	26791628	27834752	rs4820741	27503837
585	22	26791628	27834752	rs738163	27506926
585	22	26791628	27834752	rs738164	27507131
585	22	26791628	27834752	rs9613375	27507715
585	22	26791628	27834752	rs16983720	27507968
585	22	26791628	27834752	rs5761984	27508510
585	22	26791628	27834752	rs4822859	27508858
585	22	26791628	27834752	rs730826	27509377
585	22	26791628	27834752	rs1997634	27509769
585	22	26791628	27834752	rs738150	27512225
585	22	26791628	27834752	rs11703440	27512234
585	22	26791628	27834752	rs6005300	27515482
585	22	26791628	27834752	rs6005301	27516947
585	22	26791628	27834752	rs973896	27517691
585	22	26791628	27834752	rs737768	27518815
585	22	26791628	27834752	rs737767	27518948
585	22	26791628	27834752	rs134943	27519787
585	22	26791628	27834752	rs5752494	27523485
585	22	26791628	27834752	rs134949	27523864
585	22	26791628	27834752	rs134951	27525363
585	22	26791628	27834752	rs11704703	27526095
585	22	26791628	27834752	rs1003704	27527005
585	22	26791628	27834752	rs134955	27527107
585	22	26791628	27834752	rs16983773	27530184
585	22	26791628	27834752	rs9608580	27532474
585	22	26791628	27834752	rs5997178	27533271
585	22	26791628	27834752	rs956548	27537502
585	22	26791628	27834752	rs5762004	27539202
585	22	26791628	27834752	rs7288294	27544908
585	22	26791628	27834752	rs1028285	27545209
585	22	26791628	27834752	rs1028286	27545303
585	22	26791628	27834752	rs5997182	27546776
585	22	26791628	27834752	rs17432756	27546917
585	22	26791628	27834752	rs6005311	27548094
585	22	26791628	27834752	rs6005312	27548374
585	22	26791628	27834752	rs6005316	27550744
585	22	26791628	27834752	rs2223200	27550764
585	22	26791628	27834752	rs9625159	27552564
585	22	26791628	27834752	rs6519702	27553046
585	22	26791628	27834752	rs134966	27554630
585	22	26791628	27834752	rs9620666	27557040
585	22	26791628	27834752	rs17433244	27557349
585	22	26791628	27834752	rs9625165	27557351
585	22	26791628	27834752	rs9625166	27557735
585	22	26791628	27834752	rs134967	27557929
585	22	26791628	27834752	rs7287230	27559902
585	22	26791628	27834752	rs12170239	27562201
585	22	26791628	27834752	rs768394	27562910
585	22	26791628	27834752	rs1519222	27563775
585	22	26791628	27834752	rs714000	27565888
585	22	26791628	27834752	rs760523	27565958
585	22	26791628	27834752	rs566185	27567320
585	22	26791628	27834752	rs17349101	27567545
585	22	26791628	27834752	rs12165374	27568824
585	22	26791628	27834752	rs475069	27569081
585	22	26791628	27834752	rs13056281	27571639
585	22	26791628	27834752	rs134164	27574630
585	22	26791628	27834752	rs13058659	27574804
585	22	26791628	27834752	rs550260	27575542
585	22	26791628	27834752	rs17434355	27576017
585	22	26791628	27834752	rs738217	27581642
585	22	26791628	27834752	rs8135764	27584176
585	22	26791628	27834752	rs8143105	27584291
585	22	26791628	27834752	rs510197	27584316
585	22	26791628	27834752	rs2342401	27587001
585	22	26791628	27834752	rs530536	27587222
585	22	26791628	27834752	rs9613394	27589382
585	22	26791628	27834752	rs491735	27590340
585	22	26791628	27834752	rs555860	27592742
585	22	26791628	27834752	rs5752502	27594098
585	22	26791628	27834752	rs5752503	27594111
585	22	26791628	27834752	rs9613395	27599418
585	22	26791628	27834752	rs492416	27599846
585	22	26791628	27834752	rs9613396	27600828
585	22	26791628	27834752	rs561417	27604149
585	22	26791628	27834752	rs7285459	27608087
585	22	26791628	27834752	rs551334	27609597
585	22	26791628	27834752	rs16983960	27611328
585	22	26791628	27834752	rs536459	27613130
585	22	26791628	27834752	rs538293	27613318
585	22	26791628	27834752	rs559631	27615410
585	22	26791628	27834752	rs738219	27616264
585	22	26791628	27834752	rs16983971	27616325
585	22	26791628	27834752	rs5997198	27616993
585	22	26791628	27834752	rs9613403	27619844
585	22	26791628	27834752	rs535842	27621151
585	22	26791628	27834752	rs5762032	27622115
585	22	26791628	27834752	rs7285915	27622616
585	22	26791628	27834752	rs1519221	27622907
585	22	26791628	27834752	rs5752506	27625720
585	22	26791628	27834752	rs497856	27627316
585	22	26791628	27834752	rs498789	27627416
585	22	26791628	27834752	rs10483132	27627598
585	22	26791628	27834752	rs5762040	27632418
585	22	26791628	27834752	rs479694	27633517
585	22	26791628	27834752	rs5762042	27636606
585	22	26791628	27834752	rs573273	27638420
585	22	26791628	27834752	rs9625187	27638662
585	22	26791628	27834752	rs9625188	27638996
585	22	26791628	27834752	rs509143	27640814
585	22	26791628	27834752	rs508338	27640853
585	22	26791628	27834752	rs483241	27643302
585	22	26791628	27834752	rs552212	27644949
585	22	26791628	27834752	rs541963	27645095
585	22	26791628	27834752	rs549378	27645258
585	22	26791628	27834752	rs9613411	27646582
585	22	26791628	27834752	rs738488	27647504
585	22	26791628	27834752	rs6519704	27648272
585	22	26791628	27834752	rs4410	27649704
585	22	26791628	27834752	rs134781	27650779
585	22	26791628	27834752	rs134783	27651715
585	22	26791628	27834752	rs134784	27652075
585	22	26791628	27834752	rs134785	27652289
585	22	26791628	27834752	rs134788	27653252
585	22	26791628	27834752	rs134790	27653397
585	22	26791628	27834752	rs1076620	27655945
585	22	26791628	27834752	rs79137	27657507
585	22	26791628	27834752	rs518350	27657544
585	22	26791628	27834752	rs486375	27657604
585	22	26791628	27834752	rs760591	27659029
585	22	26791628	27834752	rs1519217	27659347
585	22	26791628	27834752	rs738211	27659629
585	22	26791628	27834752	rs738214	27659774
585	22	26791628	27834752	rs4820748	27660461
585	22	26791628	27834752	rs932299	27661009
585	22	26791628	27834752	rs549601	27661878
585	22	26791628	27834752	rs5762049	27662213
585	22	26791628	27834752	rs5762051	27663166
585	22	26791628	27834752	rs713855	27663248
585	22	26791628	27834752	rs4412	27663643
585	22	26791628	27834752	rs12628370	27665142
585	22	26791628	27834752	rs527255	27667235
585	22	26791628	27834752	rs713914	27667795
585	22	26791628	27834752	rs134794	27668370
585	22	26791628	27834752	rs134795	27668544
585	22	26791628	27834752	rs4413	27668750
585	22	26791628	27834752	rs4414	27669376
585	22	26791628	27834752	rs47808	27670885
585	22	26791628	27834752	rs874822	27671082
585	22	26791628	27834752	rs134806	27673211
585	22	26791628	27834752	rs134809	27674547
585	22	26791628	27834752	rs134810	27674832
585	22	26791628	27834752	rs6005355	27675538
585	22	26791628	27834752	rs9625197	27676577
585	22	26791628	27834752	rs564666	27678463
585	22	26791628	27834752	rs542981	27679808
585	22	26791628	27834752	rs13054977	27682597
585	22	26791628	27834752	rs7293113	27682627
585	22	26791628	27834752	rs525250	27683031
585	22	26791628	27834752	rs1519220	27683477
585	22	26791628	27834752	rs134815	27684158
585	22	26791628	27834752	rs1963140	27685544
585	22	26791628	27834752	rs1807718	27685669
585	22	26791628	27834752	rs12628710	27687072
585	22	26791628	27834752	rs5997217	27687437
585	22	26791628	27834752	rs516252	27688707
585	22	26791628	27834752	rs8136576	27689956
585	22	26791628	27834752	rs768784	27690377
585	22	26791628	27834752	rs563325	27691026
585	22	26791628	27834752	rs6005365	27691285
585	22	26791628	27834752	rs5762059	27694867
585	22	26791628	27834752	rs480666	27695057
585	22	26791628	27834752	rs11705104	27696194
585	22	26791628	27834752	rs9625199	27700289
585	22	26791628	27834752	rs9625200	27700318
585	22	26791628	27834752	rs507070	27700919
585	22	26791628	27834752	rs79136	27701317
585	22	26791628	27834752	rs516155	27706005
585	22	26791628	27834752	rs13058071	27708313
585	22	26791628	27834752	rs528686	27708852
585	22	26791628	27834752	rs5997220	27709560
585	22	26791628	27834752	rs563522	27710343
585	22	26791628	27834752	rs477611	27710703
585	22	26791628	27834752	rs8137296	27712520
585	22	26791628	27834752	rs543981	27712996
585	22	26791628	27834752	rs1607498	27715209
585	22	26791628	27834752	rs497150	27717716
585	22	26791628	27834752	rs84312	27718617
585	22	26791628	27834752	rs736950	27718775
585	22	26791628	27834752	rs8135866	27724696
585	22	26791628	27834752	rs8139966	27724782
585	22	26791628	27834752	rs498513	27725233
585	22	26791628	27834752	rs480029	27726026
585	22	26791628	27834752	rs479229	27726071
585	22	26791628	27834752	rs2176659	27726947
585	22	26791628	27834752	rs9613427	27727464
585	22	26791628	27834752	rs12628937	27728405
585	22	26791628	27834752	rs545614	27729548
585	22	26791628	27834752	rs572159	27730109
585	22	26791628	27834752	rs490362	27731470
585	22	26791628	27834752	rs9608600	27732598
585	22	26791628	27834752	rs9917605	27732798
585	22	26791628	27834752	rs8136465	27733540
585	22	26791628	27834752	rs9620685	27735210
585	22	26791628	27834752	rs9917576	27735230
585	22	26791628	27834752	rs5762070	27735268
585	22	26791628	27834752	rs16984323	27735575
585	22	26791628	27834752	rs35196735	27736108
585	22	26791628	27834752	rs1121443	27737157
585	22	26791628	27834752	rs2030297	27737254
585	22	26791628	27834752	rs4820751	27740599
585	22	26791628	27834752	rs494702	27740843
585	22	26791628	27834752	rs849357	27742732
585	22	26791628	27834752	rs1401525	27744608
585	22	26791628	27834752	rs533794	27745625
585	22	26791628	27834752	rs6005382	27746906
585	22	26791628	27834752	rs4302309	27751796
585	22	26791628	27834752	rs9608606	27752084
585	22	26791628	27834752	rs5762086	27754138
585	22	26791628	27834752	rs2179099	27754774
585	22	26791628	27834752	rs5997228	27754802
585	22	26791628	27834752	rs2142619	27756300
585	22	26791628	27834752	rs2179100	27756439
585	22	26791628	27834752	rs2880497	27756513
585	22	26791628	27834752	rs13056418	27757077
585	22	26791628	27834752	rs5752526	27757114
585	22	26791628	27834752	rs12158925	27758706
585	22	26791628	27834752	rs5997236	27760086
585	22	26791628	27834752	rs13054267	27762566
585	22	26791628	27834752	rs4822871	27766075
585	22	26791628	27834752	rs4820754	27766318
585	22	26791628	27834752	rs9613438	27766758
585	22	26791628	27834752	rs6005405	27767093
585	22	26791628	27834752	rs5997240	27770222
585	22	26791628	27834752	rs8137706	27773685
585	22	26791628	27834752	rs2205720	27775511
585	22	26791628	27834752	rs7288551	27775797
585	22	26791628	27834752	rs11705660	27776343
585	22	26791628	27834752	rs8139418	27777382
585	22	26791628	27834752	rs4822872	27779272
585	22	26791628	27834752	rs4822873	27779392
585	22	26791628	27834752	rs11090489	27779409
585	22	26791628	27834752	rs5752530	27781570
585	22	26791628	27834752	rs6519707	27782226
585	22	26791628	27834752	rs6005414	27783185
585	22	26791628	27834752	rs6005415	27785102
585	22	26791628	27834752	rs738504	27785119
585	22	26791628	27834752	rs5762108	27785497
585	22	26791628	27834752	rs136922	27785695
585	22	26791628	27834752	rs136926	27786725
585	22	26791628	27834752	rs5762110	27788451
585	22	26791628	27834752	rs16984485	27791806
585	22	26791628	27834752	rs16984491	27792035
585	22	26791628	27834752	rs16984494	27792426
585	22	26791628	27834752	rs5752534	27792500
585	22	26791628	27834752	rs9613444	27792770
585	22	26791628	27834752	rs136928	27796846
585	22	26791628	27834752	rs136933	27798655
585	22	26791628	27834752	rs5762125	27798832
585	22	26791628	27834752	rs136934	27799006
585	22	26791628	27834752	rs12158509	27800029
585	22	26791628	27834752	rs136941	27801334
585	22	26791628	27834752	rs136943	27803409
585	22	26791628	27834752	rs136944	27804019
585	22	26791628	27834752	rs136945	27804079
585	22	26791628	27834752	rs8184960	27805183
585	22	26791628	27834752	rs136947	27805463
585	22	26791628	27834752	rs16984543	27807098
585	22	26791628	27834752	rs136950	27808186
585	22	26791628	27834752	rs136951	27808478
585	22	26791628	27834752	rs7291247	27809402
585	22	26791628	27834752	rs738505	27814070
585	22	26791628	27834752	rs79556	27814314
585	22	26791628	27834752	rs136957	27814604
585	22	26791628	27834752	rs136958	27815491
585	22	26791628	27834752	rs127190	27816514
585	22	26791628	27834752	rs733164	27816784
585	22	26791628	27834752	rs1159794	27818428
585	22	26791628	27834752	rs1159795	27818596
585	22	26791628	27834752	rs13055229	27819250
585	22	26791628	27834752	rs6519708	27819961
585	22	26791628	27834752	rs4140448	27820751
585	22	26791628	27834752	rs4822875	27821656
585	22	26791628	27834752	rs12627850	27822043
585	22	26791628	27834752	rs4822876	27822059
585	22	26791628	27834752	rs5762138	27822562
585	22	26791628	27834752	rs1884129	27823215
585	22	26791628	27834752	rs1884128	27823368
585	22	26791628	27834752	rs5762141	27824063
585	22	26791628	27834752	rs7288389	27824316
585	22	26791628	27834752	rs761594	27825443
585	22	26791628	27834752	rs761592	27825612
585	22	26791628	27834752	rs2207361	27825804
585	22	26791628	27834752	rs5752545	27829565
585	22	26791628	27834752	rs9306441	27831461
585	22	26791628	27834752	rs1884134	27831650
585	22	26791628	27834752	rs999224	27834500
585	22	26791628	27834752	rs999223	27834539
