Gene	SNP
ENSG00000198445	rs4535153
ENSG00000198445	rs9605903
ENSG00000198445	rs5747940
ENSG00000198445	rs5746647
ENSG00000198445	rs16980739
ENSG00000198445	rs9605927
ENSG00000198445	rs5747968
ENSG00000198445	rs2236639
ENSG00000198445	rs5747988
ENSG00000198445	rs5746664
ENSG00000198445	rs5747999
ENSG00000198445	rs2070501
ENSG00000198445	rs11089263
ENSG00000198445	rs2096537
ENSG00000198445	rs16984366
ENSG00000198445	rs2154615
ENSG00000198445	rs8137637
ENSG00000198445	rs4410381
ENSG00000198445	rs9604967
ENSG00000198445	rs5993671
ENSG00000172967	rs2381107
ENSG00000172967	rs4819535
ENSG00000172967	rs5748648
ENSG00000172967	rs738045
ENSG00000172967	rs7284996
ENSG00000172967	rs5748651
ENSG00000172967	rs2385714
ENSG00000172967	rs2080203
ENSG00000172967	rs5748657
ENSG00000172967	rs2072467
ENSG00000172967	rs2072466
ENSG00000172967	rs7291429
ENSG00000172967	rs9605155
ENSG00000172967	rs5748664
ENSG00000172967	rs874835
ENSG00000172967	rs874836
ENSG00000172967	rs5994031
ENSG00000172967	rs2215842
ENSG00000172967	rs2192431
ENSG00000172967	rs175138
ENSG00000172967	rs175139
ENSG00000172967	rs983305
ENSG00000172967	rs9606478
ENSG00000172967	rs175140
ENSG00000172967	rs1860944
ENSG00000172967	rs7287430
ENSG00000172967	rs175145
ENSG00000172967	rs175146
ENSG00000172967	rs175147
ENSG00000172967	rs16981741
ENSG00000172967	rs175148
ENSG00000172967	rs175149
ENSG00000172967	rs9606481
ENSG00000172967	rs17363716
ENSG00000172967	rs165652
ENSG00000172967	rs165757
ENSG00000172967	rs17435801
ENSG00000172967	rs175152
ENSG00000172967	rs165645
ENSG00000172967	rs165611
ENSG00000172967	rs5746906
ENSG00000172967	rs165670
ENSG00000172967	rs165778
ENSG00000172967	rs165810
ENSG00000172967	rs2075120
ENSG00000172967	rs175154
ENSG00000172967	rs165808
ENSG00000172967	rs165890
ENSG00000172967	rs2041608
ENSG00000172967	rs12169910
ENSG00000215568	rs5748752
ENSG00000215568	rs5994102
ENSG00000215568	rs5748755
ENSG00000215568	rs2385785
ENSG00000215568	rs5748756
ENSG00000215568	rs5994104
ENSG00000215568	rs933461
ENSG00000215568	rs1981707
ENSG00000215568	rs4819923
ENSG00000215568	rs5748760
ENSG00000215568	rs5748762
ENSG00000215568	rs2385786
ENSG00000215568	rs5994110
ENSG00000215568	rs17733785
ENSG00000215568	rs8137298
ENSG00000215568	rs11914017
ENSG00000215568	rs11089387
ENSG00000215568	rs5992598
ENSG00000215568	rs7287116
ENSG00000215568	rs1024732
ENSG00000215568	rs5748765
ENSG00000215568	rs5748766
ENSG00000215568	rs4819925
ENSG00000215568	rs2041607
ENSG00000215568	rs5992600
ENSG00000215568	rs759076
ENSG00000215568	rs757630
ENSG00000215568	rs4819932
ENSG00000215568	rs9618953
ENSG00000215568	rs4819934
ENSG00000215568	rs4819935
ENSG00000215568	rs4819936
ENSG00000215568	rs5992604
ENSG00000215568	rs9618954
ENSG00000215568	rs17806634
ENSG00000215568	rs2399152
ENSG00000215568	rs4819938
ENSG00000215568	rs5748798
ENSG00000215568	rs5746961
ENSG00000215568	rs11913227
ENSG00000215568	rs5994128
ENSG00000215568	rs5994129
ENSG00000215568	rs917838
ENSG00000215568	rs2192155
ENSG00000215568	rs738031
ENSG00000215568	rs2399153
ENSG00000215568	rs4141523
ENSG00000215568	rs4819940
ENSG00000215568	rs17806741
ENSG00000215568	rs5994130
ENSG00000215568	rs17204993
ENSG00000215568	rs2399168
ENSG00000215568	rs2908526
ENSG00000177663	rs2845384
ENSG00000177663	rs7285901
ENSG00000177663	rs2845408
ENSG00000177663	rs16981964
ENSG00000177663	rs10483090
ENSG00000177663	rs12159416
ENSG00000177663	rs9606592
ENSG00000177663	rs5748845
ENSG00000177663	rs5994155
ENSG00000177663	rs5748850
ENSG00000177663	rs2041629
ENSG00000177663	rs4819956
ENSG00000177663	rs4819553
ENSG00000177663	rs4819958
ENSG00000177663	rs4819554
ENSG00000177663	rs2241042
ENSG00000177663	rs2241043
ENSG00000177663	rs5748863
ENSG00000177663	rs6518660
ENSG00000177663	rs13053889
ENSG00000177663	rs9606615
ENSG00000177663	rs2241044
ENSG00000177663	rs2302519
ENSG00000177663	rs2241046
ENSG00000177663	rs2241049
ENSG00000177663	rs6518661
ENSG00000177663	rs879577
ENSG00000177663	rs879576
ENSG00000177663	rs879575
ENSG00000177663	rs1468488
ENSG00000177663	rs2895332
ENSG00000177663	rs887796
ENSG00000177663	rs738034
ENSG00000177663	rs3827278
ENSG00000177663	rs4819962
ENSG00000177663	rs1047929
ENSG00000177663	rs11160
ENSG00000177663	rs971768
ENSG00000177663	rs7289082
ENSG00000177663	rs12170331
ENSG00000177663	rs974396
ENSG00000177663	rs738033
ENSG00000177663	rs2277830
ENSG00000177663	rs3827295
ENSG00000177663	rs5994165
ENSG00000177663	rs5992629
ENSG00000177663	rs5748871
ENSG00000177663	rs5746996
ENSG00000177663	rs4819964
ENSG00000177663	rs5748875
ENSG00000177663	rs4819965
ENSG00000177663	rs9605222
ENSG00000177663	rs5748883
ENSG00000177663	rs5747004
ENSG00000177663	rs5994170
ENSG00000177663	rs4819558
ENSG00000177663	rs4819559
ENSG00000177663	rs5994175
ENSG00000177663	rs740422
ENSG00000177663	rs741139
ENSG00000177663	rs5747007
ENSG00000177663	rs7287119
ENSG00000177663	rs5747008
ENSG00000177663	rs2302521
ENSG00000177663	rs3788268
ENSG00000177663	rs1034859
ENSG00000183307	rs5748850
ENSG00000183307	rs2041629
ENSG00000183307	rs4819956
ENSG00000183307	rs4819553
ENSG00000183307	rs4819958
ENSG00000183307	rs4819554
ENSG00000183307	rs2241042
ENSG00000183307	rs2241043
ENSG00000183307	rs5748863
ENSG00000183307	rs6518660
ENSG00000183307	rs13053889
ENSG00000183307	rs9606615
ENSG00000183307	rs2241044
ENSG00000183307	rs2302519
ENSG00000183307	rs2241046
ENSG00000183307	rs2241049
ENSG00000183307	rs6518661
ENSG00000183307	rs879577
ENSG00000183307	rs879576
ENSG00000183307	rs879575
ENSG00000183307	rs1468488
ENSG00000183307	rs2895332
ENSG00000183307	rs887796
ENSG00000183307	rs738034
ENSG00000183307	rs3827278
ENSG00000183307	rs4819962
ENSG00000183307	rs1047929
ENSG00000183307	rs11160
ENSG00000183307	rs971768
ENSG00000183307	rs7289082
ENSG00000183307	rs12170331
ENSG00000183307	rs974396
ENSG00000183307	rs738033
ENSG00000183307	rs2277830
ENSG00000183307	rs3827295
ENSG00000183307	rs5994165
ENSG00000183307	rs5992629
ENSG00000183307	rs5748871
ENSG00000183307	rs5746996
ENSG00000183307	rs4819964
ENSG00000183307	rs5748875
ENSG00000183307	rs4819965
ENSG00000183307	rs9605222
ENSG00000183307	rs5748883
ENSG00000183307	rs5747004
ENSG00000183307	rs5994170
ENSG00000183307	rs4819558
ENSG00000183307	rs4819559
ENSG00000183307	rs5994175
ENSG00000183307	rs740422
ENSG00000183307	rs741139
ENSG00000183307	rs5747007
ENSG00000183307	rs7287119
ENSG00000183307	rs5747008
ENSG00000183307	rs2302521
ENSG00000183307	rs3788268
ENSG00000183307	rs1034859
ENSG00000183307	rs3788269
ENSG00000183307	rs5994180
ENSG00000183307	rs5748917
ENSG00000183307	rs4423695
ENSG00000183307	rs5994186
ENSG00000183307	rs5994187
ENSG00000183307	rs5748919
ENSG00000183307	rs5748923
ENSG00000069998	rs2302519
ENSG00000069998	rs2241046
ENSG00000069998	rs2241049
ENSG00000069998	rs6518661
ENSG00000069998	rs879577
ENSG00000069998	rs879576
ENSG00000069998	rs879575
ENSG00000069998	rs1468488
ENSG00000069998	rs2895332
ENSG00000069998	rs887796
ENSG00000069998	rs738034
ENSG00000069998	rs3827278
ENSG00000069998	rs4819962
ENSG00000069998	rs1047929
ENSG00000069998	rs11160
ENSG00000069998	rs971768
ENSG00000069998	rs7289082
ENSG00000069998	rs12170331
ENSG00000069998	rs974396
ENSG00000069998	rs738033
ENSG00000069998	rs2277830
ENSG00000069998	rs3827295
ENSG00000069998	rs5994165
ENSG00000069998	rs5992629
ENSG00000069998	rs5748871
ENSG00000069998	rs5746996
ENSG00000069998	rs4819964
ENSG00000069998	rs5748875
ENSG00000069998	rs4819965
ENSG00000069998	rs9605222
ENSG00000069998	rs5748883
ENSG00000069998	rs5747004
ENSG00000069998	rs5994170
ENSG00000069998	rs4819558
ENSG00000069998	rs4819559
ENSG00000069998	rs5994175
ENSG00000069998	rs740422
ENSG00000069998	rs741139
ENSG00000069998	rs5747007
ENSG00000069998	rs7287119
ENSG00000069998	rs5747008
ENSG00000069998	rs2302521
ENSG00000069998	rs3788268
ENSG00000069998	rs1034859
ENSG00000069998	rs3788269
ENSG00000069998	rs5994180
ENSG00000069998	rs5748917
ENSG00000069998	rs4423695
ENSG00000069998	rs5994186
ENSG00000069998	rs5994187
ENSG00000069998	rs5748919
ENSG00000069998	rs5748923
ENSG00000069998	rs5748926
ENSG00000069998	rs2401071
ENSG00000069998	rs1125471
ENSG00000069998	rs1076102
ENSG00000069998	rs1135909
ENSG00000069998	rs3171599
ENSG00000069998	rs1139056
ENSG00000069998	rs7285896
ENSG00000069998	rs3764847
ENSG00000069998	rs1079554
ENSG00000069998	rs2231496
ENSG00000069998	rs2231495
ENSG00000069998	rs1544504
ENSG00000069998	rs4819973
ENSG00000069998	rs5992637
ENSG00000069998	rs11912507
ENSG00000069998	rs5747018
ENSG00000069998	rs1076103
ENSG00000069998	rs17807317
ENSG00000069998	rs1076105
ENSG00000093072	rs5748926
ENSG00000093072	rs2401071
ENSG00000093072	rs1125471
ENSG00000093072	rs1076102
ENSG00000093072	rs1135909
ENSG00000093072	rs3171599
ENSG00000093072	rs1139056
ENSG00000093072	rs7285896
ENSG00000093072	rs3764847
ENSG00000093072	rs1079554
ENSG00000093072	rs2231496
ENSG00000093072	rs2231495
ENSG00000093072	rs1544504
ENSG00000093072	rs4819973
ENSG00000093072	rs5992637
ENSG00000093072	rs11912507
ENSG00000093072	rs5747018
ENSG00000093072	rs1076103
ENSG00000093072	rs17807317
ENSG00000093072	rs1076105
ENSG00000093072	rs1076106
ENSG00000093072	rs2231489
ENSG00000093072	rs2240617
ENSG00000093072	rs362129
ENSG00000093072	rs5748952
ENSG00000093072	rs5748954
ENSG00000093072	rs5748955
ENSG00000093072	rs8136533
ENSG00000093072	rs9606655
ENSG00000093072	rs737967
ENSG00000093072	rs5748965
ENSG00000093072	rs5748966
ENSG00000093072	rs737963
ENSG00000093072	rs5994213
ENSG00000093072	rs737962
ENSG00000093072	rs9606661
ENSG00000093072	rs5747033
ENSG00000093072	rs5748972
ENSG00000093072	rs5747035
ENSG00000093072	rs4266110
ENSG00000093072	rs2058119
ENSG00000093072	rs1006015
ENSG00000093072	rs5748979
ENSG00000093072	rs5747037
ENSG00000093072	rs12483926
ENSG00000093072	rs8141904
ENSG00000093072	rs9605246
ENSG00000093072	rs9606669
ENSG00000093072	rs13056269
ENSG00000093072	rs5994231
ENSG00000093072	rs16982255
ENSG00000093072	rs5749001
ENSG00000093072	rs5749002
ENSG00000099954	rs5746366
ENSG00000099954	rs7289964
ENSG00000099954	rs5747112
ENSG00000099954	rs5746368
ENSG00000099954	rs2522311
ENSG00000099954	rs5992044
ENSG00000099954	rs16982402
ENSG00000099954	rs5992046
ENSG00000099954	rs17808076
ENSG00000099954	rs1858757
ENSG00000099954	rs5992047
ENSG00000099954	rs5992689
ENSG00000099954	rs2078734
ENSG00000099954	rs1859120
ENSG00000099954	rs2518746
ENSG00000099954	rs9617578
ENSG00000099954	rs2895937
ENSG00000099954	rs2522314
ENSG00000099954	rs1981533
ENSG00000099954	rs2189077
ENSG00000099954	rs5747132
ENSG00000099954	rs5992705
ENSG00000099954	rs9306194
ENSG00000099954	rs5992707
ENSG00000099954	rs5746379
ENSG00000099954	rs5746382
ENSG00000099954	rs5746385
ENSG00000099954	rs5747145
ENSG00000099954	rs5746387
ENSG00000099954	rs5746398
ENSG00000099954	rs5747164
ENSG00000099954	rs5747167
ENSG00000099954	rs1004973
ENSG00000099954	rs2157720
ENSG00000099954	rs5746406
ENSG00000099954	rs2522284
ENSG00000099954	rs5747176
ENSG00000099954	rs17741005
ENSG00000099954	rs2522285
ENSG00000099954	rs2518751
ENSG00000099954	rs12157361
ENSG00000099954	rs5747183
ENSG00000099954	rs16982512
ENSG00000099954	rs2522288
ENSG00000099954	rs5747187
ENSG00000099954	rs4819591
ENSG00000099954	rs5747190
ENSG00000099954	rs1557622
ENSG00000099954	rs17741035
ENSG00000099954	rs5746415
ENSG00000099954	rs5747195
ENSG00000099954	rs2522297
ENSG00000099954	rs5747200
ENSG00000099954	rs13053651
ENSG00000099954	rs882614
ENSG00000099954	rs2518768
ENSG00000099954	rs7288509
ENSG00000099954	rs10483093
ENSG00000099954	rs5746419
ENSG00000099954	rs5747204
ENSG00000099954	rs174289
ENSG00000099954	rs17808446
ENSG00000099954	rs1296748
ENSG00000099954	rs17808463
ENSG00000099954	rs4819594
ENSG00000099954	rs9605311
ENSG00000182902	rs174330
ENSG00000182902	rs9605317
ENSG00000182902	rs2401125
ENSG00000182902	rs174332
ENSG00000182902	rs1296787
ENSG00000182902	rs1974713
ENSG00000182902	rs2018494
ENSG00000182902	rs174335
ENSG00000182902	rs2300686
ENSG00000182902	rs1296792
ENSG00000182902	rs2300687
ENSG00000182902	rs1296793
ENSG00000182902	rs5992731
ENSG00000182902	rs1003861
ENSG00000182902	rs5992732
ENSG00000182902	rs2268776
ENSG00000182902	rs1296794
ENSG00000182902	rs1296795
ENSG00000182902	rs9605323
ENSG00000182902	rs174342
ENSG00000182902	rs1296800
ENSG00000182902	rs17809189
ENSG00000182902	rs2268780
ENSG00000182902	rs113837
ENSG00000182902	rs174345
ENSG00000182902	rs174347
ENSG00000182902	rs174348
ENSG00000182902	rs174351
ENSG00000182902	rs885971
ENSG00000182902	rs1296805
ENSG00000182902	rs174368
ENSG00000182902	rs2284826
ENSG00000182902	rs2284827
ENSG00000182902	rs412830
ENSG00000182902	rs423158
ENSG00000182902	rs174371
ENSG00000182902	rs1123031
ENSG00000182902	rs1003494
ENSG00000182902	rs5746439
ENSG00000182902	rs5992749
ENSG00000182902	rs1296819
ENSG00000182902	rs1296820
ENSG00000182902	rs1296826
ENSG00000182902	rs5992751
ENSG00000182902	rs2287228
ENSG00000182902	rs2072555
ENSG00000182902	rs5747252
ENSG00000182902	rs714504
ENSG00000182902	rs3747023
ENSG00000182902	rs4239846
ENSG00000182902	rs5747263
ENSG00000182902	rs1034470
ENSG00000182902	rs9605337
ENSG00000182902	rs2300688
ENSG00000182902	rs2300690
ENSG00000182902	rs2300691
ENSG00000182902	rs5747268
ENSG00000182902	rs3747024
ENSG00000182902	rs3747025
ENSG00000182902	rs2401158
ENSG00000182902	rs12159924
ENSG00000182902	rs5992761
ENSG00000182902	rs5747285
ENSG00000182902	rs41472044
ENSG00000131100	rs174368
ENSG00000131100	rs2284826
ENSG00000131100	rs2284827
ENSG00000131100	rs412830
ENSG00000131100	rs423158
ENSG00000131100	rs174371
ENSG00000131100	rs1123031
ENSG00000131100	rs1003494
ENSG00000131100	rs5746439
ENSG00000131100	rs5992749
ENSG00000131100	rs1296819
ENSG00000131100	rs1296820
ENSG00000131100	rs1296826
ENSG00000131100	rs5992751
ENSG00000131100	rs2287228
ENSG00000131100	rs2072555
ENSG00000131100	rs5747252
ENSG00000131100	rs714504
ENSG00000131100	rs3747023
ENSG00000131100	rs4239846
ENSG00000131100	rs5747263
ENSG00000131100	rs1034470
ENSG00000131100	rs9605337
ENSG00000131100	rs2300688
ENSG00000131100	rs2300690
ENSG00000131100	rs2300691
ENSG00000131100	rs5747268
ENSG00000131100	rs3747024
ENSG00000131100	rs3747025
ENSG00000131100	rs2401158
ENSG00000131100	rs12159924
ENSG00000131100	rs5992761
ENSG00000131100	rs5747285
ENSG00000131100	rs41472044
ENSG00000131100	rs5746449
ENSG00000131100	rs5747297
ENSG00000131100	rs9604779
ENSG00000131100	rs1080199
ENSG00000131100	rs12628818
ENSG00000131100	rs5747306
ENSG00000131100	rs11704728
ENSG00000131100	rs2401163
ENSG00000131100	rs5992088
ENSG00000099968	rs5746449
ENSG00000099968	rs5747297
ENSG00000099968	rs9604779
ENSG00000099968	rs1080199
ENSG00000099968	rs12628818
ENSG00000099968	rs5747306
ENSG00000099968	rs11704728
ENSG00000099968	rs2401163
ENSG00000099968	rs5992088
ENSG00000099968	rs2535690
ENSG00000099968	rs2535691
ENSG00000099968	rs2587069
ENSG00000099968	rs2535694
ENSG00000099968	rs11704288
ENSG00000099968	rs1978967
ENSG00000099968	rs5992090
ENSG00000099968	rs9605382
ENSG00000099968	rs2535704
ENSG00000099968	rs5992093
ENSG00000099968	rs2257083
ENSG00000099968	rs5992095
ENSG00000099968	rs2535707
ENSG00000099968	rs17207051
ENSG00000099968	rs2587082
ENSG00000099968	rs2535708
ENSG00000099968	rs9617611
ENSG00000099968	rs5992096
ENSG00000099968	rs2587086
ENSG00000099968	rs5992801
ENSG00000099968	rs7290510
ENSG00000099968	rs4488761
ENSG00000099968	rs9306198
ENSG00000099968	rs725768
ENSG00000099968	rs725769
ENSG00000099968	rs9967
ENSG00000099968	rs713671
ENSG00000015475	rs5992096
ENSG00000015475	rs2587086
ENSG00000015475	rs5992801
ENSG00000015475	rs7290510
ENSG00000015475	rs4488761
ENSG00000015475	rs9306198
ENSG00000015475	rs725768
ENSG00000015475	rs725769
ENSG00000015475	rs9967
ENSG00000015475	rs713671
ENSG00000015475	rs395379
ENSG00000015475	rs8919
ENSG00000015475	rs5747338
ENSG00000015475	rs17809603
ENSG00000015475	rs2305001
ENSG00000015475	rs11538
ENSG00000015475	rs5992809
ENSG00000015475	rs181390
ENSG00000015475	rs181391
ENSG00000015475	rs8190330
ENSG00000015475	rs8190329
ENSG00000015475	rs181392
ENSG00000015475	rs181396
ENSG00000015475	rs181399
ENSG00000015475	rs1468926
ENSG00000015475	rs2270201
ENSG00000015475	rs2072393
ENSG00000015475	rs8190315
ENSG00000015475	rs5747339
ENSG00000015475	rs181402
ENSG00000015475	rs2895951
ENSG00000015475	rs181405
ENSG00000015475	rs372655
ENSG00000015475	rs9604787
ENSG00000015475	rs181408
ENSG00000015475	rs181417
ENSG00000015475	rs5746474
ENSG00000015475	rs5747351
ENSG00000015475	rs5747353
ENSG00000015475	rs738095
ENSG00000015475	rs366542
ENSG00000015475	rs9604789
ENSG00000015475	rs454566
ENSG00000015475	rs5992834
ENSG00000015475	rs391085
ENSG00000015475	rs5992103
ENSG00000015475	rs408656
ENSG00000015475	rs5992838
ENSG00000015475	rs443627
ENSG00000015475	rs7675
ENSG00000015475	rs382013
ENSG00000015475	rs5992105
ENSG00000015475	rs2241252
ENSG00000015475	rs369081
ENSG00000243156	rs873387
ENSG00000243156	rs11917
ENSG00000243156	rs1057721
ENSG00000243156	rs5992879
ENSG00000243156	rs4819639
ENSG00000243156	rs1075596
ENSG00000243156	rs4819640
ENSG00000243156	rs5992126
ENSG00000243156	rs5746486
ENSG00000243156	rs5746487
ENSG00000243156	rs5992128
ENSG00000243156	rs9617633
ENSG00000243156	rs9605422
ENSG00000243156	rs2075444
ENSG00000243156	rs1076113
ENSG00000243156	rs2289718
ENSG00000243156	rs4819644
ENSG00000243156	rs3747031
ENSG00000243156	rs3747032
ENSG00000243156	rs2075455
ENSG00000243156	rs2075454
ENSG00000243156	rs2075453
ENSG00000243156	rs8141766
ENSG00000243156	rs2034113
ENSG00000243156	rs4819647
ENSG00000243156	rs4819648
ENSG00000243156	rs5746492
ENSG00000243156	rs5747405
ENSG00000243156	rs4819649
ENSG00000243156	rs5747408
ENSG00000243156	rs9604802
ENSG00000243156	rs9604803
ENSG00000243156	rs5747411
ENSG00000243156	rs5746497
ENSG00000243156	rs1076110
ENSG00000243156	rs1867355
ENSG00000243156	rs4484121
ENSG00000243156	rs9605439
ENSG00000243156	rs5992907
ENSG00000243156	rs400509
ENSG00000243156	rs431071
ENSG00000243156	rs1109052
ENSG00000243156	rs5747428
ENSG00000243156	rs396012
ENSG00000243156	rs5746498
ENSG00000243156	rs415651
ENSG00000243156	rs384215
ENSG00000243156	rs12166570
ENSG00000215193	rs463271
ENSG00000215193	rs462904
ENSG00000215193	rs466755
ENSG00000215193	rs455758
ENSG00000215193	rs458888
ENSG00000215193	rs9605514
ENSG00000215193	rs1992576
ENSG00000215193	rs458480
ENSG00000215193	rs460036
ENSG00000215193	rs455550
ENSG00000215193	rs7288409
ENSG00000215193	rs7284964
ENSG00000215193	rs7289593
ENSG00000215193	rs12171267
ENSG00000215193	rs5992985
ENSG00000215193	rs5992986
ENSG00000215193	rs11703869
ENSG00000215193	rs11703744
ENSG00000215193	rs17207304
ENSG00000215193	rs5992165
ENSG00000215193	rs17742344
ENSG00000215193	rs9618193
ENSG00000215193	rs2401503
ENSG00000215193	rs10483096
ENSG00000215193	rs17809705
ENSG00000215193	rs1005195
ENSG00000215193	rs17742403
ENSG00000215193	rs5992991
ENSG00000215193	rs5992166
ENSG00000215193	rs4819666
ENSG00000215193	rs8139802
ENSG00000215193	rs464541
ENSG00000215193	rs17207360
ENSG00000215193	rs361818
ENSG00000215193	rs385130
ENSG00000215193	rs464385
ENSG00000215193	rs5992169
ENSG00000215193	rs362128
ENSG00000215193	rs5992997
ENSG00000215193	rs361594
ENSG00000215193	rs362250
ENSG00000215193	rs467998
ENSG00000215193	rs467504
ENSG00000215193	rs3827281
ENSG00000215193	rs17809734
ENSG00000215193	rs468789
ENSG00000215193	rs9647302
ENSG00000215193	rs5992999
ENSG00000215193	rs361893
ENSG00000215193	rs9617661
ENSG00000215193	rs362043
ENSG00000215193	rs7290794
ENSG00000215193	rs361834
ENSG00000215193	rs464901
ENSG00000215193	rs361540
ENSG00000215193	rs9618203
ENSG00000215193	rs362133
ENSG00000215193	rs362195
ENSG00000215193	rs2234329
ENSG00000215193	rs2234331
ENSG00000215193	rs361776
ENSG00000215193	rs362249
ENSG00000215193	rs10427839
ENSG00000215193	rs7286465
ENSG00000215193	rs361557
ENSG00000215193	rs8140197
ENSG00000215193	rs2234338
ENSG00000215193	rs12159975
ENSG00000215193	rs2540620
ENSG00000288683	rs458480
ENSG00000288683	rs460036
ENSG00000288683	rs455550
ENSG00000288683	rs7288409
ENSG00000288683	rs7284964
ENSG00000288683	rs7289593
ENSG00000288683	rs12171267
ENSG00000288683	rs5992985
ENSG00000288683	rs5992986
ENSG00000288683	rs11703869
ENSG00000288683	rs11703744
ENSG00000288683	rs17207304
ENSG00000288683	rs5992165
ENSG00000288683	rs17742344
ENSG00000288683	rs9618193
ENSG00000288683	rs2401503
ENSG00000288683	rs10483096
ENSG00000288683	rs17809705
ENSG00000288683	rs1005195
ENSG00000288683	rs17742403
ENSG00000288683	rs5992991
ENSG00000288683	rs5992166
ENSG00000288683	rs4819666
ENSG00000288683	rs8139802
ENSG00000288683	rs464541
ENSG00000288683	rs17207360
ENSG00000288683	rs361818
ENSG00000288683	rs385130
ENSG00000288683	rs464385
ENSG00000288683	rs5992169
ENSG00000288683	rs362128
ENSG00000288683	rs5992997
ENSG00000288683	rs361594
ENSG00000288683	rs362250
ENSG00000288683	rs467998
ENSG00000288683	rs467504
ENSG00000288683	rs3827281
ENSG00000288683	rs17809734
ENSG00000288683	rs468789
ENSG00000288683	rs9647302
ENSG00000288683	rs5992999
ENSG00000288683	rs361893
ENSG00000288683	rs9617661
ENSG00000288683	rs362043
ENSG00000288683	rs7290794
ENSG00000288683	rs361834
ENSG00000288683	rs464901
ENSG00000288683	rs361540
ENSG00000288683	rs9618203
ENSG00000288683	rs362133
ENSG00000288683	rs362195
ENSG00000288683	rs2234329
ENSG00000288683	rs2234331
ENSG00000288683	rs361776
ENSG00000288683	rs362249
ENSG00000288683	rs10427839
ENSG00000288683	rs7286465
ENSG00000288683	rs361557
ENSG00000288683	rs8140197
ENSG00000288683	rs2234338
ENSG00000288683	rs12159975
ENSG00000288683	rs2540620
ENSG00000288683	rs5747492
ENSG00000288683	rs361534
ENSG00000288683	rs9618216
ENSG00000288683	rs5993013
ENSG00000288683	rs5992185
ENSG00000183785	rs464541
ENSG00000183785	rs17207360
ENSG00000183785	rs361818
ENSG00000183785	rs385130
ENSG00000183785	rs464385
ENSG00000183785	rs5992169
ENSG00000183785	rs362128
ENSG00000183785	rs5992997
ENSG00000183785	rs361594
ENSG00000183785	rs362250
ENSG00000183785	rs467998
ENSG00000183785	rs467504
ENSG00000183785	rs3827281
ENSG00000183785	rs17809734
ENSG00000183785	rs468789
ENSG00000183785	rs9647302
ENSG00000183785	rs5992999
ENSG00000183785	rs361893
ENSG00000183785	rs9617661
ENSG00000183785	rs362043
ENSG00000183785	rs7290794
ENSG00000183785	rs361834
ENSG00000183785	rs464901
ENSG00000183785	rs361540
ENSG00000183785	rs9618203
ENSG00000183785	rs362133
ENSG00000183785	rs362195
ENSG00000183785	rs2234329
ENSG00000183785	rs2234331
ENSG00000183785	rs361776
ENSG00000183785	rs362249
ENSG00000183785	rs10427839
ENSG00000183785	rs7286465
ENSG00000183785	rs361557
ENSG00000183785	rs8140197
ENSG00000183785	rs2234338
ENSG00000183785	rs12159975
ENSG00000183785	rs2540620
ENSG00000183785	rs5747492
ENSG00000183785	rs361534
ENSG00000183785	rs9618216
ENSG00000183785	rs5993013
ENSG00000183785	rs5992185
ENSG00000183785	rs2252257
ENSG00000183785	rs2543953
ENSG00000183785	rs3180408
ENSG00000184979	rs7290794
ENSG00000184979	rs361834
ENSG00000184979	rs464901
ENSG00000184979	rs361540
ENSG00000184979	rs9618203
ENSG00000184979	rs362133
ENSG00000184979	rs362195
ENSG00000184979	rs2234329
ENSG00000184979	rs2234331
ENSG00000184979	rs361776
ENSG00000184979	rs362249
ENSG00000184979	rs10427839
ENSG00000184979	rs7286465
ENSG00000184979	rs361557
ENSG00000184979	rs8140197
ENSG00000184979	rs2234338
ENSG00000184979	rs12159975
ENSG00000184979	rs2540620
ENSG00000184979	rs5747492
ENSG00000184979	rs361534
ENSG00000184979	rs9618216
ENSG00000184979	rs5993013
ENSG00000184979	rs5992185
ENSG00000184979	rs2252257
ENSG00000184979	rs2543953
ENSG00000184979	rs3180408
ENSG00000183628	rs2870978
ENSG00000183628	rs17742907
ENSG00000183628	rs2080346
ENSG00000183628	rs407895
ENSG00000183628	rs418623
ENSG00000183628	rs2005883
ENSG00000183628	rs431289
ENSG00000183628	rs413280
ENSG00000183628	rs450046
ENSG00000183628	rs2540623
ENSG00000183628	rs455135
ENSG00000183628	rs28750191
ENSG00000183628	rs5747927
ENSG00000183628	rs9618419
ENSG00000183628	rs1808318
ENSG00000183628	rs2005736
ENSG00000183628	rs2238732
ENSG00000183628	rs2016108
ENSG00000183628	rs759404
ENSG00000183628	rs2238733
ENSG00000183628	rs367766
ENSG00000183628	rs759406
ENSG00000183628	rs17743045
ENSG00000183628	rs16983593
ENSG00000183628	rs3788287
ENSG00000183628	rs1814288
ENSG00000183628	rs9604911
ENSG00000183628	rs9605907
ENSG00000100033	rs2870978
ENSG00000100033	rs17742907
ENSG00000100033	rs2080346
ENSG00000100033	rs407895
ENSG00000100033	rs418623
ENSG00000100033	rs2005883
ENSG00000100033	rs431289
ENSG00000100033	rs413280
ENSG00000100033	rs450046
ENSG00000100033	rs2540623
ENSG00000100033	rs455135
ENSG00000100033	rs28750191
ENSG00000100033	rs5747927
ENSG00000100033	rs9618419
ENSG00000100033	rs1808318
ENSG00000100033	rs2005736
ENSG00000100033	rs2238732
ENSG00000100033	rs2016108
ENSG00000100033	rs759404
ENSG00000100033	rs2238733
ENSG00000100033	rs367766
ENSG00000100033	rs759406
ENSG00000100033	rs17743045
ENSG00000100033	rs16983593
ENSG00000100033	rs3788287
ENSG00000100033	rs1814288
ENSG00000100033	rs9604911
ENSG00000100033	rs9605907
ENSG00000100033	rs5993445
ENSG00000100033	rs2540627
ENSG00000100033	rs2077200
ENSG00000100033	rs7288481
ENSG00000283809	rs2870978
ENSG00000283809	rs17742907
ENSG00000283809	rs2080346
ENSG00000283809	rs407895
ENSG00000283809	rs418623
ENSG00000283809	rs2005883
ENSG00000283809	rs431289
ENSG00000283809	rs413280
ENSG00000283809	rs450046
ENSG00000283809	rs2540623
ENSG00000283809	rs455135
ENSG00000283809	rs28750191
ENSG00000283809	rs5747927
ENSG00000283809	rs9618419
ENSG00000283809	rs1808318
ENSG00000283809	rs2005736
ENSG00000283809	rs2238732
ENSG00000283809	rs2016108
ENSG00000283809	rs759404
ENSG00000283809	rs2238733
ENSG00000283809	rs367766
ENSG00000283809	rs759406
ENSG00000283809	rs17743045
ENSG00000283809	rs16983593
ENSG00000283809	rs3788287
ENSG00000283809	rs1814288
ENSG00000283809	rs9604911
ENSG00000283809	rs9605907
ENSG00000283809	rs5993445
ENSG00000283809	rs2540627
ENSG00000283809	rs2077200
ENSG00000283809	rs7288481
ENSG00000283809	rs2019061
ENSG00000070413	rs2073776
ENSG00000070413	rs6623
ENSG00000070413	rs10160
ENSG00000070413	rs2072123
ENSG00000070413	rs5992353
ENSG00000070413	rs2283641
ENSG00000070413	rs2073775
ENSG00000070413	rs6518516
ENSG00000070413	rs6518517
ENSG00000070413	rs715590
ENSG00000070413	rs715599
ENSG00000070413	rs1001896
ENSG00000070413	rs5992354
ENSG00000070413	rs2057754
ENSG00000070413	rs10854539
ENSG00000070413	rs8138035
ENSG00000070413	rs5992356
ENSG00000070413	rs2238740
ENSG00000070413	rs2238743
ENSG00000070413	rs5993488
ENSG00000070413	rs5993489
ENSG00000070413	rs2238748
ENSG00000070413	rs5993492
ENSG00000070413	rs6518522
ENSG00000070413	rs2238751
ENSG00000070413	rs2238754
ENSG00000070413	rs1557847
ENSG00000070413	rs5993516
ENSG00000070413	rs2800960
ENSG00000070413	rs2800969
ENSG00000070413	rs2800980
ENSG00000070413	rs1934895
ENSG00000070413	rs2525036
ENSG00000070413	rs2793064
ENSG00000070413	rs10483100
ENSG00000070413	rs2800954
ENSG00000070413	rs8135308
ENSG00000070413	rs2189490
ENSG00000070413	rs2066240
ENSG00000070413	rs1034727
ENSG00000070413	rs2800981
ENSG00000070413	rs2525079
ENSG00000070413	rs5993533
ENSG00000070413	rs712966
ENSG00000070413	rs807741
ENSG00000070413	rs807750
ENSG00000070413	rs807751
ENSG00000070413	rs807753
ENSG00000070413	rs807756
ENSG00000070413	rs807757
ENSG00000070413	rs807758
ENSG00000070413	rs807759
ENSG00000070413	rs17811029
ENSG00000206203	rs5993516
ENSG00000206203	rs2800960
ENSG00000206203	rs2800969
ENSG00000206203	rs2800980
ENSG00000206203	rs1934895
ENSG00000206203	rs2525036
ENSG00000206203	rs2793064
ENSG00000206203	rs10483100
ENSG00000206203	rs2800954
ENSG00000206203	rs8135308
ENSG00000206203	rs2189490
ENSG00000206203	rs2066240
ENSG00000206203	rs1034727
ENSG00000206203	rs2800981
ENSG00000206203	rs2525079
ENSG00000206203	rs5993533
ENSG00000206203	rs712966
ENSG00000206203	rs807741
ENSG00000206203	rs807750
ENSG00000206203	rs807751
ENSG00000206203	rs807753
ENSG00000206203	rs807756
ENSG00000206203	rs807757
ENSG00000206203	rs807758
ENSG00000206203	rs807759
ENSG00000206203	rs17811029
ENSG00000206203	rs8139221
ENSG00000206203	rs1052763
ENSG00000206203	rs1052773
ENSG00000206203	rs2285857
ENSG00000206203	rs2285858
ENSG00000206203	rs712965
ENSG00000206203	rs2240111
ENSG00000206203	rs2240112
ENSG00000206203	rs16983371
ENSG00000206203	rs5747997
ENSG00000206203	rs17743887
ENSG00000206203	rs17743906
ENSG00000206203	rs737923
ENSG00000206203	rs715544
ENSG00000206203	rs4819776
ENSG00000206203	rs4819778
ENSG00000206203	rs2275901
ENSG00000206203	rs12484548
ENSG00000206203	rs12484562
ENSG00000206203	rs11089255
ENSG00000206203	rs12628176
ENSG00000206203	rs5993546
ENSG00000206203	rs2096376
ENSG00000206203	rs5748014
ENSG00000206203	rs5748015
ENSG00000206203	rs5993549
ENSG00000206203	rs4819782
ENSG00000206203	rs13053237
ENSG00000206203	rs807670
ENSG00000206203	rs5748021
ENSG00000206203	rs712964
ENSG00000206203	rs712960
ENSG00000206203	rs807673
ENSG00000206203	rs712959
ENSG00000206203	rs2298271
ENSG00000206203	rs2298270
ENSG00000206203	rs5746671
ENSG00000206203	rs807667
ENSG00000206203	rs712958
ENSG00000206203	rs2800974
ENSG00000206203	rs2800973
ENSG00000100056	rs2800960
ENSG00000100056	rs2800969
ENSG00000100056	rs2800980
ENSG00000100056	rs1934895
ENSG00000100056	rs2525036
ENSG00000100056	rs2793064
ENSG00000100056	rs10483100
ENSG00000100056	rs2800954
ENSG00000100056	rs8135308
ENSG00000100056	rs2189490
ENSG00000100056	rs2066240
ENSG00000100056	rs1034727
ENSG00000100056	rs2800981
ENSG00000100056	rs2525079
ENSG00000100056	rs5993533
ENSG00000100056	rs712966
ENSG00000100056	rs807741
ENSG00000100056	rs807750
ENSG00000100056	rs807751
ENSG00000100056	rs807753
ENSG00000100056	rs807756
ENSG00000100056	rs807757
ENSG00000100056	rs807758
ENSG00000100056	rs807759
ENSG00000100056	rs17811029
ENSG00000100056	rs8139221
ENSG00000100056	rs1052763
ENSG00000100056	rs1052773
ENSG00000100056	rs2285857
ENSG00000100056	rs2285858
ENSG00000100056	rs712965
ENSG00000100056	rs2240111
ENSG00000100056	rs2240112
ENSG00000100056	rs16983371
ENSG00000100056	rs5747997
ENSG00000100056	rs17743887
ENSG00000100056	rs17743906
ENSG00000100056	rs737923
ENSG00000100056	rs715544
ENSG00000100056	rs4819776
ENSG00000100056	rs4819778
ENSG00000100056	rs2275901
ENSG00000100056	rs12484548
ENSG00000100056	rs12484562
ENSG00000100056	rs11089255
ENSG00000100056	rs12628176
ENSG00000100056	rs5993546
ENSG00000100056	rs2096376
ENSG00000100056	rs5748014
ENSG00000100056	rs5748015
ENSG00000100056	rs5993549
ENSG00000100056	rs4819782
ENSG00000100056	rs13053237
ENSG00000100056	rs807670
ENSG00000100056	rs5748021
ENSG00000100056	rs712964
ENSG00000100056	rs712960
ENSG00000100056	rs807673
ENSG00000100056	rs712959
ENSG00000100056	rs2298271
ENSG00000100056	rs2298270
ENSG00000100056	rs5746671
ENSG00000100056	rs807667
ENSG00000100056	rs712958
ENSG00000100056	rs2800974
ENSG00000100056	rs2800973
ENSG00000100056	rs1018764
ENSG00000063515	rs2800954
ENSG00000063515	rs8135308
ENSG00000063515	rs2189490
ENSG00000063515	rs2066240
ENSG00000063515	rs1034727
ENSG00000063515	rs2800981
ENSG00000063515	rs2525079
ENSG00000063515	rs5993533
ENSG00000063515	rs712966
ENSG00000063515	rs807741
ENSG00000063515	rs807750
ENSG00000063515	rs807751
ENSG00000063515	rs807753
ENSG00000063515	rs807756
ENSG00000063515	rs807757
ENSG00000063515	rs807758
ENSG00000063515	rs807759
ENSG00000063515	rs17811029
ENSG00000063515	rs8139221
ENSG00000063515	rs1052763
ENSG00000063515	rs1052773
ENSG00000063515	rs2285857
ENSG00000063515	rs2285858
ENSG00000063515	rs712965
ENSG00000063515	rs2240111
ENSG00000063515	rs2240112
ENSG00000063515	rs16983371
ENSG00000063515	rs5747997
ENSG00000063515	rs17743887
ENSG00000063515	rs17743906
ENSG00000063515	rs737923
ENSG00000063515	rs715544
ENSG00000063515	rs4819776
ENSG00000063515	rs4819778
ENSG00000063515	rs2275901
ENSG00000063515	rs12484548
ENSG00000063515	rs12484562
ENSG00000063515	rs11089255
ENSG00000063515	rs12628176
ENSG00000063515	rs5993546
ENSG00000063515	rs2096376
ENSG00000063515	rs5748014
ENSG00000063515	rs5748015
ENSG00000063515	rs5993549
ENSG00000063515	rs4819782
ENSG00000063515	rs13053237
ENSG00000063515	rs807670
ENSG00000063515	rs5748021
ENSG00000063515	rs712964
ENSG00000063515	rs712960
ENSG00000063515	rs807673
ENSG00000063515	rs712959
ENSG00000063515	rs2298271
ENSG00000063515	rs2298270
ENSG00000063515	rs5746671
ENSG00000063515	rs807667
ENSG00000063515	rs712958
ENSG00000063515	rs2800974
ENSG00000063515	rs2800973
ENSG00000063515	rs1018764
ENSG00000063515	rs756651
ENSG00000063515	rs762523
ENSG00000063515	rs1771547
ENSG00000063515	rs2238760
ENSG00000063515	rs1633399
ENSG00000063515	rs1061325
ENSG00000063515	rs2282684
ENSG00000063515	rs723414
ENSG00000100075	rs17811029
ENSG00000100075	rs8139221
ENSG00000100075	rs1052763
ENSG00000100075	rs1052773
ENSG00000100075	rs2285857
ENSG00000100075	rs2285858
ENSG00000100075	rs712965
ENSG00000100075	rs2240111
ENSG00000100075	rs2240112
ENSG00000100075	rs16983371
ENSG00000100075	rs5747997
ENSG00000100075	rs17743887
ENSG00000100075	rs17743906
ENSG00000100075	rs737923
ENSG00000100075	rs715544
ENSG00000100075	rs4819776
ENSG00000100075	rs4819778
ENSG00000100075	rs2275901
ENSG00000100075	rs12484548
ENSG00000100075	rs12484562
ENSG00000100075	rs11089255
ENSG00000100075	rs12628176
ENSG00000100075	rs5993546
ENSG00000100075	rs2096376
ENSG00000100075	rs5748014
ENSG00000100075	rs5748015
ENSG00000100075	rs5993549
ENSG00000100075	rs4819782
ENSG00000100075	rs13053237
ENSG00000100075	rs807670
ENSG00000100075	rs5748021
ENSG00000100075	rs712964
ENSG00000100075	rs712960
ENSG00000100075	rs807673
ENSG00000100075	rs712959
ENSG00000100075	rs2298271
ENSG00000100075	rs2298270
ENSG00000100075	rs5746671
ENSG00000100075	rs807667
ENSG00000100075	rs712958
ENSG00000100075	rs2800974
ENSG00000100075	rs2800973
ENSG00000100075	rs1018764
ENSG00000100075	rs756651
ENSG00000100075	rs762523
ENSG00000100075	rs1771547
ENSG00000100075	rs2238760
ENSG00000100075	rs1633399
ENSG00000100075	rs1061325
ENSG00000100075	rs2282684
ENSG00000100075	rs723414
ENSG00000100075	rs712957
ENSG00000100075	rs9605957
ENSG00000100075	rs2239390
ENSG00000100075	rs2239391
ENSG00000100075	rs1633404
ENSG00000100075	rs2283645
ENSG00000100075	rs807547
ENSG00000100075	rs2073740
ENSG00000100075	rs1060376
ENSG00000100075	rs712954
ENSG00000100075	rs712952
ENSG00000100075	rs885978
ENSG00000100075	rs928907
ENSG00000100075	rs712951
ENSG00000100075	rs712950
ENSG00000100075	rs999699
ENSG00000100075	rs2073756
ENSG00000100075	rs2073755
ENSG00000100075	rs807462
ENSG00000070371	rs756651
ENSG00000070371	rs762523
ENSG00000070371	rs1771547
ENSG00000070371	rs2238760
ENSG00000070371	rs1633399
ENSG00000070371	rs1061325
ENSG00000070371	rs2282684
ENSG00000070371	rs723414
ENSG00000070371	rs712957
ENSG00000070371	rs9605957
ENSG00000070371	rs2239390
ENSG00000070371	rs2239391
ENSG00000070371	rs1633404
ENSG00000070371	rs2283645
ENSG00000070371	rs807547
ENSG00000070371	rs2073740
ENSG00000070371	rs1060376
ENSG00000070371	rs712954
ENSG00000070371	rs712952
ENSG00000070371	rs885978
ENSG00000070371	rs928907
ENSG00000070371	rs712951
ENSG00000070371	rs712950
ENSG00000070371	rs999699
ENSG00000070371	rs2073756
ENSG00000070371	rs2073755
ENSG00000070371	rs807462
ENSG00000070371	rs1206549
ENSG00000070371	rs1206554
ENSG00000070371	rs2073754
ENSG00000070371	rs807459
ENSG00000070371	rs809416
ENSG00000070371	rs807467
ENSG00000070371	rs807468
ENSG00000070371	rs5746696
ENSG00000070371	rs809901
ENSG00000070371	rs1206555
ENSG00000070371	rs807464
ENSG00000070371	rs807465
ENSG00000070371	rs1206542
ENSG00000070371	rs5746701
ENSG00000070371	rs807429
ENSG00000070371	rs807430
ENSG00000070371	rs2518866
ENSG00000070371	rs3788295
ENSG00000070371	rs9605972
ENSG00000070371	rs1340958
ENSG00000070371	rs2518840
ENSG00000070371	rs362148
ENSG00000070371	rs361787
ENSG00000070371	rs361991
ENSG00000070371	rs361956
ENSG00000070371	rs2078750
ENSG00000100084	rs1210709
ENSG00000100084	rs885982
ENSG00000100084	rs2283650
ENSG00000100084	rs1210711
ENSG00000100084	rs2238763
ENSG00000100084	rs1210715
ENSG00000100084	rs756652
ENSG00000100084	rs9605996
ENSG00000100084	rs2023639
ENSG00000100084	rs737810
ENSG00000100084	rs2238766
ENSG00000100084	rs8137238
ENSG00000100084	rs5748156
ENSG00000100084	rs5746727
ENSG00000100084	rs2283652
ENSG00000100084	rs2073773
ENSG00000100084	rs2285334
ENSG00000100084	rs5748165
ENSG00000100084	rs5748167
ENSG00000100084	rs2013516
ENSG00000100084	rs1009787
ENSG00000100084	rs2097605
ENSG00000100084	rs5992398
ENSG00000100084	rs11089273
ENSG00000100084	rs9606001
ENSG00000100084	rs2871026
ENSG00000100084	rs5748175
ENSG00000100084	rs5993624
ENSG00000100084	rs2871027
ENSG00000100084	rs2106144
ENSG00000100084	rs2106145
ENSG00000100084	rs28444159
ENSG00000100084	rs2238767
ENSG00000100084	rs2238768
ENSG00000100084	rs5748179
ENSG00000100084	rs9306217
ENSG00000100084	rs7284649
ENSG00000100084	rs11089274
ENSG00000100084	rs3788298
ENSG00000100084	rs4479520
ENSG00000100084	rs5748189
ENSG00000100084	rs5748190
ENSG00000100084	rs5748191
ENSG00000100084	rs5748195
ENSG00000100084	rs5748199
ENSG00000100084	rs9618567
ENSG00000100084	rs28552452
ENSG00000100084	rs5748203
ENSG00000100084	rs12168943
ENSG00000100084	rs9606017
ENSG00000100084	rs7575
ENSG00000242259	rs885982
ENSG00000242259	rs2283650
ENSG00000242259	rs1210711
ENSG00000242259	rs2238763
ENSG00000242259	rs1210715
ENSG00000242259	rs756652
ENSG00000242259	rs9605996
ENSG00000242259	rs2023639
ENSG00000242259	rs737810
ENSG00000242259	rs2238766
ENSG00000242259	rs8137238
ENSG00000242259	rs5748156
ENSG00000242259	rs5746727
ENSG00000242259	rs2283652
ENSG00000242259	rs2073773
ENSG00000242259	rs2285334
ENSG00000242259	rs5748165
ENSG00000242259	rs5748167
ENSG00000242259	rs2013516
ENSG00000242259	rs1009787
ENSG00000242259	rs2097605
ENSG00000242259	rs5992398
ENSG00000242259	rs11089273
ENSG00000242259	rs9606001
ENSG00000242259	rs2871026
ENSG00000242259	rs5748175
ENSG00000242259	rs5993624
ENSG00000242259	rs2871027
ENSG00000242259	rs2106144
ENSG00000242259	rs2106145
ENSG00000242259	rs28444159
ENSG00000242259	rs2238767
ENSG00000242259	rs2238768
ENSG00000242259	rs5748179
ENSG00000242259	rs9306217
ENSG00000242259	rs7284649
ENSG00000242259	rs11089274
ENSG00000242259	rs3788298
ENSG00000242259	rs4479520
ENSG00000242259	rs5748189
ENSG00000242259	rs5748190
ENSG00000242259	rs5748191
ENSG00000242259	rs5748195
ENSG00000242259	rs5748199
ENSG00000242259	rs9618567
ENSG00000242259	rs28552452
ENSG00000242259	rs5748203
ENSG00000242259	rs12168943
ENSG00000242259	rs9606017
ENSG00000242259	rs7575
ENSG00000242259	rs11744
ENSG00000242259	rs885975
ENSG00000242259	rs712979
ENSG00000242259	rs9606020
ENSG00000242259	rs756649
ENSG00000242259	rs756648
ENSG00000242259	rs2904558
ENSG00000185608	rs2013516
ENSG00000185608	rs1009787
ENSG00000185608	rs2097605
ENSG00000185608	rs5992398
ENSG00000185608	rs11089273
ENSG00000185608	rs9606001
ENSG00000185608	rs2871026
ENSG00000185608	rs5748175
ENSG00000185608	rs5993624
ENSG00000185608	rs2871027
ENSG00000185608	rs2106144
ENSG00000185608	rs2106145
ENSG00000185608	rs28444159
ENSG00000185608	rs2238767
ENSG00000185608	rs2238768
ENSG00000185608	rs5748179
ENSG00000185608	rs9306217
ENSG00000185608	rs7284649
ENSG00000185608	rs11089274
ENSG00000185608	rs3788298
ENSG00000185608	rs4479520
ENSG00000185608	rs5748189
ENSG00000185608	rs5748190
ENSG00000185608	rs5748191
ENSG00000185608	rs5748195
ENSG00000185608	rs5748199
ENSG00000185608	rs9618567
ENSG00000185608	rs28552452
ENSG00000185608	rs5748203
ENSG00000185608	rs12168943
ENSG00000185608	rs9606017
ENSG00000185608	rs7575
ENSG00000185608	rs11744
ENSG00000185608	rs885975
ENSG00000185608	rs712979
ENSG00000185608	rs9606020
ENSG00000185608	rs756649
ENSG00000185608	rs756648
ENSG00000185608	rs2904558
ENSG00000185608	rs2073731
ENSG00000185608	rs1057457
ENSG00000185608	rs7292006
ENSG00000185608	rs5748212
ENSG00000185608	rs2269722
ENSG00000185608	rs5746738
ENSG00000185608	rs5748215
ENSG00000185608	rs5746740
ENSG00000185608	rs5748218
ENSG00000185608	rs2072055
ENSG00000185608	rs4493360
ENSG00000185608	rs5746742
ENSG00000185608	rs756658
ENSG00000185608	rs756657
ENSG00000185608	rs739369
ENSG00000185608	rs17811336
ENSG00000185608	rs2073758
ENSG00000185608	rs13447182
ENSG00000185608	rs4141527
ENSG00000185608	rs13447189
ENSG00000185608	rs5993650
ENSG00000185608	rs13447203
ENSG00000185608	rs737858
ENSG00000070010	rs5748195
ENSG00000070010	rs5748199
ENSG00000070010	rs9618567
ENSG00000070010	rs28552452
ENSG00000070010	rs5748203
ENSG00000070010	rs12168943
ENSG00000070010	rs9606017
ENSG00000070010	rs7575
ENSG00000070010	rs11744
ENSG00000070010	rs885975
ENSG00000070010	rs712979
ENSG00000070010	rs9606020
ENSG00000070010	rs756649
ENSG00000070010	rs756648
ENSG00000070010	rs2904558
ENSG00000070010	rs2073731
ENSG00000070010	rs1057457
ENSG00000070010	rs7292006
ENSG00000070010	rs5748212
ENSG00000070010	rs2269722
ENSG00000070010	rs5746738
ENSG00000070010	rs5748215
ENSG00000070010	rs5746740
ENSG00000070010	rs5748218
ENSG00000070010	rs2072055
ENSG00000070010	rs4493360
ENSG00000070010	rs5746742
ENSG00000070010	rs756658
ENSG00000070010	rs756657
ENSG00000070010	rs739369
ENSG00000070010	rs17811336
ENSG00000070010	rs2073758
ENSG00000070010	rs13447182
ENSG00000070010	rs4141527
ENSG00000070010	rs13447189
ENSG00000070010	rs5993650
ENSG00000070010	rs13447203
ENSG00000070010	rs737858
ENSG00000070010	rs2238772
ENSG00000070010	rs7292872
ENSG00000070010	rs5748239
ENSG00000070010	rs2073759
ENSG00000070010	rs5748240
ENSG00000070010	rs5748243
ENSG00000070010	rs9618586
ENSG00000070010	rs13447232
ENSG00000070010	rs8140666
ENSG00000070010	rs2073761
ENSG00000070010	rs5746757
ENSG00000070010	rs2073736
ENSG00000070010	rs5746758
ENSG00000070010	rs2283656
ENSG00000070010	rs13447270
ENSG00000093009	rs2073731
ENSG00000093009	rs1057457
ENSG00000093009	rs7292006
ENSG00000093009	rs5748212
ENSG00000093009	rs2269722
ENSG00000093009	rs5746738
ENSG00000093009	rs5748215
ENSG00000093009	rs5746740
ENSG00000093009	rs5748218
ENSG00000093009	rs2072055
ENSG00000093009	rs4493360
ENSG00000093009	rs5746742
ENSG00000093009	rs756658
ENSG00000093009	rs756657
ENSG00000093009	rs739369
ENSG00000093009	rs17811336
ENSG00000093009	rs2073758
ENSG00000093009	rs13447182
ENSG00000093009	rs4141527
ENSG00000093009	rs13447189
ENSG00000093009	rs5993650
ENSG00000093009	rs13447203
ENSG00000093009	rs737858
ENSG00000093009	rs2238772
ENSG00000093009	rs7292872
ENSG00000093009	rs5748239
ENSG00000093009	rs2073759
ENSG00000093009	rs5748240
ENSG00000093009	rs5748243
ENSG00000093009	rs9618586
ENSG00000093009	rs13447232
ENSG00000093009	rs8140666
ENSG00000093009	rs2073761
ENSG00000093009	rs5746757
ENSG00000093009	rs2073736
ENSG00000093009	rs5746758
ENSG00000093009	rs2283656
ENSG00000093009	rs13447270
ENSG00000093009	rs13447279
ENSG00000093009	rs2073733
ENSG00000093009	rs2073732
ENSG00000093009	rs13447284
ENSG00000093009	rs2073760
ENSG00000093009	rs9606045
ENSG00000093009	rs5993665
ENSG00000093009	rs12628900
ENSG00000093009	rs11705109
ENSG00000093009	rs2871029
ENSG00000093009	rs9604969
ENSG00000093009	rs739370
ENSG00000093009	rs5748260
ENSG00000093009	rs7290191
ENSG00000093009	rs13056098
ENSG00000093009	rs4819804
ENSG00000184113	rs13447182
ENSG00000184113	rs4141527
ENSG00000184113	rs13447189
ENSG00000184113	rs5993650
ENSG00000184113	rs13447203
ENSG00000184113	rs737858
ENSG00000184113	rs2238772
ENSG00000184113	rs7292872
ENSG00000184113	rs5748239
ENSG00000184113	rs2073759
ENSG00000184113	rs5748240
ENSG00000184113	rs5748243
ENSG00000184113	rs9618586
ENSG00000184113	rs13447232
ENSG00000184113	rs8140666
ENSG00000184113	rs2073761
ENSG00000184113	rs5746757
ENSG00000184113	rs2073736
ENSG00000184113	rs5746758
ENSG00000184113	rs2283656
ENSG00000184113	rs13447270
ENSG00000184113	rs13447279
ENSG00000184113	rs2073733
ENSG00000184113	rs2073732
ENSG00000184113	rs13447284
ENSG00000184113	rs2073760
ENSG00000184113	rs9606045
ENSG00000184113	rs5993665
ENSG00000184113	rs12628900
ENSG00000184113	rs11705109
ENSG00000184113	rs2871029
ENSG00000184113	rs9604969
ENSG00000184113	rs739370
ENSG00000184113	rs5748260
ENSG00000184113	rs7290191
ENSG00000184113	rs13056098
ENSG00000184113	rs4819804
ENSG00000184113	rs2157728
ENSG00000184113	rs5748285
ENSG00000184113	rs2106136
ENSG00000184113	rs9606068
ENSG00000184113	rs5746775
ENSG00000184113	rs5746779
ENSG00000184113	rs13057770
ENSG00000184113	rs7286951
ENSG00000184113	rs7287561
ENSG00000184702	rs5748391
ENSG00000184702	rs9605002
ENSG00000184702	rs9605004
ENSG00000184702	rs5993790
ENSG00000184702	rs2078742
ENSG00000184702	rs5748396
ENSG00000184702	rs16984071
ENSG00000184702	rs1123657
ENSG00000184702	rs1557627
ENSG00000184702	rs5992460
ENSG00000184702	rs1015939
ENSG00000184702	rs1018851
ENSG00000184702	rs5992462
ENSG00000184702	rs5748403
ENSG00000184702	rs13054827
ENSG00000184702	rs5993810
ENSG00000184702	rs2097599
ENSG00000184702	rs13055644
ENSG00000184702	rs4819833
ENSG00000184702	rs35581723
ENSG00000184702	rs9606146
ENSG00000184702	rs2871041
ENSG00000184702	rs5748411
ENSG00000184702	rs4819840
ENSG00000184702	rs4819841
ENSG00000184702	rs5993817
ENSG00000184702	rs9618678
ENSG00000184702	rs739377
ENSG00000184702	rs2157731
ENSG00000184702	rs11089305
ENSG00000184702	rs5748415
ENSG00000184702	rs7293017
ENSG00000184702	rs6518580
ENSG00000184702	rs4819519
ENSG00000184702	rs7291533
ENSG00000184702	rs5993820
ENSG00000184702	rs8138086
ENSG00000184702	rs1978060
ENSG00000184702	rs2301558
ENSG00000284874	rs5748391
ENSG00000284874	rs9605002
ENSG00000284874	rs9605004
ENSG00000284874	rs5993790
ENSG00000284874	rs2078742
ENSG00000284874	rs5748396
ENSG00000284874	rs16984071
ENSG00000284874	rs1123657
ENSG00000284874	rs1557627
ENSG00000284874	rs5992460
ENSG00000284874	rs1015939
ENSG00000284874	rs1018851
ENSG00000284874	rs5992462
ENSG00000284874	rs5748403
ENSG00000284874	rs13054827
ENSG00000284874	rs5993810
ENSG00000284874	rs2097599
ENSG00000284874	rs13055644
ENSG00000284874	rs4819833
ENSG00000284874	rs35581723
ENSG00000284874	rs9606146
ENSG00000284874	rs2871041
ENSG00000284874	rs5748411
ENSG00000284874	rs4819840
ENSG00000284874	rs4819841
ENSG00000284874	rs5993817
ENSG00000284874	rs9618678
ENSG00000284874	rs739377
ENSG00000284874	rs2157731
ENSG00000284874	rs11089305
ENSG00000284874	rs5748415
ENSG00000284874	rs7293017
ENSG00000284874	rs6518580
ENSG00000284874	rs4819519
ENSG00000284874	rs7291533
ENSG00000284874	rs5993820
ENSG00000284874	rs8138086
ENSG00000284874	rs1978060
ENSG00000284874	rs2301558
ENSG00000284874	rs2238774
ENSG00000284874	rs2238777
ENSG00000284874	rs2238778
ENSG00000203618	rs9605002
ENSG00000203618	rs9605004
ENSG00000203618	rs5993790
ENSG00000203618	rs2078742
ENSG00000203618	rs5748396
ENSG00000203618	rs16984071
ENSG00000203618	rs1123657
ENSG00000203618	rs1557627
ENSG00000203618	rs5992460
ENSG00000203618	rs1015939
ENSG00000203618	rs1018851
ENSG00000203618	rs5992462
ENSG00000203618	rs5748403
ENSG00000203618	rs13054827
ENSG00000203618	rs5993810
ENSG00000203618	rs2097599
ENSG00000203618	rs13055644
ENSG00000203618	rs4819833
ENSG00000203618	rs35581723
ENSG00000203618	rs9606146
ENSG00000203618	rs2871041
ENSG00000203618	rs5748411
ENSG00000203618	rs4819840
ENSG00000203618	rs4819841
ENSG00000203618	rs5993817
ENSG00000203618	rs9618678
ENSG00000203618	rs739377
ENSG00000203618	rs2157731
ENSG00000203618	rs11089305
ENSG00000203618	rs5748415
ENSG00000203618	rs7293017
ENSG00000203618	rs6518580
ENSG00000203618	rs4819519
ENSG00000203618	rs7291533
ENSG00000203618	rs5993820
ENSG00000203618	rs8138086
ENSG00000203618	rs1978060
ENSG00000203618	rs2301558
ENSG00000203618	rs2238774
ENSG00000203618	rs2238777
ENSG00000203618	rs2238778
ENSG00000184058	rs2871041
ENSG00000184058	rs5748411
ENSG00000184058	rs4819840
ENSG00000184058	rs4819841
ENSG00000184058	rs5993817
ENSG00000184058	rs9618678
ENSG00000184058	rs739377
ENSG00000184058	rs2157731
ENSG00000184058	rs11089305
ENSG00000184058	rs5748415
ENSG00000184058	rs7293017
ENSG00000184058	rs6518580
ENSG00000184058	rs4819519
ENSG00000184058	rs7291533
ENSG00000184058	rs5993820
ENSG00000184058	rs8138086
ENSG00000184058	rs1978060
ENSG00000184058	rs2301558
ENSG00000184058	rs2238774
ENSG00000184058	rs2238777
ENSG00000184058	rs2238778
ENSG00000184058	rs4819843
ENSG00000184058	rs4819522
ENSG00000184058	rs5746826
ENSG00000184058	rs13055776
ENSG00000184058	rs2073762
ENSG00000184058	rs5993830
ENSG00000184058	rs5748425
ENSG00000184058	rs5748427
ENSG00000184058	rs5746834
ENSG00000184058	rs2871043
ENSG00000184058	rs5748432
ENSG00000184058	rs2269725
ENSG00000184058	rs2269726
ENSG00000184058	rs2904561
ENSG00000184058	rs748806
ENSG00000184058	rs9606160
ENSG00000184058	rs12485220
ENSG00000184058	rs5748443
ENSG00000184058	rs5993834
ENSG00000184058	rs2073765
ENSG00000184058	rs5748445
ENSG00000184058	rs5746837
ENSG00000184058	rs9606164
ENSG00000185838	rs2238774
ENSG00000185838	rs2238777
ENSG00000185838	rs2238778
ENSG00000185838	rs4819843
ENSG00000185838	rs4819522
ENSG00000185838	rs5746826
ENSG00000185838	rs13055776
ENSG00000185838	rs2073762
ENSG00000185838	rs5993830
ENSG00000185838	rs5748425
ENSG00000185838	rs5748427
ENSG00000185838	rs5746834
ENSG00000185838	rs2871043
ENSG00000185838	rs5748432
ENSG00000185838	rs2269725
ENSG00000185838	rs2269726
ENSG00000185838	rs2904561
ENSG00000185838	rs748806
ENSG00000185838	rs9606160
ENSG00000185838	rs12485220
ENSG00000185838	rs5748443
ENSG00000185838	rs5993834
ENSG00000185838	rs2073765
ENSG00000185838	rs5748445
ENSG00000185838	rs5746837
ENSG00000185838	rs9606164
ENSG00000185838	rs5993844
ENSG00000185838	rs9618705
ENSG00000185838	rs7285337
ENSG00000185838	rs1468089
ENSG00000185838	rs1468090
ENSG00000185838	rs10427769
ENSG00000185838	rs9680547
ENSG00000185838	rs6518584
ENSG00000185838	rs7285519
ENSG00000185838	rs7287254
ENSG00000185838	rs12167717
ENSG00000185838	rs35519960
ENSG00000185838	rs11089314
ENSG00000185838	rs5748453
ENSG00000185838	rs1053001
ENSG00000185838	rs1052978
ENSG00000185838	rs35077427
ENSG00000185838	rs7288631
ENSG00000185838	rs11705143
ENSG00000185838	rs3196628
ENSG00000185838	rs10372
ENSG00000185838	rs3747066
ENSG00000185838	rs17745302
ENSG00000185838	rs11704009
ENSG00000185838	rs11704083
ENSG00000185838	rs35169076
ENSG00000185838	rs13057784
ENSG00000185838	rs13057910
ENSG00000185838	rs17534001
ENSG00000185838	rs11913285
ENSG00000185838	rs13053155
ENSG00000185838	rs12106549
ENSG00000185838	rs6518585
ENSG00000185838	rs35374520
ENSG00000185838	rs9754418
ENSG00000215012	rs9606160
ENSG00000215012	rs12485220
ENSG00000215012	rs5748443
ENSG00000215012	rs5993834
ENSG00000215012	rs2073765
ENSG00000215012	rs5748445
ENSG00000215012	rs5746837
ENSG00000215012	rs9606164
ENSG00000215012	rs5993844
ENSG00000215012	rs9618705
ENSG00000215012	rs7285337
ENSG00000215012	rs1468089
ENSG00000215012	rs1468090
ENSG00000215012	rs10427769
ENSG00000215012	rs9680547
ENSG00000215012	rs6518584
ENSG00000215012	rs7285519
ENSG00000215012	rs7287254
ENSG00000215012	rs12167717
ENSG00000215012	rs35519960
ENSG00000215012	rs11089314
ENSG00000215012	rs5748453
ENSG00000215012	rs1053001
ENSG00000215012	rs1052978
ENSG00000215012	rs35077427
ENSG00000215012	rs7288631
ENSG00000215012	rs11705143
ENSG00000215012	rs3196628
ENSG00000215012	rs10372
ENSG00000215012	rs3747066
ENSG00000215012	rs17745302
ENSG00000215012	rs11704009
ENSG00000215012	rs11704083
ENSG00000215012	rs35169076
ENSG00000215012	rs13057784
ENSG00000215012	rs13057910
ENSG00000215012	rs17534001
ENSG00000215012	rs11913285
ENSG00000215012	rs13053155
ENSG00000215012	rs12106549
ENSG00000215012	rs6518585
ENSG00000215012	rs35374520
ENSG00000215012	rs9754418
ENSG00000215012	rs17745314
ENSG00000215012	rs7285948
ENSG00000215012	rs13057441
ENSG00000215012	rs1044732
ENSG00000215012	rs16984299
ENSG00000215012	rs7288061
ENSG00000215012	rs13054371
ENSG00000215012	rs1139793
ENSG00000215012	rs8141610
ENSG00000215012	rs2239893
ENSG00000215012	rs12158214
ENSG00000215012	rs3788305
ENSG00000215012	rs3788306
ENSG00000215012	rs2073750
ENSG00000215012	rs9606171
ENSG00000215012	rs1015471
ENSG00000215012	rs3788309
ENSG00000215012	rs3804047
ENSG00000215012	rs5993853
ENSG00000215012	rs3788310
ENSG00000215012	rs4819845
ENSG00000215012	rs5992493
ENSG00000184470	rs12106549
ENSG00000184470	rs6518585
ENSG00000184470	rs35374520
ENSG00000184470	rs9754418
ENSG00000184470	rs17745314
ENSG00000184470	rs7285948
ENSG00000184470	rs13057441
ENSG00000184470	rs1044732
ENSG00000184470	rs16984299
ENSG00000184470	rs7288061
ENSG00000184470	rs13054371
ENSG00000184470	rs1139793
ENSG00000184470	rs8141610
ENSG00000184470	rs2239893
ENSG00000184470	rs12158214
ENSG00000184470	rs3788305
ENSG00000184470	rs3788306
ENSG00000184470	rs2073750
ENSG00000184470	rs9606171
ENSG00000184470	rs1015471
ENSG00000184470	rs3788309
ENSG00000184470	rs3804047
ENSG00000184470	rs5993853
ENSG00000184470	rs3788310
ENSG00000184470	rs4819845
ENSG00000184470	rs5992493
ENSG00000184470	rs3788314
ENSG00000184470	rs3788317
ENSG00000184470	rs9606176
ENSG00000184470	rs7410379
ENSG00000184470	rs1005873
ENSG00000184470	rs756661
ENSG00000184470	rs11541479
ENSG00000184470	rs5748469
ENSG00000184470	rs5748470
ENSG00000184470	rs1978058
ENSG00000184470	rs8141691
ENSG00000184470	rs1012157
ENSG00000184470	rs7289747
ENSG00000184470	rs17210001
ENSG00000184470	rs5993875
ENSG00000184470	rs7287604
ENSG00000184470	rs7290448
ENSG00000184470	rs9617850
ENSG00000184470	rs5746847
ENSG00000184470	rs9605030
ENSG00000184470	rs9605031
ENSG00000184470	rs8140265
ENSG00000184470	rs5748485
ENSG00000184470	rs6518591
ENSG00000184470	rs11705619
ENSG00000184470	rs5748489
ENSG00000184470	rs4646310
ENSG00000184470	rs2020917
ENSG00000184470	rs737866
ENSG00000184470	rs737865
ENSG00000184470	rs9332316
ENSG00000184470	rs933271
ENSG00000184470	rs1544325
ENSG00000184470	rs8185002
ENSG00000184470	rs174674
ENSG00000184470	rs174675
ENSG00000184470	rs5993882
ENSG00000184470	rs5993883
ENSG00000093010	rs9606176
ENSG00000093010	rs7410379
ENSG00000093010	rs1005873
ENSG00000093010	rs756661
ENSG00000093010	rs11541479
ENSG00000093010	rs5748469
ENSG00000093010	rs5748470
ENSG00000093010	rs1978058
ENSG00000093010	rs8141691
ENSG00000093010	rs1012157
ENSG00000093010	rs7289747
ENSG00000093010	rs17210001
ENSG00000093010	rs5993875
ENSG00000093010	rs7287604
ENSG00000093010	rs7290448
ENSG00000093010	rs9617850
ENSG00000093010	rs5746847
ENSG00000093010	rs9605030
ENSG00000093010	rs9605031
ENSG00000093010	rs8140265
ENSG00000093010	rs5748485
ENSG00000093010	rs6518591
ENSG00000093010	rs11705619
ENSG00000093010	rs5748489
ENSG00000093010	rs4646310
ENSG00000093010	rs2020917
ENSG00000093010	rs737866
ENSG00000093010	rs737865
ENSG00000093010	rs9332316
ENSG00000093010	rs933271
ENSG00000093010	rs1544325
ENSG00000093010	rs8185002
ENSG00000093010	rs174674
ENSG00000093010	rs174675
ENSG00000093010	rs5993882
ENSG00000093010	rs5993883
ENSG00000093010	rs16982844
ENSG00000093010	rs4646312
ENSG00000093010	rs9332362
ENSG00000093010	rs4633
ENSG00000093010	rs2239393
ENSG00000093010	rs740601
ENSG00000093010	rs4680
ENSG00000093010	rs769224
ENSG00000093010	rs4646316
ENSG00000093010	rs165774
ENSG00000093010	rs174697
ENSG00000093010	rs174699
ENSG00000093010	rs9306235
ENSG00000093010	rs9332377
ENSG00000093010	rs165728
ENSG00000093010	rs9265
ENSG00000093010	rs165849
ENSG00000093010	rs165824
ENSG00000093010	rs165815
ENSG00000093010	rs5993891
ENSG00000093010	rs758373
ENSG00000093010	rs2240713
ENSG00000093010	rs887199
ENSG00000093010	rs2239395
ENSG00000093010	rs1110477
ENSG00000093010	rs1110478
ENSG00000093010	rs887200
ENSG00000093010	rs12158201
ENSG00000093010	rs887204
ENSG00000093010	rs2073748
ENSG00000093010	rs2240716
ENSG00000093010	rs1990277
ENSG00000093010	rs917478
ENSG00000093010	rs917479
ENSG00000093010	rs2238786
ENSG00000093010	rs756653
ENSG00000093010	rs2012714
ENSG00000093010	rs4819527
ENSG00000093010	rs2073746
ENSG00000093010	rs2238788
ENSG00000093010	rs2238790
ENSG00000093010	rs17817568
ENSG00000093010	rs1034564
ENSG00000093010	rs11089325
ENSG00000093010	rs1034565
ENSG00000093010	rs2073745
ENSG00000093010	rs732596
ENSG00000093010	rs7285377
ENSG00000093010	rs4819852
ENSG00000093010	rs2073742
ENSG00000093010	rs2073741
ENSG00000093010	rs9617857
ENSG00000093010	rs9618725
ENSG00000099889	rs933271
ENSG00000099889	rs1544325
ENSG00000099889	rs8185002
ENSG00000099889	rs174674
ENSG00000099889	rs174675
ENSG00000099889	rs5993882
ENSG00000099889	rs5993883
ENSG00000099889	rs16982844
ENSG00000099889	rs4646312
ENSG00000099889	rs9332362
ENSG00000099889	rs4633
ENSG00000099889	rs2239393
ENSG00000099889	rs740601
ENSG00000099889	rs4680
ENSG00000099889	rs769224
ENSG00000099889	rs4646316
ENSG00000099889	rs165774
ENSG00000099889	rs174697
ENSG00000099889	rs174699
ENSG00000099889	rs9306235
ENSG00000099889	rs9332377
ENSG00000099889	rs165728
ENSG00000099889	rs9265
ENSG00000099889	rs165849
ENSG00000099889	rs165824
ENSG00000099889	rs165815
ENSG00000099889	rs5993891
ENSG00000099889	rs758373
ENSG00000099889	rs2240713
ENSG00000099889	rs887199
ENSG00000099889	rs2239395
ENSG00000099889	rs1110477
ENSG00000099889	rs1110478
ENSG00000099889	rs887200
ENSG00000099889	rs12158201
ENSG00000099889	rs887204
ENSG00000099889	rs2073748
ENSG00000099889	rs2240716
ENSG00000099889	rs1990277
ENSG00000099889	rs917478
ENSG00000099889	rs917479
ENSG00000099889	rs2238786
ENSG00000099889	rs756653
ENSG00000099889	rs2012714
ENSG00000099889	rs4819527
ENSG00000099889	rs2073746
ENSG00000099889	rs2238788
ENSG00000099889	rs2238790
ENSG00000099889	rs17817568
ENSG00000099889	rs1034564
ENSG00000099889	rs11089325
ENSG00000099889	rs1034565
ENSG00000099889	rs2073745
ENSG00000099889	rs732596
ENSG00000099889	rs7285377
ENSG00000099889	rs4819852
ENSG00000099889	rs2073742
ENSG00000099889	rs2073741
ENSG00000099889	rs9617857
ENSG00000099889	rs9618725
ENSG00000099889	rs17817586
ENSG00000099889	rs877118
ENSG00000099889	rs1989843
ENSG00000099889	rs41458445
ENSG00000099889	rs2531697
ENSG00000099889	rs4819853
ENSG00000099889	rs2531716
ENSG00000099889	rs3788322
ENSG00000099889	rs1858770
ENSG00000099889	rs5746851
ENSG00000099889	rs737985
ENSG00000099889	rs2518827
ENSG00000099889	rs2518829
ENSG00000099889	rs2531706
ENSG00000099889	rs5748505
ENSG00000099889	rs9606212
ENSG00000099889	rs9606213
ENSG00000099889	rs2531708
ENSG00000099889	rs2078749
ENSG00000099889	rs2008591
ENSG00000099889	rs6518598
ENSG00000099889	rs11703292
ENSG00000099889	rs374225
ENSG00000183597	rs2238788
ENSG00000183597	rs2238790
ENSG00000183597	rs17817568
ENSG00000183597	rs1034564
ENSG00000183597	rs11089325
ENSG00000183597	rs1034565
ENSG00000183597	rs2073745
ENSG00000183597	rs732596
ENSG00000183597	rs7285377
ENSG00000183597	rs4819852
ENSG00000183597	rs2073742
ENSG00000183597	rs2073741
ENSG00000183597	rs9617857
ENSG00000183597	rs9618725
ENSG00000183597	rs17817586
ENSG00000183597	rs877118
ENSG00000183597	rs1989843
ENSG00000183597	rs41458445
ENSG00000183597	rs2531697
ENSG00000183597	rs4819853
ENSG00000183597	rs2531716
ENSG00000183597	rs3788322
ENSG00000183597	rs1858770
ENSG00000183597	rs5746851
ENSG00000183597	rs737985
ENSG00000183597	rs2518827
ENSG00000183597	rs2518829
ENSG00000183597	rs2531706
ENSG00000183597	rs5748505
ENSG00000183597	rs9606212
ENSG00000183597	rs9606213
ENSG00000183597	rs2531708
ENSG00000183597	rs2078749
ENSG00000183597	rs2008591
ENSG00000183597	rs6518598
ENSG00000183597	rs11703292
ENSG00000183597	rs374225
ENSG00000183597	rs455049
ENSG00000183597	rs397701
ENSG00000183597	rs405342
ENSG00000183597	rs3804046
ENSG00000183597	rs17817689
ENSG00000183597	rs366148
ENSG00000183597	rs729894
ENSG00000183597	rs429965
ENSG00000183597	rs174876
ENSG00000183597	rs440042
ENSG00000183597	rs399162
ENSG00000183597	rs432909
ENSG00000183597	rs17818431
ENSG00000183597	rs3804044
ENSG00000183597	rs3804043
ENSG00000183597	rs442277
ENSG00000183597	rs1054215
ENSG00000183597	rs7285397
ENSG00000183597	rs5992507
ENSG00000183597	rs446059
ENSG00000183597	rs9606232
ENSG00000183597	rs2269724
ENSG00000183597	rs9606239
ENSG00000183597	rs9606240
ENSG00000183597	rs17817767
ENSG00000183597	rs1558496
ENSG00000183597	rs1558497
ENSG00000183597	rs2302497
ENSG00000183597	rs2073778
ENSG00000183597	rs9606241
ENSG00000183597	rs2073779
ENSG00000183597	rs11089328
ENSG00000128191	rs405342
ENSG00000128191	rs3804046
ENSG00000128191	rs17817689
ENSG00000128191	rs366148
ENSG00000128191	rs729894
ENSG00000128191	rs429965
ENSG00000128191	rs174876
ENSG00000128191	rs440042
ENSG00000128191	rs399162
ENSG00000128191	rs432909
ENSG00000128191	rs17818431
ENSG00000128191	rs3804044
ENSG00000128191	rs3804043
ENSG00000128191	rs442277
ENSG00000128191	rs1054215
ENSG00000128191	rs7285397
ENSG00000128191	rs5992507
ENSG00000128191	rs446059
ENSG00000128191	rs9606232
ENSG00000128191	rs2269724
ENSG00000128191	rs9606239
ENSG00000128191	rs9606240
ENSG00000128191	rs17817767
ENSG00000128191	rs1558496
ENSG00000128191	rs1558497
ENSG00000128191	rs2302497
ENSG00000128191	rs2073778
ENSG00000128191	rs9606241
ENSG00000128191	rs2073779
ENSG00000128191	rs11089328
ENSG00000128191	rs2286925
ENSG00000128191	rs1640297
ENSG00000128191	rs2286926
ENSG00000128191	rs4476436
ENSG00000128191	rs9606248
ENSG00000128191	rs9605062
ENSG00000128191	rs9605063
ENSG00000128191	rs2904565
ENSG00000128191	rs9606251
ENSG00000128191	rs9606252
ENSG00000128191	rs443678
ENSG00000128191	rs8139591
ENSG00000128191	rs1640299
ENSG00000128191	rs417309
ENSG00000128191	rs720012
ENSG00000128191	rs720014
ENSG00000128191	rs3757
ENSG00000128191	rs9605066
ENSG00000128191	rs1633445
ENSG00000128191	rs885980
ENSG00000128191	rs2073777
ENSG00000128191	rs713982
ENSG00000128191	rs2238798
ENSG00000128191	rs9606256
ENSG00000128191	rs11705021
ENSG00000128191	rs175162
ENSG00000128191	rs175163
ENSG00000128191	rs175164
ENSG00000128191	rs175165
ENSG00000128191	rs175166
ENSG00000128191	rs175174
ENSG00000128191	rs2286931
ENSG00000099899	rs17818431
ENSG00000099899	rs3804044
ENSG00000099899	rs3804043
ENSG00000099899	rs442277
ENSG00000099899	rs1054215
ENSG00000099899	rs7285397
ENSG00000099899	rs5992507
ENSG00000099899	rs446059
ENSG00000099899	rs9606232
ENSG00000099899	rs2269724
ENSG00000099899	rs9606239
ENSG00000099899	rs9606240
ENSG00000099899	rs17817767
ENSG00000099899	rs1558496
ENSG00000099899	rs1558497
ENSG00000099899	rs2302497
ENSG00000099899	rs2073778
ENSG00000099899	rs9606241
ENSG00000099899	rs2073779
ENSG00000099899	rs11089328
ENSG00000099899	rs2286925
ENSG00000099899	rs1640297
ENSG00000099899	rs2286926
ENSG00000099899	rs4476436
ENSG00000099899	rs9606248
ENSG00000099899	rs9605062
ENSG00000099899	rs9605063
ENSG00000099899	rs2904565
ENSG00000099899	rs9606251
ENSG00000099899	rs9606252
ENSG00000099899	rs443678
ENSG00000099899	rs8139591
ENSG00000099899	rs1640299
ENSG00000099899	rs417309
ENSG00000099899	rs720012
ENSG00000099899	rs720014
ENSG00000099899	rs3757
ENSG00000099899	rs9605066
ENSG00000099899	rs1633445
ENSG00000099899	rs885980
ENSG00000099899	rs2073777
ENSG00000099899	rs713982
ENSG00000099899	rs2238798
ENSG00000099899	rs9606256
ENSG00000099899	rs11705021
ENSG00000099899	rs175162
ENSG00000099899	rs175163
ENSG00000099899	rs175164
ENSG00000099899	rs175165
ENSG00000099899	rs175166
ENSG00000099899	rs175174
ENSG00000099899	rs2286931
ENSG00000099899	rs8137258
ENSG00000099899	rs4819867
ENSG00000099899	rs9605071
ENSG00000099899	rs9606268
ENSG00000099899	rs649737
ENSG00000099899	rs17817803
ENSG00000099899	rs9605074
ENSG00000099901	rs446059
ENSG00000099901	rs9606232
ENSG00000099901	rs2269724
ENSG00000099901	rs9606239
ENSG00000099901	rs9606240
ENSG00000099901	rs17817767
ENSG00000099901	rs1558496
ENSG00000099901	rs1558497
ENSG00000099901	rs2302497
ENSG00000099901	rs2073778
ENSG00000099901	rs9606241
ENSG00000099901	rs2073779
ENSG00000099901	rs11089328
ENSG00000099901	rs2286925
ENSG00000099901	rs1640297
ENSG00000099901	rs2286926
ENSG00000099901	rs4476436
ENSG00000099901	rs9606248
ENSG00000099901	rs9605062
ENSG00000099901	rs9605063
ENSG00000099901	rs2904565
ENSG00000099901	rs9606251
ENSG00000099901	rs9606252
ENSG00000099901	rs443678
ENSG00000099901	rs8139591
ENSG00000099901	rs1640299
ENSG00000099901	rs417309
ENSG00000099901	rs720012
ENSG00000099901	rs720014
ENSG00000099901	rs3757
ENSG00000099901	rs9605066
ENSG00000099901	rs1633445
ENSG00000099901	rs885980
ENSG00000099901	rs2073777
ENSG00000099901	rs713982
ENSG00000099901	rs2238798
ENSG00000099901	rs9606256
ENSG00000099901	rs11705021
ENSG00000099901	rs175162
ENSG00000099901	rs175163
ENSG00000099901	rs175164
ENSG00000099901	rs175165
ENSG00000099901	rs175166
ENSG00000099901	rs175174
ENSG00000099901	rs2286931
ENSG00000099901	rs8137258
ENSG00000099901	rs4819867
ENSG00000099901	rs9605071
ENSG00000099901	rs9606268
ENSG00000099901	rs649737
ENSG00000099901	rs17817803
ENSG00000099901	rs9605074
ENSG00000099901	rs373747
ENSG00000099901	rs28384
ENSG00000099904	rs2073779
ENSG00000099904	rs11089328
ENSG00000099904	rs2286925
ENSG00000099904	rs1640297
ENSG00000099904	rs2286926
ENSG00000099904	rs4476436
ENSG00000099904	rs9606248
ENSG00000099904	rs9605062
ENSG00000099904	rs9605063
ENSG00000099904	rs2904565
ENSG00000099904	rs9606251
ENSG00000099904	rs9606252
ENSG00000099904	rs443678
ENSG00000099904	rs8139591
ENSG00000099904	rs1640299
ENSG00000099904	rs417309
ENSG00000099904	rs720012
ENSG00000099904	rs720014
ENSG00000099904	rs3757
ENSG00000099904	rs9605066
ENSG00000099904	rs1633445
ENSG00000099904	rs885980
ENSG00000099904	rs2073777
ENSG00000099904	rs713982
ENSG00000099904	rs2238798
ENSG00000099904	rs9606256
ENSG00000099904	rs11705021
ENSG00000099904	rs175162
ENSG00000099904	rs175163
ENSG00000099904	rs175164
ENSG00000099904	rs175165
ENSG00000099904	rs175166
ENSG00000099904	rs175174
ENSG00000099904	rs2286931
ENSG00000099904	rs8137258
ENSG00000099904	rs4819867
ENSG00000099904	rs9605071
ENSG00000099904	rs9606268
ENSG00000099904	rs649737
ENSG00000099904	rs17817803
ENSG00000099904	rs9605074
ENSG00000099904	rs373747
ENSG00000099904	rs28384
ENSG00000099904	rs1153418
ENSG00000099904	rs175194
ENSG00000099904	rs404060
ENSG00000099904	rs385773
ENSG00000099904	rs78908
ENSG00000099904	rs4474965
ENSG00000099904	rs175197
ENSG00000099904	rs175199
ENSG00000099904	rs175200
ENSG00000099904	rs10212087
ENSG00000099904	rs617427
ENSG00000099904	rs75766
ENSG00000099904	rs9618749
ENSG00000234409	rs9606248
ENSG00000234409	rs9605062
ENSG00000234409	rs9605063
ENSG00000234409	rs2904565
ENSG00000234409	rs9606251
ENSG00000234409	rs9606252
ENSG00000234409	rs443678
ENSG00000234409	rs8139591
ENSG00000234409	rs1640299
ENSG00000234409	rs417309
ENSG00000234409	rs720012
ENSG00000234409	rs720014
ENSG00000234409	rs3757
ENSG00000234409	rs9605066
ENSG00000234409	rs1633445
ENSG00000234409	rs885980
ENSG00000234409	rs2073777
ENSG00000234409	rs713982
ENSG00000234409	rs2238798
ENSG00000234409	rs9606256
ENSG00000234409	rs11705021
ENSG00000234409	rs175162
ENSG00000234409	rs175163
ENSG00000234409	rs175164
ENSG00000234409	rs175165
ENSG00000234409	rs175166
ENSG00000234409	rs175174
ENSG00000234409	rs2286931
ENSG00000234409	rs8137258
ENSG00000234409	rs4819867
ENSG00000234409	rs9605071
ENSG00000234409	rs9606268
ENSG00000234409	rs649737
ENSG00000234409	rs17817803
ENSG00000234409	rs9605074
ENSG00000234409	rs373747
ENSG00000234409	rs28384
ENSG00000234409	rs1153418
ENSG00000234409	rs175194
ENSG00000234409	rs404060
ENSG00000234409	rs385773
ENSG00000234409	rs78908
ENSG00000234409	rs4474965
ENSG00000234409	rs175197
ENSG00000234409	rs175199
ENSG00000234409	rs175200
ENSG00000234409	rs10212087
ENSG00000234409	rs617427
ENSG00000234409	rs75766
ENSG00000234409	rs9618749
ENSG00000234409	rs175207
ENSG00000234409	rs2871058
ENSG00000234409	rs2871059
ENSG00000234409	rs175210
ENSG00000234409	rs2537857
ENSG00000234409	rs701446
ENSG00000234409	rs696885
ENSG00000234409	rs696884
ENSG00000234409	rs613930
ENSG00000234409	rs625704
ENSG00000234409	rs681112
ENSG00000040608	rs9606282
ENSG00000040608	rs730669
ENSG00000040608	rs1000539
ENSG00000040608	rs5993934
ENSG00000040608	rs1640426
ENSG00000040608	rs5748554
ENSG00000040608	rs5748555
ENSG00000040608	rs8142885
ENSG00000040608	rs9605090
ENSG00000040608	rs701434
ENSG00000040608	rs8141593
ENSG00000040608	rs5748561
ENSG00000040608	rs9606290
ENSG00000040608	rs854968
ENSG00000040608	rs5993935
ENSG00000040608	rs855072
ENSG00000040608	rs10212079
ENSG00000040608	rs759577
ENSG00000040608	rs701431
ENSG00000040608	rs701430
ENSG00000040608	rs701428
ENSG00000040608	rs854971
ENSG00000040608	rs887765
ENSG00000040608	rs696880
ENSG00000040608	rs1567871
ENSG00000040608	rs9606296
ENSG00000040608	rs855050
ENSG00000040608	rs1807466
ENSG00000040608	rs9606305
ENSG00000040608	rs854936
ENSG00000040608	rs854952
ENSG00000040608	rs701414
ENSG00000040608	rs855064
ENSG00000040608	rs12628408
ENSG00000040608	rs12169202
ENSG00000040608	rs7287659
ENSG00000040608	rs5993954
ENSG00000040608	rs741413
ENSG00000040608	rs2904577
ENSG00000040608	rs759575
ENSG00000040608	rs4425183
ENSG00000128185	rs9606305
ENSG00000128185	rs854936
ENSG00000128185	rs854952
ENSG00000128185	rs701414
ENSG00000128185	rs855064
ENSG00000128185	rs12628408
ENSG00000128185	rs12169202
ENSG00000128185	rs7287659
ENSG00000128185	rs5993954
ENSG00000128185	rs741413
ENSG00000128185	rs2904577
ENSG00000128185	rs759575
ENSG00000128185	rs4425183
ENSG00000128185	rs2280117
ENSG00000128185	rs1210829
ENSG00000128185	rs9617876
ENSG00000274252	rs9617876
ENSG00000278558	rs9617876
ENSG00000185252	rs362064
ENSG00000185252	rs6003971
ENSG00000185252	rs362243
ENSG00000185252	rs361764
ENSG00000185252	rs9609699
ENSG00000185252	rs13055191
ENSG00000185252	rs2108744
ENSG00000185252	rs361689
ENSG00000185252	rs2041969
ENSG00000185252	rs362125
ENSG00000185252	rs887021
ENSG00000185252	rs2266945
ENSG00000185252	rs361877
ENSG00000185252	rs361591
ENSG00000185252	rs361640
ENSG00000185252	rs4546089
ENSG00000185252	rs1990249
ENSG00000185252	rs4581986
ENSG00000185252	rs737811
ENSG00000185252	rs2228236
ENSG00000185252	rs4020
ENSG00000185252	rs887023
ENSG00000185252	rs9610309
ENSG00000185252	rs1013634
ENSG00000185252	rs6005267
ENSG00000185252	rs5761913
ENSG00000185252	rs361603
ENSG00000185252	rs6005680
ENSG00000185252	rs5752676
ENSG00000185252	rs5752681
ENSG00000185252	rs1771146
ENSG00000185252	rs6005740
ENSG00000185252	rs738085
ENSG00000185252	rs738084
ENSG00000185252	rs1076486
ENSG00000185252	rs5997411
ENSG00000185252	rs8137004
ENSG00000185252	rs882745
ENSG00000185252	rs7289390
ENSG00000185252	rs4823021
ENSG00000185252	rs1123521
ENSG00000185252	rs2108746
ENSG00000185252	rs1005640
ENSG00000185252	rs1477177
ENSG00000185252	rs1477178
ENSG00000185252	rs1035239
ENSG00000185252	rs5763655
ENSG00000185252	rs1153427
ENSG00000185252	rs9997
ENSG00000185252	rs5763911
ENSG00000185252	rs8748
ENSG00000185252	rs1058990
ENSG00000185252	rs361727
ENSG00000185252	rs2329356
ENSG00000244486	rs361764
ENSG00000244486	rs9609699
ENSG00000244486	rs13055191
ENSG00000244486	rs2108744
ENSG00000244486	rs361689
ENSG00000244486	rs2041969
ENSG00000244486	rs362125
ENSG00000244486	rs887021
ENSG00000244486	rs2266945
ENSG00000244486	rs361877
ENSG00000244486	rs361591
ENSG00000244486	rs361640
ENSG00000244486	rs4546089
ENSG00000244486	rs1990249
ENSG00000244486	rs4581986
ENSG00000244486	rs737811
ENSG00000244486	rs2228236
ENSG00000244486	rs4020
ENSG00000244486	rs887023
ENSG00000244486	rs9610309
ENSG00000244486	rs1013634
ENSG00000244486	rs6005267
ENSG00000244486	rs5761913
ENSG00000244486	rs361603
ENSG00000244486	rs6005680
ENSG00000244486	rs5752676
ENSG00000244486	rs5752681
ENSG00000244486	rs1771146
ENSG00000244486	rs6005740
ENSG00000244486	rs738085
ENSG00000244486	rs738084
ENSG00000244486	rs1076486
ENSG00000244486	rs5997411
ENSG00000244486	rs8137004
ENSG00000244486	rs882745
ENSG00000244486	rs7289390
ENSG00000244486	rs4823021
ENSG00000244486	rs1123521
ENSG00000244486	rs2108746
ENSG00000244486	rs1005640
ENSG00000244486	rs1477177
ENSG00000244486	rs1477178
ENSG00000244486	rs1035239
ENSG00000244486	rs5763655
ENSG00000244486	rs1153427
ENSG00000244486	rs9997
ENSG00000244486	rs5763911
ENSG00000244486	rs8748
ENSG00000244486	rs1058990
ENSG00000244486	rs361727
ENSG00000244486	rs2329356
ENSG00000244486	rs5753651
ENSG00000244486	rs361988
ENSG00000244486	rs5749316
ENSG00000244486	rs361573
ENSG00000244486	rs5753802
ENSG00000244486	rs165809
ENSG00000244486	rs165807
ENSG00000244486	rs165864
ENSG00000244486	rs177343
ENSG00000244486	rs5754388
ENSG00000244486	rs5749587
ENSG00000244486	rs9623544
ENSG00000244486	rs5749656
ENSG00000244486	rs4401303
ENSG00000244486	rs5749718
ENSG00000277971	rs361689
ENSG00000277971	rs2041969
ENSG00000277971	rs362125
ENSG00000277971	rs887021
ENSG00000277971	rs2266945
ENSG00000277971	rs361877
ENSG00000277971	rs361591
ENSG00000277971	rs361640
ENSG00000277971	rs4546089
ENSG00000277971	rs1990249
ENSG00000277971	rs4581986
ENSG00000277971	rs737811
ENSG00000277971	rs2228236
ENSG00000277971	rs4020
ENSG00000277971	rs887023
ENSG00000277971	rs9610309
ENSG00000277971	rs1013634
ENSG00000277971	rs6005267
ENSG00000277971	rs5761913
ENSG00000277971	rs361603
ENSG00000277971	rs6005680
ENSG00000277971	rs5752676
ENSG00000277971	rs5752681
ENSG00000277971	rs1771146
ENSG00000277971	rs6005740
ENSG00000277971	rs738085
ENSG00000277971	rs738084
ENSG00000277971	rs1076486
ENSG00000277971	rs5997411
ENSG00000277971	rs8137004
ENSG00000277971	rs882745
ENSG00000277971	rs7289390
ENSG00000277971	rs4823021
ENSG00000277971	rs1123521
ENSG00000277971	rs2108746
ENSG00000277971	rs1005640
ENSG00000277971	rs1477177
ENSG00000277971	rs1477178
ENSG00000277971	rs1035239
ENSG00000277971	rs5763655
ENSG00000277971	rs1153427
ENSG00000277971	rs9997
ENSG00000277971	rs5763911
ENSG00000277971	rs8748
ENSG00000277971	rs1058990
ENSG00000277971	rs361727
ENSG00000277971	rs2329356
ENSG00000277971	rs5753651
ENSG00000277971	rs361988
ENSG00000277971	rs5749316
ENSG00000277971	rs361573
ENSG00000277971	rs5753802
ENSG00000277971	rs165809
ENSG00000277971	rs165807
ENSG00000277971	rs165864
ENSG00000277971	rs177343
ENSG00000277971	rs5754388
ENSG00000277971	rs5749587
ENSG00000277971	rs9623544
ENSG00000277971	rs5749656
ENSG00000277971	rs4401303
ENSG00000277971	rs5749718
ENSG00000099910	rs6005680
ENSG00000099910	rs5752676
ENSG00000099910	rs5752681
ENSG00000099910	rs1771146
ENSG00000099910	rs6005740
ENSG00000099910	rs738085
ENSG00000099910	rs738084
ENSG00000099910	rs1076486
ENSG00000099910	rs5997411
ENSG00000099910	rs8137004
ENSG00000099910	rs882745
ENSG00000099910	rs7289390
ENSG00000099910	rs4823021
ENSG00000099910	rs1123521
ENSG00000099910	rs2108746
ENSG00000099910	rs1005640
ENSG00000099910	rs1477177
ENSG00000099910	rs1477178
ENSG00000099910	rs1035239
ENSG00000099910	rs5763655
ENSG00000099910	rs1153427
ENSG00000099910	rs9997
ENSG00000099910	rs5763911
ENSG00000099910	rs8748
ENSG00000099910	rs1058990
ENSG00000099910	rs361727
ENSG00000099910	rs2329356
ENSG00000099910	rs5753651
ENSG00000099910	rs361988
ENSG00000099910	rs5749316
ENSG00000099910	rs361573
ENSG00000099910	rs5753802
ENSG00000099910	rs165809
ENSG00000099910	rs165807
ENSG00000099910	rs165864
ENSG00000099910	rs177343
ENSG00000099910	rs5754388
ENSG00000099910	rs5749587
ENSG00000099910	rs9623544
ENSG00000099910	rs5749656
ENSG00000099910	rs4401303
ENSG00000099910	rs5749718
ENSG00000099910	rs1771144
ENSG00000099910	rs165613
ENSG00000099910	rs4821372
ENSG00000099910	rs2079099
ENSG00000099910	rs4820216
ENSG00000099910	rs738092
ENSG00000099910	rs6000569
ENSG00000099910	rs11704564
ENSG00000099910	rs997145
ENSG00000099910	rs2014654
ENSG00000099917	rs4821372
ENSG00000099917	rs2079099
ENSG00000099917	rs4820216
ENSG00000099917	rs738092
ENSG00000099917	rs6000569
ENSG00000099917	rs11704564
ENSG00000099917	rs997145
ENSG00000099917	rs2014654
ENSG00000099917	rs7291930
ENSG00000099917	rs1110462
ENSG00000099917	rs11090206
ENSG00000099917	rs1771149
ENSG00000099917	rs6519408
ENSG00000099917	rs5995708
ENSG00000099917	rs5995745
ENSG00000099917	rs2269830
ENSG00000099917	rs4821915
ENSG00000099917	rs2269832
ENSG00000099917	rs2269833
ENSG00000099917	rs7292126
ENSG00000099917	rs5757984
ENSG00000099917	rs4821963
ENSG00000099917	rs886319
ENSG00000099917	rs165609
ENSG00000099917	rs165792
ENSG00000099917	rs177421
ENSG00000099917	rs165685
ENSG00000099917	rs165664
ENSG00000099917	rs11705359
ENSG00000099917	rs17819434
ENSG00000099917	rs165846
ENSG00000099917	rs165918
ENSG00000099917	rs5759311
ENSG00000099917	rs5759314
ENSG00000099917	rs165666
ENSG00000099917	rs165772
ENSG00000099917	rs165674
ENSG00000099917	rs12484576
ENSG00000099917	rs177426
ENSG00000099917	rs12484676
ENSG00000099917	rs165908
ENSG00000099917	rs646164
ENSG00000099917	rs5759455
ENSG00000099917	rs2285699
ENSG00000099917	rs741191
ENSG00000099937	rs11705170
ENSG00000099937	rs1558657
ENSG00000099937	rs2072513
ENSG00000099937	rs2072514
ENSG00000099937	rs2329483
ENSG00000099937	rs2241138
ENSG00000099937	rs738057
ENSG00000099937	rs6004133
ENSG00000099937	rs2072515
ENSG00000099937	rs5751852
ENSG00000099937	rs2329583
ENSG00000099937	rs4820588
ENSG00000099937	rs2072517
ENSG00000099937	rs6004160
ENSG00000099937	rs4822497
ENSG00000099937	rs9608386
ENSG00000099937	rs165764
ENSG00000099937	rs165818
ENSG00000099937	rs165848
ENSG00000099937	rs165618
ENSG00000099937	rs178028
ENSG00000099937	rs165730
ENSG00000099937	rs178029
ENSG00000099937	rs178030
ENSG00000099937	rs178031
ENSG00000099937	rs178032
ENSG00000099937	rs165866
ENSG00000099937	rs165912
ENSG00000099937	rs165862
ENSG00000099937	rs165583
ENSG00000099937	rs5902
ENSG00000099937	rs110374
ENSG00000099937	rs78656
ENSG00000099937	rs178040
ENSG00000099937	rs17820181
ENSG00000099937	rs165793
ENSG00000099937	rs165780
ENSG00000099937	rs165915
ENSG00000099937	rs13056862
ENSG00000099937	rs165924
ENSG00000099937	rs178042
ENSG00000099937	rs165622
ENSG00000099937	rs165813
ENSG00000099937	rs165758
ENSG00000099937	rs165742
ENSG00000099937	rs361556
ENSG00000099937	rs178047
ENSG00000099937	rs165811
ENSG00000099937	rs165902
ENSG00000099937	rs178048
ENSG00000099937	rs165854
ENSG00000099937	rs165701
ENSG00000099937	rs165634
ENSG00000099937	rs178051
ENSG00000099937	rs165660
ENSG00000099937	rs17758477
ENSG00000099937	rs165699
ENSG00000099937	rs3788327
ENSG00000241973	rs11705170
ENSG00000241973	rs1558657
ENSG00000241973	rs2072513
ENSG00000241973	rs2072514
ENSG00000241973	rs2329483
ENSG00000241973	rs2241138
ENSG00000241973	rs738057
ENSG00000241973	rs6004133
ENSG00000241973	rs2072515
ENSG00000241973	rs5751852
ENSG00000241973	rs2329583
ENSG00000241973	rs4820588
ENSG00000241973	rs2072517
ENSG00000241973	rs6004160
ENSG00000241973	rs4822497
ENSG00000241973	rs9608386
ENSG00000241973	rs165764
ENSG00000241973	rs165818
ENSG00000241973	rs165848
ENSG00000241973	rs165618
ENSG00000241973	rs178028
ENSG00000241973	rs165730
ENSG00000241973	rs178029
ENSG00000241973	rs178030
ENSG00000241973	rs178031
ENSG00000241973	rs178032
ENSG00000241973	rs165866
ENSG00000241973	rs165912
ENSG00000241973	rs165862
ENSG00000241973	rs165583
ENSG00000241973	rs5902
ENSG00000241973	rs110374
ENSG00000241973	rs78656
ENSG00000241973	rs178040
ENSG00000241973	rs17820181
ENSG00000241973	rs165793
ENSG00000241973	rs165780
ENSG00000241973	rs165915
ENSG00000241973	rs13056862
ENSG00000241973	rs165924
ENSG00000241973	rs178042
ENSG00000241973	rs165622
ENSG00000241973	rs165813
ENSG00000241973	rs165758
ENSG00000241973	rs165742
ENSG00000241973	rs361556
ENSG00000241973	rs178047
ENSG00000241973	rs165811
ENSG00000241973	rs165902
ENSG00000241973	rs178048
ENSG00000241973	rs165854
ENSG00000241973	rs165701
ENSG00000241973	rs165634
ENSG00000241973	rs178051
ENSG00000241973	rs165660
ENSG00000241973	rs17758477
ENSG00000241973	rs165699
ENSG00000241973	rs3788327
ENSG00000099940	rs165729
ENSG00000099940	rs178058
ENSG00000099940	rs178059
ENSG00000099940	rs4822606
ENSG00000099940	rs165696
ENSG00000099940	rs165707
ENSG00000099940	rs178064
ENSG00000099940	rs178066
ENSG00000099940	rs178068
ENSG00000099940	rs165596
ENSG00000099940	rs1061063
ENSG00000099940	rs165598
ENSG00000099940	rs178069
ENSG00000099940	rs178070
ENSG00000099940	rs165686
ENSG00000099940	rs165623
ENSG00000099940	rs10483104
ENSG00000099940	rs715579
ENSG00000099940	rs178074
ENSG00000099940	rs165783
ENSG00000099940	rs165905
ENSG00000099940	rs165877
ENSG00000099940	rs178077
ENSG00000099940	rs165801
ENSG00000099940	rs165861
ENSG00000099940	rs11577
ENSG00000099940	rs12162703
ENSG00000099940	rs178083
ENSG00000099940	rs165841
ENSG00000099940	rs178084
ENSG00000099940	rs178092
ENSG00000099940	rs9613260
ENSG00000099940	rs2329552
ENSG00000099940	rs2266951
ENSG00000099940	rs929202
ENSG00000099940	rs4822687
ENSG00000099940	rs6004917
ENSG00000099940	rs5761368
ENSG00000099942	rs165905
ENSG00000099942	rs165877
ENSG00000099942	rs178077
ENSG00000099942	rs165801
ENSG00000099942	rs165861
ENSG00000099942	rs11577
ENSG00000099942	rs12162703
ENSG00000099942	rs178083
ENSG00000099942	rs165841
ENSG00000099942	rs178084
ENSG00000099942	rs178092
ENSG00000099942	rs9613260
ENSG00000099942	rs2329552
ENSG00000099942	rs2266951
ENSG00000099942	rs929202
ENSG00000099942	rs4822687
ENSG00000099942	rs6004917
ENSG00000099942	rs5761368
ENSG00000099942	rs12628875
ENSG00000099942	rs5761386
ENSG00000099942	rs13057428
ENSG00000099942	rs5752284
ENSG00000099942	rs5761424
ENSG00000099942	rs5761433
ENSG00000099942	rs7292964
ENSG00000099942	rs4822700
ENSG00000099942	rs12484413
ENSG00000099942	rs17819409
ENSG00000099942	rs2266953
ENSG00000099942	rs2266955
ENSG00000099942	rs737894
ENSG00000099942	rs1548410
ENSG00000099942	rs9613388
ENSG00000099942	rs1043235
ENSG00000099942	rs1043242
ENSG00000099942	rs2285547
ENSG00000099942	rs178251
ENSG00000099942	rs178252
ENSG00000099942	rs121004
ENSG00000099942	rs2018682
ENSG00000099942	rs5761551
ENSG00000099942	rs756875
ENSG00000099942	rs2239959
ENSG00000099942	rs178255
ENSG00000099942	rs178259
ENSG00000099942	rs178260
ENSG00000099942	rs733455
ENSG00000099942	rs178268
ENSG00000099942	rs178271
ENSG00000099942	rs178272
ENSG00000099942	rs178274
ENSG00000099942	rs178277
ENSG00000099942	rs8139975
ENSG00000099942	rs8140475
ENSG00000099942	rs8136699
ENSG00000099942	rs178278
ENSG00000099942	rs7292968
ENSG00000099942	rs16988950
ENSG00000099942	rs178280
ENSG00000099942	rs13054014
ENSG00000099942	rs7289487
ENSG00000099942	rs178282
ENSG00000099942	rs178285
ENSG00000183773	rs12628875
ENSG00000183773	rs5761386
ENSG00000183773	rs13057428
ENSG00000183773	rs5752284
ENSG00000183773	rs5761424
ENSG00000183773	rs5761433
ENSG00000183773	rs7292964
ENSG00000183773	rs4822700
ENSG00000183773	rs12484413
ENSG00000183773	rs17819409
ENSG00000183773	rs2266953
ENSG00000183773	rs2266955
ENSG00000183773	rs737894
ENSG00000183773	rs1548410
ENSG00000183773	rs9613388
ENSG00000183773	rs1043235
ENSG00000183773	rs1043242
ENSG00000183773	rs2285547
ENSG00000183773	rs178251
ENSG00000183773	rs178252
ENSG00000183773	rs121004
ENSG00000183773	rs2018682
ENSG00000183773	rs5761551
ENSG00000183773	rs756875
ENSG00000183773	rs2239959
ENSG00000183773	rs178255
ENSG00000183773	rs178259
ENSG00000183773	rs178260
ENSG00000183773	rs733455
ENSG00000183773	rs178268
ENSG00000183773	rs178271
ENSG00000183773	rs178272
ENSG00000183773	rs178274
ENSG00000183773	rs178277
ENSG00000183773	rs8139975
ENSG00000183773	rs8140475
ENSG00000183773	rs8136699
ENSG00000183773	rs178278
ENSG00000183773	rs7292968
ENSG00000183773	rs16988950
ENSG00000183773	rs178280
ENSG00000183773	rs13054014
ENSG00000183773	rs7289487
ENSG00000183773	rs178282
ENSG00000183773	rs178285
ENSG00000183773	rs2269779
ENSG00000183773	rs4822783
ENSG00000183773	rs2073989
ENSG00000183773	rs112544
ENSG00000183773	rs756876
ENSG00000183773	rs178291
ENSG00000183773	rs178295
ENSG00000183773	rs3747081
ENSG00000183773	rs178296
ENSG00000183773	rs178297
ENSG00000183773	rs369250
ENSG00000183773	rs1053775
ENSG00000183773	rs396130
ENSG00000183773	rs369935
ENSG00000183773	rs430305
ENSG00000183773	rs428214
ENSG00000183773	rs373092
ENSG00000183773	rs398577
ENSG00000183773	rs2075274
ENSG00000183773	rs2516542
ENSG00000183773	rs2075276
ENSG00000183773	rs2239961
ENSG00000183773	rs395938
ENSG00000183773	rs399647
ENSG00000183773	rs1003968
ENSG00000183773	rs9625334
ENSG00000183773	rs2073598
ENSG00000183773	rs8141816
ENSG00000183773	rs2541943
ENSG00000183773	rs1548411
ENSG00000183773	rs1548412
ENSG00000099949	rs7292964
ENSG00000099949	rs4822700
ENSG00000099949	rs12484413
ENSG00000099949	rs17819409
ENSG00000099949	rs2266953
ENSG00000099949	rs2266955
ENSG00000099949	rs737894
ENSG00000099949	rs1548410
ENSG00000099949	rs9613388
ENSG00000099949	rs1043235
ENSG00000099949	rs1043242
ENSG00000099949	rs2285547
ENSG00000099949	rs178251
ENSG00000099949	rs178252
ENSG00000099949	rs121004
ENSG00000099949	rs2018682
ENSG00000099949	rs5761551
ENSG00000099949	rs756875
ENSG00000099949	rs2239959
ENSG00000099949	rs178255
ENSG00000099949	rs178259
ENSG00000099949	rs178260
ENSG00000099949	rs733455
ENSG00000099949	rs178268
ENSG00000099949	rs178271
ENSG00000099949	rs178272
ENSG00000099949	rs178274
ENSG00000099949	rs178277
ENSG00000099949	rs8139975
ENSG00000099949	rs8140475
ENSG00000099949	rs8136699
ENSG00000099949	rs178278
ENSG00000099949	rs7292968
ENSG00000099949	rs16988950
ENSG00000099949	rs178280
ENSG00000099949	rs13054014
ENSG00000099949	rs7289487
ENSG00000099949	rs178282
ENSG00000099949	rs178285
ENSG00000099949	rs2269779
ENSG00000099949	rs4822783
ENSG00000099949	rs2073989
ENSG00000099949	rs112544
ENSG00000099949	rs756876
ENSG00000099949	rs178291
ENSG00000099949	rs178295
ENSG00000099949	rs3747081
ENSG00000099949	rs178296
ENSG00000099949	rs178297
ENSG00000099949	rs369250
ENSG00000099949	rs1053775
ENSG00000099949	rs396130
ENSG00000099949	rs369935
ENSG00000099949	rs430305
ENSG00000099949	rs428214
ENSG00000099949	rs373092
ENSG00000099949	rs398577
ENSG00000099949	rs2075274
ENSG00000099949	rs2516542
ENSG00000099949	rs2075276
ENSG00000099949	rs2239961
ENSG00000099949	rs395938
ENSG00000099949	rs399647
ENSG00000099949	rs1003968
ENSG00000099949	rs9625334
ENSG00000099949	rs2073598
ENSG00000099949	rs8141816
ENSG00000099949	rs2541943
ENSG00000099949	rs1548411
ENSG00000099949	rs1548412
ENSG00000099949	rs2277838
ENSG00000099949	rs1477145
ENSG00000099949	rs2541953
ENSG00000099949	rs2075277
ENSG00000099949	rs2270384
ENSG00000099949	rs2072549
ENSG00000099949	rs2072550
ENSG00000099949	rs5752500
ENSG00000099949	rs12627919
ENSG00000184436	rs9613388
ENSG00000184436	rs1043235
ENSG00000184436	rs1043242
ENSG00000184436	rs2285547
ENSG00000184436	rs178251
ENSG00000184436	rs178252
ENSG00000184436	rs121004
ENSG00000184436	rs2018682
ENSG00000184436	rs5761551
ENSG00000184436	rs756875
ENSG00000184436	rs2239959
ENSG00000184436	rs178255
ENSG00000184436	rs178259
ENSG00000184436	rs178260
ENSG00000184436	rs733455
ENSG00000184436	rs178268
ENSG00000184436	rs178271
ENSG00000184436	rs178272
ENSG00000184436	rs178274
ENSG00000184436	rs178277
ENSG00000184436	rs8139975
ENSG00000184436	rs8140475
ENSG00000184436	rs8136699
ENSG00000184436	rs178278
ENSG00000184436	rs7292968
ENSG00000184436	rs16988950
ENSG00000184436	rs178280
ENSG00000184436	rs13054014
ENSG00000184436	rs7289487
ENSG00000184436	rs178282
ENSG00000184436	rs178285
ENSG00000184436	rs2269779
ENSG00000184436	rs4822783
ENSG00000184436	rs2073989
ENSG00000184436	rs112544
ENSG00000184436	rs756876
ENSG00000184436	rs178291
ENSG00000184436	rs178295
ENSG00000184436	rs3747081
ENSG00000184436	rs178296
ENSG00000184436	rs178297
ENSG00000184436	rs369250
ENSG00000184436	rs1053775
ENSG00000184436	rs396130
ENSG00000184436	rs369935
ENSG00000184436	rs430305
ENSG00000184436	rs428214
ENSG00000184436	rs373092
ENSG00000184436	rs398577
ENSG00000184436	rs2075274
ENSG00000184436	rs2516542
ENSG00000184436	rs2075276
ENSG00000184436	rs2239961
ENSG00000184436	rs395938
ENSG00000184436	rs399647
ENSG00000184436	rs1003968
ENSG00000184436	rs9625334
ENSG00000184436	rs2073598
ENSG00000184436	rs8141816
ENSG00000184436	rs2541943
ENSG00000184436	rs1548411
ENSG00000184436	rs1548412
ENSG00000184436	rs2277838
ENSG00000184436	rs1477145
ENSG00000184436	rs2541953
ENSG00000184436	rs2075277
ENSG00000184436	rs2270384
ENSG00000184436	rs2072549
ENSG00000184436	rs2072550
ENSG00000184436	rs5752500
ENSG00000184436	rs12627919
ENSG00000184436	rs6005346
ENSG00000184436	rs2002814
ENSG00000184436	rs12168111
ENSG00000184436	rs9625422
ENSG00000099957	rs178259
ENSG00000099957	rs178260
ENSG00000099957	rs733455
ENSG00000099957	rs178268
ENSG00000099957	rs178271
ENSG00000099957	rs178272
ENSG00000099957	rs178274
ENSG00000099957	rs178277
ENSG00000099957	rs8139975
ENSG00000099957	rs8140475
ENSG00000099957	rs8136699
ENSG00000099957	rs178278
ENSG00000099957	rs7292968
ENSG00000099957	rs16988950
ENSG00000099957	rs178280
ENSG00000099957	rs13054014
ENSG00000099957	rs7289487
ENSG00000099957	rs178282
ENSG00000099957	rs178285
ENSG00000099957	rs2269779
ENSG00000099957	rs4822783
ENSG00000099957	rs2073989
ENSG00000099957	rs112544
ENSG00000099957	rs756876
ENSG00000099957	rs178291
ENSG00000099957	rs178295
ENSG00000099957	rs3747081
ENSG00000099957	rs178296
ENSG00000099957	rs178297
ENSG00000099957	rs369250
ENSG00000099957	rs1053775
ENSG00000099957	rs396130
ENSG00000099957	rs369935
ENSG00000099957	rs430305
ENSG00000099957	rs428214
ENSG00000099957	rs373092
ENSG00000099957	rs398577
ENSG00000099957	rs2075274
ENSG00000099957	rs2516542
ENSG00000099957	rs2075276
ENSG00000099957	rs2239961
ENSG00000099957	rs395938
ENSG00000099957	rs399647
ENSG00000099957	rs1003968
ENSG00000099957	rs9625334
ENSG00000099957	rs2073598
ENSG00000099957	rs8141816
ENSG00000099957	rs2541943
ENSG00000099957	rs1548411
ENSG00000099957	rs1548412
ENSG00000099957	rs2277838
ENSG00000099957	rs1477145
ENSG00000099957	rs2541953
ENSG00000099957	rs2075277
ENSG00000099957	rs2270384
ENSG00000099957	rs2072549
ENSG00000099957	rs2072550
ENSG00000099957	rs5752500
ENSG00000099957	rs12627919
ENSG00000099957	rs6005346
ENSG00000099957	rs2002814
ENSG00000099957	rs12168111
ENSG00000099957	rs9625422
ENSG00000099957	rs5762105
ENSG00000099957	rs2241223
ENSG00000099957	rs5762153
ENSG00000099957	rs5762158
ENSG00000099957	rs442656
ENSG00000099957	rs410356
ENSG00000099957	rs2106262
ENSG00000099957	rs16989070
ENSG00000099957	rs429738
ENSG00000099957	rs2075270
ENSG00000099957	rs365856
ENSG00000099957	rs370279
ENSG00000099957	rs9608678
ENSG00000099960	rs178278
ENSG00000099960	rs7292968
ENSG00000099960	rs16988950
ENSG00000099960	rs178280
ENSG00000099960	rs13054014
ENSG00000099960	rs7289487
ENSG00000099960	rs178282
ENSG00000099960	rs178285
ENSG00000099960	rs2269779
ENSG00000099960	rs4822783
ENSG00000099960	rs2073989
ENSG00000099960	rs112544
ENSG00000099960	rs756876
ENSG00000099960	rs178291
ENSG00000099960	rs178295
ENSG00000099960	rs3747081
ENSG00000099960	rs178296
ENSG00000099960	rs178297
ENSG00000099960	rs369250
ENSG00000099960	rs1053775
ENSG00000099960	rs396130
ENSG00000099960	rs369935
ENSG00000099960	rs430305
ENSG00000099960	rs428214
ENSG00000099960	rs373092
ENSG00000099960	rs398577
ENSG00000099960	rs2075274
ENSG00000099960	rs2516542
ENSG00000099960	rs2075276
ENSG00000099960	rs2239961
ENSG00000099960	rs395938
ENSG00000099960	rs399647
ENSG00000099960	rs1003968
ENSG00000099960	rs9625334
ENSG00000099960	rs2073598
ENSG00000099960	rs8141816
ENSG00000099960	rs2541943
ENSG00000099960	rs1548411
ENSG00000099960	rs1548412
ENSG00000099960	rs2277838
ENSG00000099960	rs1477145
ENSG00000099960	rs2541953
ENSG00000099960	rs2075277
ENSG00000099960	rs2270384
ENSG00000099960	rs2072549
ENSG00000099960	rs2072550
ENSG00000099960	rs5752500
ENSG00000099960	rs12627919
ENSG00000099960	rs6005346
ENSG00000099960	rs2002814
ENSG00000099960	rs12168111
ENSG00000099960	rs9625422
ENSG00000099960	rs5762105
ENSG00000099960	rs2241223
ENSG00000099960	rs5762153
ENSG00000099960	rs5762158
ENSG00000099960	rs442656
ENSG00000099960	rs410356
ENSG00000099960	rs2106262
ENSG00000099960	rs16989070
ENSG00000099960	rs429738
ENSG00000099960	rs2075270
ENSG00000099960	rs365856
ENSG00000099960	rs370279
ENSG00000099960	rs9608678
ENSG00000099960	rs2075271
ENSG00000099960	rs383331
ENSG00000099960	rs9620784
ENSG00000099960	rs408718
ENSG00000099960	rs727497
ENSG00000099960	rs403653
ENSG00000099960	rs9613607
ENSG00000099960	rs428702
ENSG00000099960	rs400946
ENSG00000099960	rs439792
ENSG00000187905	rs428214
ENSG00000187905	rs373092
ENSG00000187905	rs398577
ENSG00000187905	rs2075274
ENSG00000187905	rs2516542
ENSG00000187905	rs2075276
ENSG00000187905	rs2239961
ENSG00000187905	rs395938
ENSG00000187905	rs399647
ENSG00000187905	rs1003968
ENSG00000187905	rs9625334
ENSG00000187905	rs2073598
ENSG00000187905	rs8141816
ENSG00000187905	rs2541943
ENSG00000187905	rs1548411
ENSG00000187905	rs1548412
ENSG00000187905	rs2277838
ENSG00000187905	rs1477145
ENSG00000187905	rs2541953
ENSG00000187905	rs2075277
ENSG00000187905	rs2270384
ENSG00000187905	rs2072549
ENSG00000187905	rs2072550
ENSG00000187905	rs5752500
ENSG00000187905	rs12627919
ENSG00000187905	rs6005346
ENSG00000187905	rs2002814
ENSG00000187905	rs12168111
ENSG00000187905	rs9625422
ENSG00000187905	rs5762105
ENSG00000187905	rs2241223
ENSG00000187905	rs5762153
ENSG00000187905	rs5762158
ENSG00000187905	rs442656
ENSG00000187905	rs410356
ENSG00000187905	rs2106262
ENSG00000187905	rs16989070
ENSG00000187905	rs429738
ENSG00000187905	rs2075270
ENSG00000187905	rs365856
ENSG00000187905	rs370279
ENSG00000187905	rs9608678
ENSG00000187905	rs2075271
ENSG00000187905	rs383331
ENSG00000187905	rs9620784
ENSG00000187905	rs408718
ENSG00000187905	rs727497
ENSG00000187905	rs403653
ENSG00000187905	rs9613607
ENSG00000187905	rs428702
ENSG00000187905	rs400946
ENSG00000187905	rs439792
ENSG00000187905	rs1210585
ENSG00000187905	rs421390
ENSG00000187905	rs382407
ENSG00000187905	rs444763
ENSG00000187905	rs933582
ENSG00000187905	rs11913109
ENSG00000187905	rs367594
ENSG00000187905	rs431319
ENSG00000187905	rs9306459
ENSG00000187905	rs9608693
ENSG00000187905	rs6005625
ENSG00000187905	rs5997305
ENSG00000187905	rs1210601
ENSG00000187905	rs391649
ENSG00000187905	rs1210606
ENSG00000187905	rs2541925
ENSG00000187905	rs4822940
ENSG00000187905	rs2519458
ENSG00000187905	rs2519459
ENSG00000187905	rs2543397
ENSG00000169635	rs465500
ENSG00000169635	rs460106
ENSG00000169635	rs5997982
ENSG00000206140	rs465500
ENSG00000206140	rs460106
ENSG00000206140	rs5997982
ENSG00000183246	rs131654
ENSG00000183246	rs131665
ENSG00000183246	rs140489
ENSG00000183246	rs140491
ENSG00000183246	rs2266959
ENSG00000183246	rs140492
ENSG00000183246	rs140498
ENSG00000183246	rs181359
ENSG00000183246	rs181360
ENSG00000183246	rs181362
ENSG00000183246	rs5754217
ENSG00000183246	rs4820091
ENSG00000183246	rs1034329
ENSG00000183246	rs5998619
ENSG00000183246	rs2070512
ENSG00000185651	rs131654
ENSG00000185651	rs131665
ENSG00000185651	rs140489
ENSG00000185651	rs140491
ENSG00000185651	rs2266959
ENSG00000185651	rs140492
ENSG00000185651	rs140498
ENSG00000185651	rs181359
ENSG00000185651	rs181360
ENSG00000185651	rs181362
ENSG00000185651	rs5754217
ENSG00000185651	rs4820091
ENSG00000185651	rs1034329
ENSG00000185651	rs5998619
ENSG00000185651	rs2070512
ENSG00000185651	rs2283790
ENSG00000185651	rs11089629
ENSG00000185651	rs4821112
ENSG00000185651	rs5998672
ENSG00000185651	rs738127
ENSG00000185651	rs4821116
ENSG00000185651	rs7444
ENSG00000185651	rs11089637
ENSG00000185651	rs4821124
ENSG00000185651	rs12158299
ENSG00000185651	rs4821130
ENSG00000185651	rs878825
ENSG00000185651	rs2298428
ENSG00000185651	rs2298429
ENSG00000185651	rs5754467
ENSG00000185651	rs34592211
ENSG00000185651	rs861855
ENSG00000185651	rs861854
ENSG00000185651	rs371513
ENSG00000185651	rs12170285
ENSG00000185651	rs2236642
ENSG00000185651	rs11705259
ENSG00000161179	rs5754217
ENSG00000161179	rs4820091
ENSG00000161179	rs1034329
ENSG00000161179	rs5998619
ENSG00000161179	rs2070512
ENSG00000161179	rs2283790
ENSG00000161179	rs11089629
ENSG00000161179	rs4821112
ENSG00000161179	rs5998672
ENSG00000161179	rs738127
ENSG00000161179	rs4821116
ENSG00000161179	rs7444
ENSG00000161179	rs11089637
ENSG00000161179	rs4821124
ENSG00000161179	rs12158299
ENSG00000161179	rs4821130
ENSG00000161179	rs878825
ENSG00000161179	rs2298428
ENSG00000161179	rs2298429
ENSG00000161179	rs5754467
ENSG00000161179	rs34592211
ENSG00000161179	rs861855
ENSG00000161179	rs861854
ENSG00000161179	rs371513
ENSG00000161179	rs12170285
ENSG00000161179	rs2236642
ENSG00000161179	rs11705259
ENSG00000161179	rs861850
ENSG00000161179	rs13054355
ENSG00000161179	rs861844
ENSG00000161179	rs447001
ENSG00000161179	rs9941935
ENSG00000161179	rs1103229
ENSG00000161179	rs2247115
ENSG00000161179	rs108816
ENSG00000161179	rs1669125
ENSG00000161179	rs3788329
ENSG00000161179	rs416661
ENSG00000161180	rs5754217
ENSG00000161180	rs4820091
ENSG00000161180	rs1034329
ENSG00000161180	rs5998619
ENSG00000161180	rs2070512
ENSG00000161180	rs2283790
ENSG00000161180	rs11089629
ENSG00000161180	rs4821112
ENSG00000161180	rs5998672
ENSG00000161180	rs738127
ENSG00000161180	rs4821116
ENSG00000161180	rs7444
ENSG00000161180	rs11089637
ENSG00000161180	rs4821124
ENSG00000161180	rs12158299
ENSG00000161180	rs4821130
ENSG00000161180	rs878825
ENSG00000161180	rs2298428
ENSG00000161180	rs2298429
ENSG00000161180	rs5754467
ENSG00000161180	rs34592211
ENSG00000161180	rs861855
ENSG00000161180	rs861854
ENSG00000161180	rs371513
ENSG00000161180	rs12170285
ENSG00000161180	rs2236642
ENSG00000161180	rs11705259
ENSG00000161180	rs861850
ENSG00000161180	rs13054355
ENSG00000161180	rs861844
ENSG00000161180	rs447001
ENSG00000161180	rs9941935
ENSG00000161180	rs1103229
ENSG00000161180	rs2247115
ENSG00000161180	rs108816
ENSG00000161180	rs1669125
ENSG00000161180	rs3788329
ENSG00000161180	rs416661
ENSG00000161180	rs1669114
ENSG00000161180	rs11703445
ENSG00000161180	rs881091
ENSG00000161180	rs1647712
ENSG00000161180	rs5749643
ENSG00000161180	rs861833
ENSG00000128228	rs2070512
ENSG00000128228	rs2283790
ENSG00000128228	rs11089629
ENSG00000128228	rs4821112
ENSG00000128228	rs5998672
ENSG00000128228	rs738127
ENSG00000128228	rs4821116
ENSG00000128228	rs7444
ENSG00000128228	rs11089637
ENSG00000128228	rs4821124
ENSG00000128228	rs12158299
ENSG00000128228	rs4821130
ENSG00000128228	rs878825
ENSG00000128228	rs2298428
ENSG00000128228	rs2298429
ENSG00000128228	rs5754467
ENSG00000128228	rs34592211
ENSG00000128228	rs861855
ENSG00000128228	rs861854
ENSG00000128228	rs371513
ENSG00000128228	rs12170285
ENSG00000128228	rs2236642
ENSG00000128228	rs11705259
ENSG00000128228	rs861850
ENSG00000128228	rs13054355
ENSG00000128228	rs861844
ENSG00000128228	rs447001
ENSG00000128228	rs9941935
ENSG00000128228	rs1103229
ENSG00000128228	rs2247115
ENSG00000128228	rs108816
ENSG00000128228	rs1669125
ENSG00000128228	rs3788329
ENSG00000128228	rs416661
ENSG00000128228	rs1669114
ENSG00000128228	rs11703445
ENSG00000128228	rs881091
ENSG00000128228	rs1647712
ENSG00000128228	rs5749643
ENSG00000128228	rs861833
ENSG00000128228	rs396913
ENSG00000128228	rs861829
ENSG00000128228	rs861826
ENSG00000128228	rs12170039
ENSG00000100023	rs861854
ENSG00000100023	rs371513
ENSG00000100023	rs12170285
ENSG00000100023	rs2236642
ENSG00000100023	rs11705259
ENSG00000100023	rs861850
ENSG00000100023	rs13054355
ENSG00000100023	rs861844
ENSG00000100023	rs447001
ENSG00000100023	rs9941935
ENSG00000100023	rs1103229
ENSG00000100023	rs2247115
ENSG00000100023	rs108816
ENSG00000100023	rs1669125
ENSG00000100023	rs3788329
ENSG00000100023	rs416661
ENSG00000100023	rs1669114
ENSG00000100023	rs11703445
ENSG00000100023	rs881091
ENSG00000100023	rs1647712
ENSG00000100023	rs5749643
ENSG00000100023	rs861833
ENSG00000100023	rs396913
ENSG00000100023	rs861829
ENSG00000100023	rs861826
ENSG00000100023	rs12170039
ENSG00000100023	rs5999098
ENSG00000100023	rs12484060
ENSG00000100023	rs1045681
ENSG00000100023	rs3747094
ENSG00000100023	rs861817
ENSG00000100023	rs710172
ENSG00000100023	rs1860
ENSG00000100023	rs5754727
ENSG00000100023	rs762349
ENSG00000100023	rs5749696
ENSG00000100023	rs11914240
ENSG00000100023	rs8139619
ENSG00000100023	rs7349039
ENSG00000100023	rs17821327
ENSG00000100023	rs16997333
ENSG00000100023	rs2329827
ENSG00000100023	rs8135758
ENSG00000100023	rs7292106
ENSG00000100023	rs738857
ENSG00000100023	rs9607209
ENSG00000100023	rs9607210
ENSG00000100023	rs4821217
ENSG00000100027	rs1103229
ENSG00000100027	rs2247115
ENSG00000100027	rs108816
ENSG00000100027	rs1669125
ENSG00000100027	rs3788329
ENSG00000100027	rs416661
ENSG00000100027	rs1669114
ENSG00000100027	rs11703445
ENSG00000100027	rs881091
ENSG00000100027	rs1647712
ENSG00000100027	rs5749643
ENSG00000100027	rs861833
ENSG00000100027	rs396913
ENSG00000100027	rs861829
ENSG00000100027	rs861826
ENSG00000100027	rs12170039
ENSG00000100027	rs5999098
ENSG00000100027	rs12484060
ENSG00000100027	rs1045681
ENSG00000100027	rs3747094
ENSG00000100027	rs861817
ENSG00000100027	rs710172
ENSG00000100027	rs1860
ENSG00000100027	rs5754727
ENSG00000100027	rs762349
ENSG00000100027	rs5749696
ENSG00000100027	rs11914240
ENSG00000100027	rs8139619
ENSG00000100027	rs7349039
ENSG00000100027	rs17821327
ENSG00000100027	rs16997333
ENSG00000100027	rs2329827
ENSG00000100027	rs8135758
ENSG00000100027	rs7292106
ENSG00000100027	rs738857
ENSG00000100027	rs9607209
ENSG00000100027	rs9607210
ENSG00000100027	rs4821217
ENSG00000100027	rs743407
ENSG00000100027	rs5994885
ENSG00000100027	rs5999264
ENSG00000100027	rs9610216
ENSG00000100027	rs5749779
ENSG00000100027	rs5754932
ENSG00000100027	rs9607241
ENSG00000100027	rs2876980
ENSG00000100027	rs9610271
ENSG00000100027	rs2276005
ENSG00000100027	rs2276006
ENSG00000100027	rs9340
ENSG00000100027	rs3810610
ENSG00000100027	rs13515
ENSG00000100027	rs1063311
ENSG00000100027	rs17821423
ENSG00000100030	rs17821423
ENSG00000100030	rs5755074
ENSG00000100030	rs2266966
ENSG00000100030	rs17759598
ENSG00000100030	rs2298432
ENSG00000100030	rs2006893
ENSG00000100030	rs743409
ENSG00000100030	rs2283792
ENSG00000100030	rs9607272
ENSG00000100030	rs5749939
ENSG00000100030	rs5999515
ENSG00000100030	rs5999521
ENSG00000100030	rs7290469
ENSG00000100030	rs9610338
ENSG00000100030	rs2298434
ENSG00000100030	rs2266967
ENSG00000100030	rs5749986
ENSG00000100030	rs17821572
ENSG00000100030	rs7286558
ENSG00000100030	rs4821367
ENSG00000100030	rs1892846
ENSG00000100030	rs9610375
ENSG00000100030	rs5999749
ENSG00000100030	rs17759796
ENSG00000100030	rs8141815
ENSG00000100030	rs12172554
ENSG00000100030	rs9610417
ENSG00000100030	rs5755694
ENSG00000100030	rs8136867
ENSG00000100030	rs2876981
ENSG00000100030	rs9610470
ENSG00000100030	rs2283795
ENSG00000100030	rs9610487
ENSG00000100034	rs7285260
ENSG00000100034	rs9610574
ENSG00000100034	rs6000043
ENSG00000100034	rs8142618
ENSG00000100034	rs8143081
ENSG00000100034	rs240054
ENSG00000100034	rs240055
ENSG00000100034	rs9610608
ENSG00000100034	rs5756076
ENSG00000100034	rs17759843
ENSG00000100034	rs2070507
ENSG00000100034	rs6000156
ENSG00000100034	rs240064
ENSG00000100034	rs915726
ENSG00000100034	rs2329884
ENSG00000100034	rs894095
ENSG00000100034	rs2099792
ENSG00000100034	rs5995248
ENSG00000100034	rs3788333
ENSG00000100034	rs2027790
ENSG00000100034	rs9610645
ENSG00000100034	rs240068
ENSG00000100034	rs240066
ENSG00000100034	rs2083564
ENSG00000100034	rs240065
ENSG00000100034	rs1005579
ENSG00000100034	rs9610690
ENSG00000100034	rs381523
ENSG00000100034	rs875344
ENSG00000100034	rs239917
ENSG00000100034	rs2283797
ENSG00000100034	rs9610728
ENSG00000100034	rs9610729
ENSG00000100034	rs9610750
ENSG00000100034	rs743525
ENSG00000100034	rs2266977
ENSG00000100034	rs2266978
ENSG00000100034	rs732466
ENSG00000100034	rs239927
ENSG00000100034	rs2266980
ENSG00000100034	rs11703249
ENSG00000100034	rs5756306
ENSG00000100034	rs5756323
ENSG00000100034	rs5756326
ENSG00000100034	rs9607473
ENSG00000100034	rs9607474
ENSG00000100034	rs11705283
ENSG00000100038	rs17759843
ENSG00000100038	rs2070507
ENSG00000100038	rs6000156
ENSG00000100038	rs240064
ENSG00000100038	rs915726
ENSG00000100038	rs2329884
ENSG00000100038	rs894095
ENSG00000100038	rs2099792
ENSG00000100038	rs5995248
ENSG00000100038	rs3788333
ENSG00000100038	rs2027790
ENSG00000100038	rs9610645
ENSG00000100038	rs240068
ENSG00000100038	rs240066
ENSG00000100038	rs2083564
ENSG00000100038	rs240065
ENSG00000100038	rs1005579
ENSG00000100038	rs9610690
ENSG00000100038	rs381523
ENSG00000100038	rs875344
ENSG00000100038	rs239917
ENSG00000100038	rs2283797
ENSG00000100038	rs9610728
ENSG00000100038	rs9610729
ENSG00000100038	rs9610750
ENSG00000100038	rs743525
ENSG00000100038	rs2266977
ENSG00000100038	rs2266978
ENSG00000100038	rs732466
ENSG00000100038	rs239927
ENSG00000100038	rs2266980
ENSG00000100038	rs11703249
ENSG00000100038	rs5756306
ENSG00000100038	rs5756323
ENSG00000100038	rs5756326
ENSG00000100038	rs9607473
ENSG00000100038	rs9607474
ENSG00000100038	rs11705283
ENSG00000100038	rs5995345
ENSG00000100038	rs17821866
ENSG00000100038	rs1866859
ENSG00000100038	rs4821537
ENSG00000100038	rs9607485
ENSG00000100038	rs238775
ENSG00000100038	rs5756378
ENSG00000100038	rs5756386
ENSG00000100038	rs5756388
ENSG00000100038	rs12159264
ENSG00000100038	rs1016547
ENSG00000100038	rs1016548
ENSG00000100038	rs6000509
ENSG00000100038	rs61139
ENSG00000100038	rs405698
ENSG00000100038	rs404868
ENSG00000100038	rs460715
ENSG00000100038	rs9610872
ENSG00000169575	rs2073446
ENSG00000169575	rs2073448
ENSG00000169575	rs5757346
ENSG00000169575	rs2330020
ENSG00000169575	rs2330025
ENSG00000169575	rs1008560
ENSG00000169575	rs4821846
ENSG00000169575	rs7364255
ENSG00000169575	rs1557492
ENSG00000169575	rs9623076
ENSG00000169575	rs2187581
ENSG00000169575	rs2040345
ENSG00000169575	rs7287401
ENSG00000169575	rs6001408
ENSG00000169575	rs12159423
ENSG00000169575	rs6001474
ENSG00000169575	rs12628686
ENSG00000169575	rs5757512
ENSG00000169575	rs5757568
ENSG00000169575	rs5750778
ENSG00000169575	rs8141482
ENSG00000169575	rs7286018
ENSG00000169575	rs1573600
ENSG00000169575	rs11089978
ENSG00000169575	rs9619852
ENSG00000169575	rs1320
ENSG00000169575	rs5995720
ENSG00000169575	rs6001563
ENSG00000169575	rs2285019
ENSG00000169575	rs10854726
ENSG00000169575	rs5750807
ENSG00000169575	rs5757691
ENSG00000275004	rs1894242
ENSG00000275004	rs1076108
ENSG00000275004	rs16988712
ENSG00000275004	rs377976
ENSG00000275004	rs403517
ENSG00000275004	rs414781
ENSG00000275004	rs398182
ENSG00000275004	rs5758470
ENSG00000275004	rs11109
ENSG00000275004	rs2236729
ENSG00000275004	rs5758484
ENSG00000275004	rs5751168
ENSG00000275004	rs965764
ENSG00000275004	rs2330097
ENSG00000275004	rs362139
ENSG00000275004	rs361901
ENSG00000275004	rs361676
ENSG00000275004	rs7290828
ENSG00000275004	rs5996102
ENSG00000275004	rs3747098
ENSG00000275004	rs8405
ENSG00000275004	rs2073725
ENSG00000169548	rs377976
ENSG00000169548	rs403517
ENSG00000169548	rs414781
ENSG00000169548	rs398182
ENSG00000169548	rs5758470
ENSG00000169548	rs11109
ENSG00000169548	rs2236729
ENSG00000169548	rs5758484
ENSG00000169548	rs5751168
ENSG00000169548	rs965764
ENSG00000169548	rs2330097
ENSG00000169548	rs362139
ENSG00000169548	rs361901
ENSG00000169548	rs361676
ENSG00000169548	rs7290828
ENSG00000169548	rs5996102
ENSG00000169548	rs3747098
ENSG00000169548	rs8405
ENSG00000169548	rs2073725
ENSG00000169548	rs2266991
ENSG00000169548	rs4822138
ENSG00000169548	rs4820469
ENSG00000169548	rs4822154
ENSG00000185686	rs965764
ENSG00000185686	rs2330097
ENSG00000185686	rs362139
ENSG00000185686	rs361901
ENSG00000185686	rs361676
ENSG00000185686	rs7290828
ENSG00000185686	rs5996102
ENSG00000185686	rs3747098
ENSG00000185686	rs8405
ENSG00000185686	rs2073725
ENSG00000185686	rs2266991
ENSG00000185686	rs4822138
ENSG00000185686	rs4820469
ENSG00000185686	rs4822154
ENSG00000185686	rs6002823
ENSG00000185686	rs5758828
ENSG00000185686	rs5751346
ENSG00000185686	rs5758942
ENSG00000185686	rs4306796
ENSG00000185686	rs5758984
ENSG00000100121	rs5758942
ENSG00000100121	rs4306796
ENSG00000100121	rs5758984
ENSG00000100121	rs4822229
ENSG00000100121	rs5759050
ENSG00000100121	rs5759061
ENSG00000100121	rs5759068
ENSG00000100121	rs8141949
ENSG00000100121	rs6003182
ENSG00000100121	rs6003185
ENSG00000100121	rs11912442
ENSG00000100121	rs456455
ENSG00000100121	rs455578
ENSG00000100121	rs4481090
ENSG00000100121	rs2330132
ENSG00000100121	rs433466
ENSG00000100121	rs5751511
ENSG00000100121	rs5759373
ENSG00000254709	rs12171150
ENSG00000254709	rs2854095
ENSG00000254709	rs1475930
ENSG00000254709	rs464805
ENSG00000254709	rs2854096
ENSG00000254709	rs2854097
ENSG00000254709	rs2854098
ENSG00000254709	rs370534
ENSG00000254709	rs390407
ENSG00000254709	rs451115
ENSG00000254709	rs6003388
ENSG00000254709	rs364402
ENSG00000254709	rs6003389
ENSG00000254709	rs5996419
ENSG00000254709	rs11090195
ENSG00000254709	rs737885
ENSG00000254709	rs394409
ENSG00000254709	rs406696
ENSG00000254709	rs5759535
ENSG00000254709	rs374167
ENSG00000254709	rs8135996
ENSG00000254709	rs403478
ENSG00000254709	rs429942
ENSG00000254709	rs5759540
ENSG00000254709	rs436599
ENSG00000254709	rs4822351
ENSG00000254709	rs463235
ENSG00000254709	rs7288450
ENSG00000254709	rs8139942
ENSG00000254709	rs2188131
ENSG00000254709	rs469120
ENSG00000254709	rs455929
ENSG00000254709	rs469412
ENSG00000128266	rs875602
ENSG00000128266	rs756634
ENSG00000128266	rs6003495
ENSG00000128266	rs13054331
ENSG00000128266	rs9624019
ENSG00000128266	rs9608071
ENSG00000128266	rs3788337
ENSG00000128266	rs5751574
ENSG00000128266	rs3788339
ENSG00000128266	rs3788341
ENSG00000128266	rs5759580
ENSG00000128266	rs3827315
ENSG00000128266	rs3788342
ENSG00000128266	rs3788343
ENSG00000128266	rs5751579
ENSG00000128266	rs6519411
ENSG00000128266	rs4820536
ENSG00000128266	rs6003502
ENSG00000128266	rs5751583
ENSG00000128266	rs874138
ENSG00000128266	rs2266997
ENSG00000128266	rs2266998
ENSG00000128266	rs2330338
ENSG00000128266	rs2283802
ENSG00000128266	rs2267000
ENSG00000128266	rs756631
ENSG00000128266	rs4820537
ENSG00000128266	rs1051875
ENSG00000128266	rs3788347
ENSG00000128266	rs756632
ENSG00000128266	rs4822357
ENSG00000128266	rs13055979
ENSG00000128266	rs5751589
ENSG00000128266	rs4820539
ENSG00000128266	rs5759598
ENSG00000128266	rs4822360
ENSG00000128266	rs4822361
ENSG00000128266	rs4822362
ENSG00000128266	rs5751591
ENSG00000128266	rs5759602
ENSG00000100218	rs875602
ENSG00000100218	rs756634
ENSG00000100218	rs6003495
ENSG00000100218	rs13054331
ENSG00000100218	rs9624019
ENSG00000100218	rs9608071
ENSG00000100218	rs3788337
ENSG00000100218	rs5751574
ENSG00000100218	rs3788339
ENSG00000100218	rs3788341
ENSG00000100218	rs5759580
ENSG00000100218	rs3827315
ENSG00000100218	rs3788342
ENSG00000100218	rs3788343
ENSG00000100218	rs5751579
ENSG00000100218	rs6519411
ENSG00000100218	rs4820536
ENSG00000100218	rs6003502
ENSG00000100218	rs5751583
ENSG00000100218	rs874138
ENSG00000100218	rs2266997
ENSG00000100218	rs2266998
ENSG00000100218	rs2330338
ENSG00000100218	rs2283802
ENSG00000100218	rs2267000
ENSG00000100218	rs756631
ENSG00000100218	rs4820537
ENSG00000100218	rs1051875
ENSG00000100218	rs3788347
ENSG00000100218	rs756632
ENSG00000100218	rs4822357
ENSG00000100218	rs13055979
ENSG00000100218	rs5751589
ENSG00000100218	rs4820539
ENSG00000100218	rs5759598
ENSG00000100218	rs4822360
ENSG00000100218	rs4822361
ENSG00000100218	rs4822362
ENSG00000100218	rs5751591
ENSG00000100218	rs5759602
ENSG00000100218	rs2283804
ENSG00000100218	rs2267006
ENSG00000100218	rs4822363
ENSG00000100218	rs9612248
ENSG00000100228	rs2330338
ENSG00000100228	rs2283802
ENSG00000100228	rs2267000
ENSG00000100228	rs756631
ENSG00000100228	rs4820537
ENSG00000100228	rs1051875
ENSG00000100228	rs3788347
ENSG00000100228	rs756632
ENSG00000100228	rs4822357
ENSG00000100228	rs13055979
ENSG00000100228	rs5751589
ENSG00000100228	rs4820539
ENSG00000100228	rs5759598
ENSG00000100228	rs4822360
ENSG00000100228	rs4822361
ENSG00000100228	rs4822362
ENSG00000100228	rs5751591
ENSG00000100228	rs5759602
ENSG00000100228	rs2283804
ENSG00000100228	rs2267006
ENSG00000100228	rs4822363
ENSG00000100228	rs9612248
ENSG00000100228	rs5759603
ENSG00000100228	rs2301555
ENSG00000100228	rs5751592
ENSG00000100228	rs2267007
ENSG00000100228	rs5759608
ENSG00000100228	rs9612252
ENSG00000100228	rs5759611
ENSG00000100228	rs5759612
ENSG00000100228	rs5759614
ENSG00000100228	rs5759615
ENSG00000100228	rs713682
ENSG00000100228	rs737818
ENSG00000100228	rs737819
ENSG00000100228	rs4820541
ENSG00000100228	rs5751593
ENSG00000100228	rs5759619
ENSG00000100228	rs5759620
ENSG00000100228	rs5759621
ENSG00000100228	rs1807460
ENSG00000100228	rs8142746
ENSG00000100228	rs5759624
ENSG00000100228	rs5759631
ENSG00000100228	rs3761418
ENSG00000100228	rs5751603
ENSG00000100228	rs2267009
ENSG00000100228	rs4820542
ENSG00000100228	rs2267010
ENSG00000100228	rs5759636
ENSG00000100228	rs2071431
ENSG00000100228	rs4822371
ENSG00000100228	rs2071436
ENSG00000100228	rs2267013
ENSG00000186716	rs2071436
ENSG00000186716	rs2267013
ENSG00000186716	rs2256725
ENSG00000186716	rs2267016
ENSG00000186716	rs5751611
ENSG00000186716	rs762601
ENSG00000186716	rs2156921
ENSG00000186716	rs1010609
ENSG00000186716	rs4822375
ENSG00000186716	rs1004040
ENSG00000186716	rs5751613
ENSG00000186716	rs2267018
ENSG00000186716	rs5751614
ENSG00000186716	rs140500
ENSG00000186716	rs928781
ENSG00000186716	rs5759666
ENSG00000186716	rs5759668
ENSG00000186716	rs9612270
ENSG00000186716	rs743584
ENSG00000186716	rs9612272
ENSG00000186716	rs140503
ENSG00000186716	rs5759671
ENSG00000186716	rs12233352
ENSG00000186716	rs3788358
ENSG00000186716	rs12166802
ENSG00000186716	rs7289192
ENSG00000186716	rs5759676
ENSG00000186716	rs7288846
ENSG00000186716	rs9624074
ENSG00000186716	rs11912657
ENSG00000186716	rs11912682
ENSG00000186716	rs8139664
ENSG00000186716	rs140504
ENSG00000186716	rs5759681
ENSG00000186716	rs7291469
ENSG00000186716	rs11090228
ENSG00000186716	rs140506
ENSG00000186716	rs16802
ENSG00000186716	rs5759683
ENSG00000186716	rs131678
ENSG00000186716	rs2267022
ENSG00000186716	rs3788360
ENSG00000186716	rs2267023
ENSG00000186716	rs2267025
ENSG00000186716	rs2239666
ENSG00000186716	rs17540103
ENSG00000186716	rs5759686
ENSG00000128322	rs131382
ENSG00000128322	rs131384
ENSG00000128322	rs2330514
ENSG00000128322	rs9612370
ENSG00000128322	rs131387
ENSG00000128322	rs9612371
ENSG00000128322	rs131390
ENSG00000128322	rs4820556
ENSG00000128322	rs9624207
ENSG00000128322	rs7364197
ENSG00000128322	rs131408
ENSG00000128322	rs131409
ENSG00000128322	rs179306
ENSG00000128322	rs179307
ENSG00000128322	rs17002476
ENSG00000128322	rs17002478
ENSG00000128322	rs8138979
ENSG00000128322	rs107017
ENSG00000128322	rs5996577
ENSG00000128322	rs2282474
ENSG00000128322	rs9624216
ENSG00000128322	rs131422
ENSG00000128322	rs12627824
ENSG00000128322	rs131429
ENSG00000128322	rs131430
ENSG00000128322	rs7287616
ENSG00000128322	rs11090262
ENSG00000128322	rs9612385
ENSG00000128322	rs131433
ENSG00000128322	rs17002697
ENSG00000128322	rs6003807
ENSG00000128322	rs3747125
ENSG00000128322	rs7288250
ENSG00000128322	rs4820559
ENSG00000128322	rs11090264
ENSG00000128322	rs2154592
ENSG00000128322	rs9612389
ENSG00000128322	rs2298372
ENSG00000128322	rs17545261
ENSG00000128322	rs9624230
ENSG00000128322	rs17627963
ENSG00000128322	rs6003815
ENSG00000128322	rs12484556
ENSG00000128322	rs9680742
ENSG00000189269	rs107017
ENSG00000189269	rs5996577
ENSG00000189269	rs2282474
ENSG00000189269	rs9624216
ENSG00000189269	rs131422
ENSG00000189269	rs12627824
ENSG00000189269	rs131429
ENSG00000189269	rs131430
ENSG00000189269	rs7287616
ENSG00000189269	rs11090262
ENSG00000189269	rs9612385
ENSG00000189269	rs131433
ENSG00000189269	rs17002697
ENSG00000189269	rs6003807
ENSG00000189269	rs3747125
ENSG00000189269	rs7288250
ENSG00000189269	rs4820559
ENSG00000189269	rs11090264
ENSG00000189269	rs2154592
ENSG00000189269	rs9612389
ENSG00000189269	rs2298372
ENSG00000189269	rs17545261
ENSG00000189269	rs9624230
ENSG00000189269	rs17627963
ENSG00000189269	rs6003815
ENSG00000189269	rs12484556
ENSG00000189269	rs9680742
ENSG00000189269	rs12167140
ENSG00000189269	rs12170399
ENSG00000189269	rs17002910
ENSG00000189269	rs3747102
ENSG00000189269	rs3827318
ENSG00000189269	rs9306387
ENSG00000189269	rs10427870
ENSG00000189269	rs16994633
ENSG00000189269	rs11703537
ENSG00000189269	rs6003824
ENSG00000189269	rs6003826
ENSG00000189269	rs3747106
ENSG00000189269	rs6519460
ENSG00000189269	rs5759940
ENSG00000189269	rs7289879
ENSG00000189269	rs5751705
ENSG00000159496	rs6003824
ENSG00000159496	rs6003826
ENSG00000159496	rs3747106
ENSG00000159496	rs6519460
ENSG00000159496	rs5759940
ENSG00000159496	rs7289879
ENSG00000159496	rs5751705
ENSG00000159496	rs2330555
ENSG00000159496	rs12157657
ENSG00000159496	rs1109403
ENSG00000159496	rs10427834
ENSG00000159496	rs5751708
ENSG00000159496	rs738785
ENSG00000159496	rs2330579
ENSG00000159496	rs3747110
ENSG00000159496	rs11090280
ENSG00000159496	rs5751710
ENSG00000159496	rs8140340
ENSG00000159496	rs6003842
ENSG00000159496	rs2070445
ENSG00000159496	rs7287369
ENSG00000159496	rs5751713
ENSG00000159496	rs5751714
ENSG00000159496	rs17629631
ENSG00000159496	rs738786
ENSG00000159496	rs2070446
ENSG00000159496	rs2070447
ENSG00000159496	rs2070448
ENSG00000159496	rs12170464
ENSG00000159496	rs1007298
ENSG00000159496	rs6003847
ENSG00000159496	rs6003849
ENSG00000159496	rs17629956
ENSG00000159496	rs9608174
ENSG00000159496	rs915587
ENSG00000159496	rs2070444
ENSG00000159496	rs8143019
ENSG00000159496	rs2330580
ENSG00000159496	rs736860
ENSG00000159496	rs9612413
ENSG00000159496	rs17630135
ENSG00000187792	rs12170464
ENSG00000187792	rs1007298
ENSG00000187792	rs6003847
ENSG00000187792	rs6003849
ENSG00000187792	rs17629956
ENSG00000187792	rs9608174
ENSG00000187792	rs915587
ENSG00000187792	rs2070444
ENSG00000187792	rs8143019
ENSG00000187792	rs2330580
ENSG00000187792	rs736860
ENSG00000187792	rs9612413
ENSG00000187792	rs17630135
ENSG00000187792	rs2067621
ENSG00000187792	rs5759985
ENSG00000187792	rs2070451
ENSG00000187792	rs5759986
ENSG00000187792	rs2070452
ENSG00000187792	rs2070453
ENSG00000187792	rs2070454
ENSG00000187792	rs1076123
ENSG00000187792	rs9612418
ENSG00000187792	rs5759997
ENSG00000187792	rs9612422
ENSG00000187792	rs2298375
ENSG00000187792	rs131442
ENSG00000187792	rs131444
ENSG00000187792	rs131445
ENSG00000187792	rs131451
ENSG00000187792	rs738791
ENSG00000187792	rs2267029
ENSG00000187792	rs738792
ENSG00000187792	rs28382576
ENSG00000187792	rs2073387
ENSG00000187792	rs2073390
ENSG00000187792	rs5760022
ENSG00000187792	rs17630758
ENSG00000128218	rs6003847
ENSG00000128218	rs6003849
ENSG00000128218	rs17629956
ENSG00000128218	rs9608174
ENSG00000128218	rs915587
ENSG00000128218	rs2070444
ENSG00000128218	rs8143019
ENSG00000128218	rs2330580
ENSG00000128218	rs736860
ENSG00000128218	rs9612413
ENSG00000128218	rs17630135
ENSG00000128218	rs2067621
ENSG00000128218	rs5759985
ENSG00000128218	rs2070451
ENSG00000128218	rs5759986
ENSG00000128218	rs2070452
ENSG00000128218	rs2070453
ENSG00000128218	rs2070454
ENSG00000128218	rs1076123
ENSG00000128218	rs9612418
ENSG00000128218	rs5759997
ENSG00000128218	rs9612422
ENSG00000128218	rs2298375
ENSG00000128218	rs131442
ENSG00000128218	rs131444
ENSG00000128218	rs131445
ENSG00000128218	rs131451
ENSG00000128218	rs738791
ENSG00000128218	rs2267029
ENSG00000128218	rs738792
ENSG00000128218	rs28382576
ENSG00000128218	rs2073387
ENSG00000128218	rs2073390
ENSG00000128218	rs5760022
ENSG00000128218	rs17630758
ENSG00000128218	rs5760023
ENSG00000128218	rs738796
ENSG00000169314	rs8143019
ENSG00000169314	rs2330580
ENSG00000169314	rs736860
ENSG00000169314	rs9612413
ENSG00000169314	rs17630135
ENSG00000169314	rs2067621
ENSG00000169314	rs5759985
ENSG00000169314	rs2070451
ENSG00000169314	rs5759986
ENSG00000169314	rs2070452
ENSG00000169314	rs2070453
ENSG00000169314	rs2070454
ENSG00000169314	rs1076123
ENSG00000169314	rs9612418
ENSG00000169314	rs5759997
ENSG00000169314	rs9612422
ENSG00000169314	rs2298375
ENSG00000169314	rs131442
ENSG00000169314	rs131444
ENSG00000169314	rs131445
ENSG00000169314	rs131451
ENSG00000169314	rs738791
ENSG00000169314	rs2267029
ENSG00000169314	rs738792
ENSG00000169314	rs28382576
ENSG00000169314	rs2073387
ENSG00000169314	rs2073390
ENSG00000169314	rs5760022
ENSG00000169314	rs17630758
ENSG00000169314	rs5760023
ENSG00000169314	rs738796
ENSG00000169314	rs17003912
ENSG00000169314	rs9620326
ENSG00000169314	rs11912715
ENSG00000169314	rs2267032
ENSG00000169314	rs5760045
ENSG00000250479	rs2330580
ENSG00000250479	rs736860
ENSG00000250479	rs9612413
ENSG00000250479	rs17630135
ENSG00000250479	rs2067621
ENSG00000250479	rs5759985
ENSG00000250479	rs2070451
ENSG00000250479	rs5759986
ENSG00000250479	rs2070452
ENSG00000250479	rs2070453
ENSG00000250479	rs2070454
ENSG00000250479	rs1076123
ENSG00000250479	rs9612418
ENSG00000250479	rs5759997
ENSG00000250479	rs9612422
ENSG00000250479	rs2298375
ENSG00000250479	rs131442
ENSG00000250479	rs131444
ENSG00000250479	rs131445
ENSG00000250479	rs131451
ENSG00000250479	rs738791
ENSG00000250479	rs2267029
ENSG00000250479	rs738792
ENSG00000250479	rs28382576
ENSG00000250479	rs2073387
ENSG00000250479	rs2073390
ENSG00000250479	rs5760022
ENSG00000250479	rs17630758
ENSG00000250479	rs5760023
ENSG00000250479	rs738796
ENSG00000250479	rs17003912
ENSG00000250479	rs9620326
ENSG00000250479	rs11912715
ENSG00000250479	rs2267032
ENSG00000250479	rs5760045
ENSG00000250479	rs738798
ENSG00000250479	rs738800
ENSG00000250479	rs2073391
ENSG00000250479	rs2070457
ENSG00000099953	rs736860
ENSG00000099953	rs9612413
ENSG00000099953	rs17630135
ENSG00000099953	rs2067621
ENSG00000099953	rs5759985
ENSG00000099953	rs2070451
ENSG00000099953	rs5759986
ENSG00000099953	rs2070452
ENSG00000099953	rs2070453
ENSG00000099953	rs2070454
ENSG00000099953	rs1076123
ENSG00000099953	rs9612418
ENSG00000099953	rs5759997
ENSG00000099953	rs9612422
ENSG00000099953	rs2298375
ENSG00000099953	rs131442
ENSG00000099953	rs131444
ENSG00000099953	rs131445
ENSG00000099953	rs131451
ENSG00000099953	rs738791
ENSG00000099953	rs2267029
ENSG00000099953	rs738792
ENSG00000099953	rs28382576
ENSG00000099953	rs2073387
ENSG00000099953	rs2073390
ENSG00000099953	rs5760022
ENSG00000099953	rs17630758
ENSG00000099953	rs5760023
ENSG00000099953	rs738796
ENSG00000099953	rs17003912
ENSG00000099953	rs9620326
ENSG00000099953	rs11912715
ENSG00000099953	rs2267032
ENSG00000099953	rs5760045
ENSG00000099953	rs738798
ENSG00000099953	rs738800
ENSG00000099953	rs2073391
ENSG00000099953	rs2070457
ENSG00000099953	rs2073395
ENSG00000099953	rs9608196
ENSG00000099956	rs2298375
ENSG00000099956	rs131442
ENSG00000099956	rs131444
ENSG00000099956	rs131445
ENSG00000099956	rs131451
ENSG00000099956	rs738791
ENSG00000099956	rs2267029
ENSG00000099956	rs738792
ENSG00000099956	rs28382576
ENSG00000099956	rs2073387
ENSG00000099956	rs2073390
ENSG00000099956	rs5760022
ENSG00000099956	rs17630758
ENSG00000099956	rs5760023
ENSG00000099956	rs738796
ENSG00000099956	rs17003912
ENSG00000099956	rs9620326
ENSG00000099956	rs11912715
ENSG00000099956	rs2267032
ENSG00000099956	rs5760045
ENSG00000099956	rs738798
ENSG00000099956	rs738800
ENSG00000099956	rs2073391
ENSG00000099956	rs2070457
ENSG00000099956	rs2073395
ENSG00000099956	rs9608196
ENSG00000099956	rs2186370
ENSG00000099956	rs6003904
ENSG00000099956	rs5760060
ENSG00000099956	rs9612480
ENSG00000099956	rs9612481
ENSG00000099956	rs17003993
ENSG00000099956	rs2267044
ENSG00000099956	rs5760061
ENSG00000099956	rs1128127
ENSG00000099956	rs9612485
ENSG00000099956	rs6003907
ENSG00000099956	rs6003909
ENSG00000099956	rs6519476
ENSG00000099956	rs2070464
ENSG00000099956	rs5751749
ENSG00000099956	rs6003913
ENSG00000099956	rs6003914
ENSG00000099956	rs5760065
ENSG00000099956	rs5760066
ENSG00000099956	rs738802
ENSG00000099956	rs738803
ENSG00000099956	rs738804
ENSG00000099956	rs5760071
ENSG00000099956	rs17637865
ENSG00000099956	rs16986337
ENSG00000099956	rs17550765
ENSG00000099956	rs9620328
ENSG00000099958	rs2073387
ENSG00000099958	rs2073390
ENSG00000099958	rs5760022
ENSG00000099958	rs17630758
ENSG00000099958	rs5760023
ENSG00000099958	rs738796
ENSG00000099958	rs17003912
ENSG00000099958	rs9620326
ENSG00000099958	rs11912715
ENSG00000099958	rs2267032
ENSG00000099958	rs5760045
ENSG00000099958	rs738798
ENSG00000099958	rs738800
ENSG00000099958	rs2073391
ENSG00000099958	rs2070457
ENSG00000099958	rs2073395
ENSG00000099958	rs9608196
ENSG00000099958	rs2186370
ENSG00000099958	rs6003904
ENSG00000099958	rs5760060
ENSG00000099958	rs9612480
ENSG00000099958	rs9612481
ENSG00000099958	rs17003993
ENSG00000099958	rs2267044
ENSG00000099958	rs5760061
ENSG00000099958	rs1128127
ENSG00000099958	rs9612485
ENSG00000099958	rs6003907
ENSG00000099958	rs6003909
ENSG00000099958	rs6519476
ENSG00000099958	rs2070464
ENSG00000099958	rs5751749
ENSG00000099958	rs6003913
ENSG00000099958	rs6003914
ENSG00000099958	rs5760065
ENSG00000099958	rs5760066
ENSG00000099958	rs738802
ENSG00000099958	rs738803
ENSG00000099958	rs738804
ENSG00000099958	rs5760071
ENSG00000099958	rs17637865
ENSG00000099958	rs16986337
ENSG00000099958	rs17550765
ENSG00000099958	rs9620328
ENSG00000099958	rs4822441
ENSG00000099958	rs2330625
ENSG00000099958	rs4428104
ENSG00000099958	rs1018743
ENSG00000099958	rs11913427
ENSG00000099958	rs12157360
ENSG00000099958	rs17004024
ENSG00000099958	rs4822442
ENSG00000099958	rs2236619
ENSG00000099958	rs2236620
ENSG00000099958	rs2236621
ENSG00000099958	rs2070460
ENSG00000099958	rs6003939
ENSG00000099958	rs1129067
ENSG00000133460	rs2186370
ENSG00000133460	rs6003904
ENSG00000133460	rs5760060
ENSG00000133460	rs9612480
ENSG00000133460	rs9612481
ENSG00000133460	rs17003993
ENSG00000133460	rs2267044
ENSG00000133460	rs5760061
ENSG00000133460	rs1128127
ENSG00000133460	rs9612485
ENSG00000133460	rs6003907
ENSG00000133460	rs6003909
ENSG00000133460	rs6519476
ENSG00000133460	rs2070464
ENSG00000133460	rs5751749
ENSG00000133460	rs6003913
ENSG00000133460	rs6003914
ENSG00000133460	rs5760065
ENSG00000133460	rs5760066
ENSG00000133460	rs738802
ENSG00000133460	rs738803
ENSG00000133460	rs738804
ENSG00000133460	rs5760071
ENSG00000133460	rs17637865
ENSG00000133460	rs16986337
ENSG00000133460	rs17550765
ENSG00000133460	rs9620328
ENSG00000133460	rs4822441
ENSG00000133460	rs2330625
ENSG00000133460	rs4428104
ENSG00000133460	rs1018743
ENSG00000133460	rs11913427
ENSG00000133460	rs12157360
ENSG00000133460	rs17004024
ENSG00000133460	rs4822442
ENSG00000133460	rs2236619
ENSG00000133460	rs2236620
ENSG00000133460	rs2236621
ENSG00000133460	rs2070460
ENSG00000133460	rs6003939
ENSG00000133460	rs1129067
ENSG00000133460	rs9612503
ENSG00000133460	rs915591
ENSG00000133460	rs5760090
ENSG00000133460	rs12628766
ENSG00000133460	rs875643
ENSG00000133460	rs738806
ENSG00000133460	rs738807
ENSG00000133460	rs5751759
ENSG00000133460	rs2012124
ENSG00000133460	rs4822443
ENSG00000133460	rs2000466
ENSG00000133460	rs6003942
ENSG00000133460	rs17004046
ENSG00000133460	rs5760093
ENSG00000133460	rs1007888
ENSG00000133460	rs2000467
ENSG00000133460	rs17004049
ENSG00000133460	rs2000468
ENSG00000133460	rs11703791
ENSG00000133460	rs4820571
ENSG00000133460	rs5751760
ENSG00000133460	rs5751761
ENSG00000133460	rs11703881
ENSG00000133460	rs11913559
ENSG00000133460	rs5760095
ENSG00000133460	rs5760096
ENSG00000133460	rs4822451
ENSG00000133460	rs5760098
ENSG00000133460	rs7293178
ENSG00000133460	rs5760101
ENSG00000133460	rs5760102
ENSG00000133460	rs1018744
ENSG00000133460	rs5760106
ENSG00000133460	rs17004053
ENSG00000133460	rs2330635
ENSG00000133460	rs5751770
ENSG00000133460	rs2154594
ENSG00000133460	rs2186366
ENSG00000133460	rs1002286
ENSG00000133460	rs8138536
ENSG00000133460	rs915590
ENSG00000251357	rs2186370
ENSG00000251357	rs6003904
ENSG00000251357	rs5760060
ENSG00000251357	rs9612480
ENSG00000251357	rs9612481
ENSG00000251357	rs17003993
ENSG00000251357	rs2267044
ENSG00000251357	rs5760061
ENSG00000251357	rs1128127
ENSG00000251357	rs9612485
ENSG00000251357	rs6003907
ENSG00000251357	rs6003909
ENSG00000251357	rs6519476
ENSG00000251357	rs2070464
ENSG00000251357	rs5751749
ENSG00000251357	rs6003913
ENSG00000251357	rs6003914
ENSG00000251357	rs5760065
ENSG00000251357	rs5760066
ENSG00000251357	rs738802
ENSG00000251357	rs738803
ENSG00000251357	rs738804
ENSG00000251357	rs5760071
ENSG00000251357	rs17637865
ENSG00000251357	rs16986337
ENSG00000251357	rs17550765
ENSG00000251357	rs9620328
ENSG00000251357	rs4822441
ENSG00000251357	rs2330625
ENSG00000251357	rs4428104
ENSG00000251357	rs1018743
ENSG00000251357	rs11913427
ENSG00000251357	rs12157360
ENSG00000251357	rs17004024
ENSG00000251357	rs4822442
ENSG00000251357	rs2236619
ENSG00000251357	rs2236620
ENSG00000251357	rs2236621
ENSG00000251357	rs2070460
ENSG00000251357	rs6003939
ENSG00000251357	rs1129067
ENSG00000251357	rs9612503
ENSG00000251357	rs915591
ENSG00000251357	rs5760090
ENSG00000251357	rs12628766
ENSG00000251357	rs875643
ENSG00000251357	rs738806
ENSG00000251357	rs738807
ENSG00000251357	rs5751759
ENSG00000251357	rs2012124
ENSG00000251357	rs4822443
ENSG00000251357	rs2000466
ENSG00000251357	rs6003942
ENSG00000251357	rs17004046
ENSG00000251357	rs5760093
ENSG00000251357	rs1007888
ENSG00000251357	rs2000467
ENSG00000251357	rs17004049
ENSG00000251357	rs2000468
ENSG00000251357	rs11703791
ENSG00000251357	rs4820571
ENSG00000251357	rs5751760
ENSG00000251357	rs5751761
ENSG00000251357	rs11703881
ENSG00000251357	rs11913559
ENSG00000251357	rs5760095
ENSG00000251357	rs5760096
ENSG00000251357	rs4822451
ENSG00000251357	rs5760098
ENSG00000251357	rs7293178
ENSG00000251357	rs5760101
ENSG00000251357	rs5760102
ENSG00000251357	rs1018744
ENSG00000251357	rs5760106
ENSG00000251357	rs17004053
ENSG00000251357	rs2330635
ENSG00000251357	rs5751770
ENSG00000251357	rs2154594
ENSG00000251357	rs2186366
ENSG00000251357	rs1002286
ENSG00000251357	rs8138536
ENSG00000251357	rs915590
ENSG00000251357	rs6003959
ENSG00000251357	rs4822458
ENSG00000251357	rs4822461
ENSG00000251357	rs1892714
ENSG00000251357	rs1892715
ENSG00000251357	rs6003970
ENSG00000251357	rs5996635
ENSG00000240972	rs5760066
ENSG00000240972	rs738802
ENSG00000240972	rs738803
ENSG00000240972	rs738804
ENSG00000240972	rs5760071
ENSG00000240972	rs17637865
ENSG00000240972	rs16986337
ENSG00000240972	rs17550765
ENSG00000240972	rs9620328
ENSG00000240972	rs4822441
ENSG00000240972	rs2330625
ENSG00000240972	rs4428104
ENSG00000240972	rs1018743
ENSG00000240972	rs11913427
ENSG00000240972	rs12157360
ENSG00000240972	rs17004024
ENSG00000240972	rs4822442
ENSG00000240972	rs2236619
ENSG00000240972	rs2236620
ENSG00000240972	rs2236621
ENSG00000240972	rs2070460
ENSG00000240972	rs6003939
ENSG00000240972	rs1129067
ENSG00000240972	rs9612503
ENSG00000240972	rs915591
ENSG00000240972	rs5760090
ENSG00000240972	rs12628766
ENSG00000240972	rs875643
ENSG00000240972	rs738806
ENSG00000240972	rs738807
ENSG00000240972	rs5751759
ENSG00000240972	rs2012124
ENSG00000240972	rs4822443
ENSG00000240972	rs2000466
ENSG00000240972	rs6003942
ENSG00000240972	rs17004046
ENSG00000240972	rs5760093
ENSG00000240972	rs1007888
ENSG00000240972	rs2000467
ENSG00000240972	rs17004049
ENSG00000240972	rs2000468
ENSG00000240972	rs11703791
ENSG00000240972	rs4820571
ENSG00000240972	rs5751760
ENSG00000240972	rs5751761
ENSG00000240972	rs11703881
ENSG00000240972	rs11913559
ENSG00000240972	rs5760095
ENSG00000240972	rs5760096
ENSG00000240972	rs4822451
ENSG00000240972	rs5760098
ENSG00000240972	rs7293178
ENSG00000240972	rs5760101
ENSG00000240972	rs5760102
ENSG00000240972	rs1018744
ENSG00000240972	rs5760106
ENSG00000240972	rs17004053
ENSG00000240972	rs2330635
ENSG00000240972	rs5751770
ENSG00000240972	rs2154594
ENSG00000240972	rs2186366
ENSG00000240972	rs1002286
ENSG00000240972	rs8138536
ENSG00000240972	rs915590
ENSG00000240972	rs6003959
ENSG00000240972	rs4822458
ENSG00000240972	rs4822461
ENSG00000240972	rs1892714
ENSG00000240972	rs1892715
ENSG00000240972	rs6003970
ENSG00000240972	rs5996635
ENSG00000133433	rs5751770
ENSG00000133433	rs2154594
ENSG00000133433	rs2186366
ENSG00000133433	rs1002286
ENSG00000133433	rs8138536
ENSG00000133433	rs915590
ENSG00000133433	rs6003959
ENSG00000133433	rs4822458
ENSG00000133433	rs4822461
ENSG00000133433	rs1892714
ENSG00000133433	rs1892715
ENSG00000133433	rs6003970
ENSG00000133433	rs5996635
ENSG00000133433	rs2739338
ENSG00000133433	rs5742303
ENSG00000133433	rs9624364
ENSG00000133433	rs4822466
ENSG00000133433	rs1006771
ENSG00000133433	rs140289
ENSG00000133433	rs6004011
ENSG00000099974	rs6003959
ENSG00000099974	rs4822458
ENSG00000099974	rs4822461
ENSG00000099974	rs1892714
ENSG00000099974	rs1892715
ENSG00000099974	rs6003970
ENSG00000099974	rs5996635
ENSG00000099974	rs2739338
ENSG00000099974	rs5742303
ENSG00000099974	rs9624364
ENSG00000099974	rs4822466
ENSG00000099974	rs1006771
ENSG00000099974	rs140289
ENSG00000099974	rs6004011
ENSG00000099977	rs4822461
ENSG00000099977	rs1892714
ENSG00000099977	rs1892715
ENSG00000099977	rs6003970
ENSG00000099977	rs5996635
ENSG00000099977	rs2739338
ENSG00000099977	rs5742303
ENSG00000099977	rs9624364
ENSG00000099977	rs4822466
ENSG00000099977	rs1006771
ENSG00000099977	rs140289
ENSG00000099977	rs6004011
ENSG00000285762	rs4822461
ENSG00000285762	rs1892714
ENSG00000285762	rs1892715
ENSG00000285762	rs6003970
ENSG00000285762	rs5996635
ENSG00000285762	rs2739338
ENSG00000285762	rs5742303
ENSG00000285762	rs9624364
ENSG00000285762	rs4822466
ENSG00000285762	rs1006771
ENSG00000285762	rs140289
ENSG00000285762	rs6004011
ENSG00000099991	rs5760189
ENSG00000099991	rs12485146
ENSG00000099991	rs17640355
ENSG00000099991	rs17004823
ENSG00000099991	rs762271
ENSG00000099991	rs17004824
ENSG00000099991	rs2073396
ENSG00000099991	rs2070467
ENSG00000099991	rs4306797
ENSG00000099991	rs8138467
ENSG00000099991	rs9624395
ENSG00000099991	rs6004051
ENSG00000099991	rs2282476
ENSG00000099991	rs6004052
ENSG00000099991	rs3827321
ENSG00000099991	rs2051198
ENSG00000099991	rs17854874
ENSG00000099991	rs5996665
ENSG00000099991	rs2283807
ENSG00000099991	rs5760201
ENSG00000099991	rs4820581
ENSG00000099991	rs738808
ENSG00000099991	rs2000470
ENSG00000099991	rs2236622
ENSG00000099991	rs2070468
ENSG00000099991	rs9608238
ENSG00000099991	rs176157
ENSG00000099991	rs176159
ENSG00000099991	rs13057912
ENSG00000099991	rs176161
ENSG00000099991	rs9620358
ENSG00000099991	rs6004064
ENSG00000099991	rs2070471
ENSG00000099991	rs2267059
ENSG00000099991	rs2003756
ENSG00000099991	rs735863
ENSG00000099991	rs8139439
ENSG00000099991	rs2001106
ENSG00000099991	rs9612557
ENSG00000099991	rs2283808
ENSG00000099991	rs17004848
ENSG00000099991	rs5760216
ENSG00000099994	rs8139439
ENSG00000099994	rs2001106
ENSG00000099994	rs9612557
ENSG00000099994	rs2283808
ENSG00000099994	rs17004848
ENSG00000099994	rs5760216
ENSG00000099994	rs5760220
ENSG00000099994	rs2267062
ENSG00000099994	rs2267063
ENSG00000099994	rs2267064
ENSG00000099994	rs2267065
ENSG00000099994	rs2267067
ENSG00000099994	rs8140812
ENSG00000099994	rs6519501
ENSG00000099994	rs2267071
ENSG00000099994	rs17854875
ENSG00000099994	rs8136015
ENSG00000099994	rs8137732
ENSG00000099994	rs11090310
ENSG00000099994	rs3788368
ENSG00000099994	rs8141797
ENSG00000099994	rs2070469
ENSG00000099994	rs2070470
ENSG00000099994	rs5760244
ENSG00000099994	rs5751813
ENSG00000099994	rs9608247
ENSG00000099994	rs4521150
ENSG00000099994	rs8141627
ENSG00000099994	rs35146655
ENSG00000099994	rs5996674
ENSG00000099994	rs6004094
ENSG00000099994	rs5760262
ENSG00000099994	rs5760263
ENSG00000099994	rs743359
ENSG00000099994	rs738810
ENSG00000099994	rs5996675
ENSG00000099994	rs7288670
ENSG00000099994	rs8142702
ENSG00000099994	rs2275984
ENSG00000099994	rs35676668
ENSG00000099994	rs9624434
ENSG00000099994	rs2275985
ENSG00000099998	rs8141797
ENSG00000099998	rs2070469
ENSG00000099998	rs2070470
ENSG00000099998	rs5760244
ENSG00000099998	rs5751813
ENSG00000099998	rs9608247
ENSG00000099998	rs4521150
ENSG00000099998	rs8141627
ENSG00000099998	rs35146655
ENSG00000099998	rs5996674
ENSG00000099998	rs6004094
ENSG00000099998	rs5760262
ENSG00000099998	rs5760263
ENSG00000099998	rs743359
ENSG00000099998	rs738810
ENSG00000099998	rs5996675
ENSG00000099998	rs7288670
ENSG00000099998	rs8142702
ENSG00000099998	rs2275984
ENSG00000099998	rs35676668
ENSG00000099998	rs9624434
ENSG00000099998	rs2275985
ENSG00000099998	rs4822473
ENSG00000099998	rs4443101
ENSG00000099998	rs5760273
ENSG00000099998	rs2267073
ENSG00000099998	rs5760293
ENSG00000099998	rs5760294
ENSG00000099998	rs5760301
ENSG00000100014	rs1041748
ENSG00000100014	rs5760331
ENSG00000100014	rs5751846
ENSG00000100014	rs3747113
ENSG00000100014	rs2298378
ENSG00000100014	rs5760345
ENSG00000100014	rs2298380
ENSG00000100014	rs5760351
ENSG00000100014	rs4822485
ENSG00000100014	rs738811
ENSG00000100014	rs7293001
ENSG00000100014	rs4820585
ENSG00000100014	rs2082733
ENSG00000100014	rs2330783
ENSG00000100014	rs5760359
ENSG00000100014	rs5760364
ENSG00000100014	rs9608277
ENSG00000100014	rs8137515
ENSG00000100014	rs8137517
ENSG00000100014	rs11703914
ENSG00000100014	rs5760382
ENSG00000100014	rs6004146
ENSG00000258555	rs5760331
ENSG00000258555	rs5751846
ENSG00000258555	rs3747113
ENSG00000258555	rs2298378
ENSG00000258555	rs5760345
ENSG00000258555	rs2298380
ENSG00000258555	rs5760351
ENSG00000258555	rs4822485
ENSG00000258555	rs738811
ENSG00000258555	rs7293001
ENSG00000258555	rs4820585
ENSG00000258555	rs2082733
ENSG00000258555	rs2330783
ENSG00000258555	rs5760359
ENSG00000258555	rs5760364
ENSG00000258555	rs9608277
ENSG00000258555	rs8137515
ENSG00000258555	rs8137517
ENSG00000258555	rs11703914
ENSG00000258555	rs5760382
ENSG00000258555	rs6004146
ENSG00000258555	rs1347387
ENSG00000258555	rs5751862
ENSG00000128271	rs6004146
ENSG00000128271	rs1347387
ENSG00000128271	rs5751862
ENSG00000128271	rs1003774
ENSG00000128271	rs5760401
ENSG00000128271	rs3747115
ENSG00000128271	rs7678
ENSG00000128271	rs5751869
ENSG00000128271	rs5760410
ENSG00000128271	rs7285057
ENSG00000128271	rs2298383
ENSG00000128271	rs3761422
ENSG00000128271	rs8141793
ENSG00000128271	rs2267076
ENSG00000128271	rs17004919
ENSG00000128271	rs2236624
ENSG00000128271	rs5760423
ENSG00000128271	rs17004921
ENSG00000128271	rs5760425
ENSG00000128271	rs17651189
ENSG00000128271	rs17004922
ENSG00000128271	rs1041749
ENSG00000128271	rs1008932
ENSG00000128271	rs1008931
ENSG00000128271	rs9612627
ENSG00000128271	rs738813
ENSG00000128271	rs5760440
ENSG00000128271	rs9624480
ENSG00000100024	rs738813
ENSG00000100024	rs5760440
ENSG00000100024	rs9624480
ENSG00000100024	rs5760444
ENSG00000100024	rs1547358
ENSG00000100024	rs1547359
ENSG00000100024	rs5760447
ENSG00000100024	rs17004936
ENSG00000100024	rs4822502
ENSG00000100024	rs5760450
ENSG00000100024	rs5760452
ENSG00000100024	rs3788371
ENSG00000100024	rs3788372
ENSG00000100024	rs2232866
ENSG00000100024	rs738814
ENSG00000100024	rs140324
ENSG00000100024	rs6004171
ENSG00000100024	rs140335
ENSG00000100024	rs41446544
ENSG00000100024	rs6004175
ENSG00000100024	rs1892721
ENSG00000100024	rs1314
ENSG00000100024	rs28461882
ENSG00000100024	rs11090327
ENSG00000100024	rs8136239
ENSG00000100024	rs6004179
ENSG00000100024	rs9608295
ENSG00000100024	rs9704
ENSG00000100024	rs12170895
ENSG00000100024	rs762283
ENSG00000100024	rs743368
ENSG00000100024	rs738820
ENSG00000100024	rs12160660
ENSG00000100024	rs16978673
ENSG00000100024	rs5996717
ENSG00000100024	rs2298386
ENSG00000100024	rs3788374
ENSG00000138867	rs3788372
ENSG00000138867	rs2232866
ENSG00000138867	rs738814
ENSG00000138867	rs140324
ENSG00000138867	rs6004171
ENSG00000138867	rs140335
ENSG00000138867	rs41446544
ENSG00000138867	rs6004175
ENSG00000138867	rs1892721
ENSG00000138867	rs1314
ENSG00000138867	rs28461882
ENSG00000138867	rs11090327
ENSG00000138867	rs8136239
ENSG00000138867	rs6004179
ENSG00000138867	rs9608295
ENSG00000138867	rs9704
ENSG00000138867	rs12170895
ENSG00000138867	rs762283
ENSG00000138867	rs743368
ENSG00000138867	rs738820
ENSG00000138867	rs12160660
ENSG00000138867	rs16978673
ENSG00000138867	rs5996717
ENSG00000138867	rs2298386
ENSG00000138867	rs3788374
ENSG00000138867	rs4822507
ENSG00000138867	rs17574411
ENSG00000138867	rs5760479
ENSG00000138867	rs762286
ENSG00000138867	rs9830
ENSG00000138867	rs9608299
ENSG00000138867	rs2236626
ENSG00000138867	rs16978740
ENSG00000138867	rs5760485
ENSG00000138867	rs874852
ENSG00000138867	rs2154611
ENSG00000138867	rs4820599
ENSG00000138867	rs5760489
ENSG00000138867	rs2070477
ENSG00000138867	rs6519519
ENSG00000138867	rs6519520
ENSG00000138867	rs5751901
ENSG00000138867	rs4820600
ENSG00000100028	rs41446544
ENSG00000100028	rs6004175
ENSG00000100028	rs1892721
ENSG00000100028	rs1314
ENSG00000100028	rs28461882
ENSG00000100028	rs11090327
ENSG00000100028	rs8136239
ENSG00000100028	rs6004179
ENSG00000100028	rs9608295
ENSG00000100028	rs9704
ENSG00000100028	rs12170895
ENSG00000100028	rs762283
ENSG00000100028	rs743368
ENSG00000100028	rs738820
ENSG00000100028	rs12160660
ENSG00000100028	rs16978673
ENSG00000100028	rs5996717
ENSG00000100028	rs2298386
ENSG00000100028	rs3788374
ENSG00000100028	rs4822507
ENSG00000100028	rs17574411
ENSG00000100028	rs5760479
ENSG00000100028	rs762286
ENSG00000100028	rs9830
ENSG00000100028	rs9608299
ENSG00000100028	rs2236626
ENSG00000100028	rs16978740
ENSG00000100028	rs5760485
ENSG00000100028	rs874852
ENSG00000100028	rs2154611
ENSG00000100028	rs4820599
ENSG00000100028	rs5760489
ENSG00000100028	rs2070477
ENSG00000100028	rs6519519
ENSG00000100028	rs6519520
ENSG00000100028	rs5751901
ENSG00000100028	rs4820600
ENSG00000100028	rs5760492
ENSG00000100028	rs5751902
ENSG00000178026	rs9704
ENSG00000178026	rs12170895
ENSG00000178026	rs762283
ENSG00000178026	rs743368
ENSG00000178026	rs738820
ENSG00000178026	rs12160660
ENSG00000178026	rs16978673
ENSG00000178026	rs5996717
ENSG00000178026	rs2298386
ENSG00000178026	rs3788374
ENSG00000178026	rs4822507
ENSG00000178026	rs17574411
ENSG00000178026	rs5760479
ENSG00000178026	rs762286
ENSG00000178026	rs9830
ENSG00000178026	rs9608299
ENSG00000178026	rs2236626
ENSG00000178026	rs16978740
ENSG00000178026	rs5760485
ENSG00000178026	rs874852
ENSG00000178026	rs2154611
ENSG00000178026	rs4820599
ENSG00000178026	rs5760489
ENSG00000178026	rs2070477
ENSG00000178026	rs6519519
ENSG00000178026	rs6519520
ENSG00000178026	rs5751901
ENSG00000178026	rs4820600
ENSG00000178026	rs5760492
ENSG00000178026	rs5751902
ENSG00000286070	rs12170895
ENSG00000286070	rs762283
ENSG00000286070	rs743368
ENSG00000286070	rs738820
ENSG00000286070	rs12160660
ENSG00000286070	rs16978673
ENSG00000286070	rs5996717
ENSG00000286070	rs2298386
ENSG00000286070	rs3788374
ENSG00000286070	rs4822507
ENSG00000286070	rs17574411
ENSG00000286070	rs5760479
ENSG00000286070	rs762286
ENSG00000286070	rs9830
ENSG00000286070	rs9608299
ENSG00000286070	rs2236626
ENSG00000286070	rs16978740
ENSG00000286070	rs5760485
ENSG00000286070	rs874852
ENSG00000286070	rs2154611
ENSG00000286070	rs4820599
ENSG00000286070	rs5760489
ENSG00000286070	rs2070477
ENSG00000286070	rs6519519
ENSG00000286070	rs6519520
ENSG00000286070	rs5751901
ENSG00000286070	rs4820600
ENSG00000286070	rs5760492
ENSG00000286070	rs5751902
ENSG00000100031	rs4822507
ENSG00000100031	rs17574411
ENSG00000100031	rs5760479
ENSG00000100031	rs762286
ENSG00000100031	rs9830
ENSG00000100031	rs9608299
ENSG00000100031	rs2236626
ENSG00000100031	rs16978740
ENSG00000100031	rs5760485
ENSG00000100031	rs874852
ENSG00000100031	rs2154611
ENSG00000100031	rs4820599
ENSG00000100031	rs5760489
ENSG00000100031	rs2070477
ENSG00000100031	rs6519519
ENSG00000100031	rs6519520
ENSG00000100031	rs5751901
ENSG00000100031	rs4820600
ENSG00000100031	rs5760492
ENSG00000100031	rs5751902
ENSG00000184571	rs5760591
ENSG00000184571	rs915610
ENSG00000184571	rs915611
ENSG00000184571	rs743377
ENSG00000184571	rs9612740
ENSG00000184571	rs5751950
ENSG00000184571	rs5760596
ENSG00000184571	rs6004247
ENSG00000184571	rs2007382
ENSG00000184571	rs131481
ENSG00000184571	rs115525
ENSG00000184571	rs5751957
ENSG00000184571	rs131478
ENSG00000184571	rs131477
ENSG00000184571	rs131476
ENSG00000184571	rs738825
ENSG00000184571	rs5751960
ENSG00000184571	rs9612745
ENSG00000184571	rs5760613
ENSG00000184571	rs8139987
ENSG00000184571	rs5751963
ENSG00000184571	rs5760614
ENSG00000184571	rs2096533
ENSG00000184571	rs6004255
ENSG00000184571	rs11703684
ENSG00000184571	rs5760620
ENSG00000184571	rs1892723
ENSG00000184571	rs1892722
ENSG00000184571	rs7286060
ENSG00000184571	rs8137801
ENSG00000184571	rs5751975
ENSG00000184571	rs9624586
ENSG00000184571	rs6004268
ENSG00000184571	rs6004273
ENSG00000184571	rs5760627
ENSG00000184571	rs5760628
ENSG00000184571	rs5760629
ENSG00000184571	rs5760630
ENSG00000184571	rs2027609
ENSG00000184571	rs1001445
ENSG00000184571	rs6004274
ENSG00000184571	rs8141311
ENSG00000184571	rs6004275
ENSG00000184571	rs16978950
ENSG00000184571	rs4822545
ENSG00000184571	rs6004279
ENSG00000184571	rs9306399
ENSG00000184571	rs5751997
ENSG00000184571	rs139606
ENSG00000184571	rs139610
ENSG00000167037	rs1883994
ENSG00000167037	rs7293112
ENSG00000167037	rs9612777
ENSG00000167037	rs5760687
ENSG00000167037	rs2330929
ENSG00000167037	rs9608342
ENSG00000167037	rs7291051
ENSG00000167037	rs4820614
ENSG00000167037	rs4820615
ENSG00000167037	rs139630
ENSG00000167037	rs7288359
ENSG00000167037	rs139631
ENSG00000167037	rs139632
ENSG00000167037	rs139633
ENSG00000167037	rs16979022
ENSG00000167037	rs713664
ENSG00000167037	rs713651
ENSG00000167037	rs713715
ENSG00000167037	rs139637
ENSG00000167037	rs6004307
ENSG00000167037	rs4822549
ENSG00000167037	rs139643
ENSG00000167037	rs12170917
ENSG00000167037	rs139644
ENSG00000167037	rs139645
ENSG00000167037	rs139646
ENSG00000167037	rs139647
ENSG00000167037	rs139653
ENSG00000167037	rs2877251
ENSG00000167037	rs139654
ENSG00000167037	rs7291798
ENSG00000167037	rs12485138
ENSG00000167037	rs1997889
ENSG00000167037	rs139661
ENSG00000167037	rs139662
ENSG00000167037	rs139663
ENSG00000167037	rs139668
ENSG00000167037	rs9620446
ENSG00000167037	rs139675
ENSG00000167037	rs139676
ENSG00000167037	rs139677
ENSG00000167037	rs139681
ENSG00000167037	rs139683
ENSG00000167037	rs139684
ENSG00000167037	rs139686
ENSG00000167037	rs41516144
ENSG00000167037	rs11090351
ENSG00000167037	rs5996780
ENSG00000167037	rs13054678
ENSG00000167037	rs9612797
ENSG00000167037	rs9624632
ENSG00000167037	rs11703103
ENSG00000167037	rs16979118
ENSG00000167037	rs6004338
ENSG00000167037	rs2273144
ENSG00000167037	rs6004341
ENSG00000167037	rs737769
ENSG00000167037	rs16979152
ENSG00000167037	rs11914101
ENSG00000167037	rs16979179
ENSG00000167037	rs139719
ENSG00000167037	rs4541332
ENSG00000167037	rs139724
ENSG00000167037	rs139729
ENSG00000167037	rs5752014
ENSG00000167037	rs2877253
ENSG00000167037	rs5760712
ENSG00000167037	rs5760713
ENSG00000167037	rs5996789
ENSG00000167037	rs139731
ENSG00000167037	rs2073201
ENSG00000167037	rs139735
ENSG00000167037	rs139738
ENSG00000167037	rs139740
ENSG00000167037	rs139746
ENSG00000167037	rs139748
ENSG00000167037	rs11914055
ENSG00000167037	rs139753
ENSG00000167037	rs139756
ENSG00000167037	rs139762
ENSG00000167037	rs139763
ENSG00000167037	rs139764
ENSG00000206069	rs139729
ENSG00000206069	rs5752014
ENSG00000206069	rs2877253
ENSG00000206069	rs5760712
ENSG00000206069	rs5760713
ENSG00000206069	rs5996789
ENSG00000206069	rs139731
ENSG00000206069	rs2073201
ENSG00000206069	rs139735
ENSG00000206069	rs139738
ENSG00000206069	rs139740
ENSG00000206069	rs139746
ENSG00000206069	rs139748
ENSG00000206069	rs11914055
ENSG00000206069	rs139753
ENSG00000206069	rs139756
ENSG00000206069	rs139762
ENSG00000206069	rs139763
ENSG00000206069	rs139764
ENSG00000206069	rs139776
ENSG00000206069	rs5752018
ENSG00000206069	rs5752019
ENSG00000206069	rs9620460
ENSG00000206069	rs2024647
ENSG00000206069	rs2024648
ENSG00000206069	rs2179876
ENSG00000206069	rs5760738
ENSG00000206069	rs5996792
ENSG00000206069	rs5760741
ENSG00000206069	rs9612814
ENSG00000206069	rs5752023
ENSG00000206069	rs5760747
ENSG00000206069	rs5760748
ENSG00000206069	rs5760749
ENSG00000206069	rs5760750
ENSG00000206069	rs5752024
ENSG00000206069	rs5760752
ENSG00000206069	rs4140486
ENSG00000206069	rs715554
ENSG00000206069	rs5760760
ENSG00000206069	rs5996801
ENSG00000206069	rs5760764
ENSG00000206069	rs5760766
ENSG00000206069	rs5760767
ENSG00000206069	rs2142843
ENSG00000206069	rs742167
ENSG00000206069	rs2103587
ENSG00000206069	rs11090362
ENSG00000197077	rs16979472
ENSG00000197077	rs11704260
ENSG00000197077	rs5752051
ENSG00000197077	rs6004417
ENSG00000197077	rs6004418
ENSG00000197077	rs6004420
ENSG00000197077	rs5996830
ENSG00000197077	rs6004423
ENSG00000197077	rs17668150
ENSG00000197077	rs726133
ENSG00000197077	rs5760831
ENSG00000197077	rs5760833
ENSG00000197077	rs5752053
ENSG00000197077	rs5760834
ENSG00000197077	rs742163
ENSG00000197077	rs5760836
ENSG00000197077	rs6004430
ENSG00000197077	rs6004431
ENSG00000197077	rs5996834
ENSG00000197077	rs713880
ENSG00000197077	rs9612858
ENSG00000197077	rs1076047
ENSG00000197077	rs5760855
ENSG00000197077	rs5760857
ENSG00000197077	rs713989
ENSG00000197077	rs760737
ENSG00000197077	rs2294371
ENSG00000197077	rs5760863
ENSG00000197077	rs7289890
ENSG00000197077	rs760738
ENSG00000197077	rs5752064
ENSG00000100053	rs6004449
ENSG00000100053	rs2027886
ENSG00000100053	rs2027887
ENSG00000100053	rs16979674
ENSG00000100053	rs6004454
ENSG00000100053	rs6004456
ENSG00000100053	rs132893
ENSG00000100053	rs9608373
ENSG00000100053	rs16979683
ENSG00000100053	rs16979684
ENSG00000100053	rs132898
ENSG00000100053	rs713725
ENSG00000100053	rs7285325
ENSG00000100053	rs5760891
ENSG00000100053	rs2011102
ENSG00000100053	rs5752075
ENSG00000100053	rs12168578
ENSG00000100053	rs1009989
ENSG00000100053	rs763279
ENSG00000100053	rs6004466
ENSG00000100053	rs5996852
ENSG00000100053	rs4822568
ENSG00000100053	rs17607104
ENSG00000100053	rs2330986
ENSG00000100053	rs5996855
ENSG00000100053	rs5996856
ENSG00000100053	rs9608377
ENSG00000100053	rs3948757
ENSG00000100053	rs1547435
ENSG00000100053	rs1547436
ENSG00000100053	rs3747118
ENSG00000100053	rs916442
ENSG00000100053	rs3747120
ENSG00000100053	rs3747121
ENSG00000100053	rs763280
ENSG00000100053	rs763281
ENSG00000100053	rs763282
ENSG00000100053	rs2269672
ENSG00000100053	rs5752079
ENSG00000100053	rs739314
ENSG00000100053	rs17670506
ENSG00000100053	rs732706
ENSG00000100053	rs2330990
ENSG00000100053	rs2252878
ENSG00000100053	rs5760904
ENSG00000100053	rs5760907
ENSG00000100053	rs8138250
ENSG00000100053	rs6004483
ENSG00000100053	rs5996858
ENSG00000100053	rs12169716
ENSG00000100053	rs4820621
ENSG00000100053	rs2001160
ENSG00000100053	rs1054476
ENSG00000100053	rs12167370
ENSG00000100053	rs5760912
ENSG00000100053	rs6519574
ENSG00000100053	rs4822575
ENSG00000100053	rs4822578
ENSG00000100053	rs4822579
ENSG00000100053	rs12169700
ENSG00000100053	rs8136087
ENSG00000100053	rs969623
ENSG00000100053	rs739315
ENSG00000100053	rs5752083
ENSG00000100053	rs5760918
ENSG00000100053	rs7286982
ENSG00000100053	rs8142586
ENSG00000100053	rs6004490
ENSG00000100053	rs9608379
ENSG00000100053	rs9306412
ENSG00000100053	rs5752084
ENSG00000100053	rs9608380
ENSG00000100053	rs4404377
ENSG00000100053	rs16986560
ENSG00000100053	rs6004493
ENSG00000100053	rs5996863
ENSG00000100053	rs5752088
ENSG00000100053	rs5760932
ENSG00000100053	rs10483117
ENSG00000100053	rs4822591
ENSG00000100053	rs2330995
ENSG00000100053	rs9612907
ENSG00000244752	rs5760891
ENSG00000244752	rs2011102
ENSG00000244752	rs5752075
ENSG00000244752	rs12168578
ENSG00000244752	rs1009989
ENSG00000244752	rs763279
ENSG00000244752	rs6004466
ENSG00000244752	rs5996852
ENSG00000244752	rs4822568
ENSG00000244752	rs17607104
ENSG00000244752	rs2330986
ENSG00000244752	rs5996855
ENSG00000244752	rs5996856
ENSG00000244752	rs9608377
ENSG00000244752	rs3948757
ENSG00000244752	rs1547435
ENSG00000244752	rs1547436
ENSG00000244752	rs3747118
ENSG00000244752	rs916442
ENSG00000244752	rs3747120
ENSG00000244752	rs3747121
ENSG00000244752	rs763280
ENSG00000244752	rs763281
ENSG00000244752	rs763282
ENSG00000244752	rs2269672
ENSG00000244752	rs5752079
ENSG00000244752	rs739314
ENSG00000244752	rs17670506
ENSG00000244752	rs732706
ENSG00000244752	rs2330990
ENSG00000244752	rs2252878
ENSG00000244752	rs5760904
ENSG00000244752	rs5760907
ENSG00000244752	rs8138250
ENSG00000244752	rs6004483
ENSG00000244752	rs5996858
ENSG00000244752	rs12169716
ENSG00000244752	rs4820621
ENSG00000244752	rs2001160
ENSG00000244752	rs1054476
ENSG00000244752	rs12167370
ENSG00000244752	rs5760912
ENSG00000244752	rs6519574
ENSG00000244752	rs4822575
ENSG00000244752	rs4822578
ENSG00000244752	rs4822579
ENSG00000244752	rs12169700
ENSG00000244752	rs8136087
ENSG00000244752	rs969623
ENSG00000244752	rs739315
ENSG00000244752	rs5752083
ENSG00000244752	rs5760918
ENSG00000244752	rs7286982
ENSG00000244752	rs8142586
ENSG00000244752	rs6004490
ENSG00000244752	rs9608379
ENSG00000244752	rs9306412
ENSG00000244752	rs5752084
ENSG00000244752	rs9608380
ENSG00000244752	rs4404377
ENSG00000244752	rs16986560
ENSG00000244752	rs6004493
ENSG00000244752	rs5996863
ENSG00000244752	rs5752088
ENSG00000244752	rs5760932
ENSG00000244752	rs10483117
ENSG00000244752	rs4822591
ENSG00000244752	rs2330995
ENSG00000244752	rs9612907
ENSG00000244752	rs4822597
ENSG00000244752	rs9612921
ENSG00000244752	rs138558
ENSG00000100077	rs1008673
ENSG00000100077	rs2179243
ENSG00000100077	rs16980512
ENSG00000100077	rs9612998
ENSG00000100077	rs6004726
ENSG00000100077	rs8142086
ENSG00000100077	rs8135164
ENSG00000100077	rs9941971
ENSG00000100077	rs16980525
ENSG00000100077	rs16980526
ENSG00000100077	rs738340
ENSG00000100077	rs9613003
ENSG00000100077	rs7292634
ENSG00000100077	rs16980542
ENSG00000100077	rs5752196
ENSG00000100077	rs3817819
ENSG00000100077	rs12158437
ENSG00000100077	rs718163
ENSG00000100077	rs3730314
ENSG00000100077	rs16980567
ENSG00000100077	rs7285470
ENSG00000100077	rs3730114
ENSG00000133454	rs3925154
ENSG00000133454	rs9613025
ENSG00000133454	rs695251
ENSG00000133454	rs9624915
ENSG00000133454	rs6519629
ENSG00000133454	rs4822663
ENSG00000133454	rs17626577
ENSG00000133454	rs9624917
ENSG00000133454	rs2748238
ENSG00000133454	rs5761268
ENSG00000133454	rs5761269
ENSG00000133454	rs5761271
ENSG00000133454	rs6004793
ENSG00000133454	rs5761272
ENSG00000133454	rs4822665
ENSG00000133454	rs2859410
ENSG00000133454	rs695665
ENSG00000133454	rs5996988
ENSG00000133454	rs6004798
ENSG00000133454	rs11703880
ENSG00000133454	rs5752235
ENSG00000133454	rs5761279
ENSG00000133454	rs9624920
ENSG00000133454	rs9624921
ENSG00000133454	rs695748
ENSG00000133454	rs5752236
ENSG00000133454	rs695613
ENSG00000133454	rs695427
ENSG00000133454	rs5752239
ENSG00000133454	rs2285193
ENSG00000133454	rs2285194
ENSG00000133454	rs11090417
ENSG00000133454	rs2301492
ENSG00000133454	rs2269634
ENSG00000133454	rs2269635
ENSG00000133454	rs2269636
ENSG00000133454	rs1573755
ENSG00000133454	rs2072013
ENSG00000133454	rs695821
ENSG00000133454	rs4822667
ENSG00000133454	rs1158340
ENSG00000133454	rs1158341
ENSG00000133454	rs5761294
ENSG00000133454	rs5761295
ENSG00000133454	rs695408
ENSG00000133454	rs739280
ENSG00000133454	rs2301497
ENSG00000133454	rs2301498
ENSG00000133454	rs739281
ENSG00000133454	rs2285196
ENSG00000133454	rs695540
ENSG00000133454	rs5761296
ENSG00000133454	rs695809
ENSG00000133454	rs695407
ENSG00000133454	rs695430
ENSG00000133454	rs695670
ENSG00000133454	rs2157538
ENSG00000133454	rs739282
ENSG00000133454	rs2285199
ENSG00000133454	rs16980979
ENSG00000133454	rs16980981
ENSG00000133454	rs16980985
ENSG00000133454	rs17706905
ENSG00000133454	rs6004814
ENSG00000133454	rs13057846
ENSG00000133454	rs6004815
ENSG00000133454	rs973523
ENSG00000133454	rs6004816
ENSG00000133454	rs2066935
ENSG00000133454	rs16981003
ENSG00000133454	rs8137311
ENSG00000133454	rs6004818
ENSG00000133454	rs2072016
ENSG00000133454	rs9613035
ENSG00000133454	rs5752242
ENSG00000133454	rs5761308
ENSG00000133454	rs2285200
ENSG00000133454	rs2331192
ENSG00000133454	rs5996999
ENSG00000133454	rs2285201
ENSG00000133454	rs2285202
ENSG00000133454	rs763492
ENSG00000133454	rs5761313
ENSG00000133454	rs9613037
ENSG00000133454	rs5761316
ENSG00000133454	rs1006208
ENSG00000133454	rs1006209
ENSG00000133454	rs2301504
ENSG00000133454	rs1006210
ENSG00000133454	rs10427777
ENSG00000133454	rs969975
ENSG00000133454	rs2227235
ENSG00000133454	rs2187938
ENSG00000133454	rs1013815
ENSG00000133454	rs1012480
ENSG00000100095	rs2331215
ENSG00000100095	rs9624998
ENSG00000100095	rs9613135
ENSG00000100095	rs4822691
ENSG00000100095	rs7511475
ENSG00000100095	rs4822692
ENSG00000100095	rs11705602
ENSG00000100095	rs12485236
ENSG00000100095	rs2067970
ENSG00000100095	rs6004968
ENSG00000100095	rs4822693
ENSG00000100095	rs9613137
ENSG00000100095	rs12166576
ENSG00000100095	rs17373858
ENSG00000100095	rs9620595
ENSG00000100095	rs1207401
ENSG00000100095	rs17301856
ENSG00000100095	rs2847316
ENSG00000100095	rs9608473
ENSG00000100095	rs1207402
ENSG00000100095	rs5761435
ENSG00000100095	rs16981574
ENSG00000100095	rs1207405
ENSG00000100095	rs5752291
ENSG00000100095	rs4822697
ENSG00000100095	rs17302009
ENSG00000100095	rs17374185
ENSG00000100095	rs717191
ENSG00000100095	rs2073257
ENSG00000100095	rs2073258
ENSG00000100095	rs1209383
ENSG00000100095	rs12169625
ENSG00000100095	rs1941120
ENSG00000100095	rs9613142
ENSG00000100095	rs1207386
ENSG00000100095	rs1079665
ENSG00000100095	rs713745
ENSG00000100095	rs713738
ENSG00000100095	rs1941129
ENSG00000100095	rs9608476
ENSG00000100095	rs1207397
ENSG00000100095	rs948335
ENSG00000100095	rs5761458
ENSG00000100095	rs5752300
ENSG00000100095	rs4640491
ENSG00000100095	rs12628828
ENSG00000100095	rs137179
ENSG00000100095	rs8141975
ENSG00000100095	rs667270
ENSG00000100095	rs137180
ENSG00000100095	rs17394336
ENSG00000100095	rs585244
ENSG00000100095	rs684503
ENSG00000100095	rs16981638
ENSG00000100095	rs137182
ENSG00000100095	rs137183
ENSG00000100095	rs637395
ENSG00000100095	rs9613148
ENSG00000100095	rs12158079
ENSG00000100095	rs137190
ENSG00000100095	rs6004985
ENSG00000100095	rs137194
ENSG00000100095	rs5997062
ENSG00000100095	rs9613152
ENSG00000100095	rs8138440
ENSG00000100095	rs677499
ENSG00000100095	rs738401
ENSG00000100095	rs17303828
ENSG00000100095	rs909742
ENSG00000100095	rs612275
ENSG00000100095	rs639183
ENSG00000100095	rs137203
ENSG00000100095	rs17304075
ENSG00000100095	rs17395296
ENSG00000100095	rs688034
ENSG00000100095	rs688425
ENSG00000100095	rs688480
ENSG00000100095	rs137205
ENSG00000100095	rs137206
ENSG00000100095	rs137209
ENSG00000100095	rs137210
ENSG00000100095	rs137211
ENSG00000100095	rs3788377
ENSG00000100095	rs663048
ENSG00000100095	rs7284428
ENSG00000100095	rs591044
ENSG00000100095	rs670530
ENSG00000100095	rs1210894
ENSG00000100095	rs662329
ENSG00000100095	rs604459
ENSG00000100095	rs1007015
ENSG00000100095	rs2018293
ENSG00000100095	rs635755
ENSG00000100095	rs2847315
ENSG00000100095	rs633132
ENSG00000100095	rs666999
ENSG00000100095	rs666627
ENSG00000100095	rs5997067
ENSG00000100095	rs5997068
ENSG00000100095	rs1115764
ENSG00000100095	rs6005007
ENSG00000100095	rs592861
ENSG00000100095	rs6519647
ENSG00000100095	rs581562
ENSG00000100095	rs3788378
ENSG00000100095	rs7292528
ENSG00000100095	rs596633
ENSG00000100095	rs639526
ENSG00000100095	rs16981740
ENSG00000128203	rs646593
ENSG00000128203	rs2212611
ENSG00000128203	rs2226691
ENSG00000128203	rs2226690
ENSG00000128203	rs5752318
ENSG00000128203	rs650276
ENSG00000128203	rs8135154
ENSG00000128203	rs4820681
ENSG00000128203	rs569472
ENSG00000128203	rs10427741
ENSG00000128203	rs17399844
ENSG00000128203	rs501927
ENSG00000128203	rs8140344
ENSG00000128203	rs600878
ENSG00000128203	rs6005042
ENSG00000128203	rs598573
ENSG00000128203	rs13054742
ENSG00000128203	rs13056467
ENSG00000128203	rs547083
ENSG00000128203	rs761603
ENSG00000128203	rs16982054
ENSG00000128203	rs674436
ENSG00000128203	rs7289238
ENSG00000128203	rs567600
ENSG00000128203	rs713800
ENSG00000128203	rs8136086
ENSG00000128203	rs880421
ENSG00000128203	rs3747128
ENSG00000128203	rs1000815
ENSG00000128203	rs3788400
ENSG00000128203	rs5761523
ENSG00000128203	rs5761524
ENSG00000128203	rs6519650
ENSG00000128203	rs1046453
ENSG00000128203	rs11913750
ENSG00000128203	rs2012729
ENSG00000128203	rs16982107
ENSG00000128203	rs3213582
ENSG00000128203	rs5761529
ENSG00000128203	rs5752327
ENSG00000128203	rs929131
ENSG00000128203	rs5752329
ENSG00000128203	rs3752589
ENSG00000128203	rs9625029
ENSG00000128203	rs722997
ENSG00000128203	rs1894704
ENSG00000128203	rs1894705
ENSG00000128203	rs1894706
ENSG00000128203	rs1894707
ENSG00000128203	rs5752330
ENSG00000128203	rs16982145
ENSG00000128203	rs6005054
ENSG00000128203	rs3747129
ENSG00000128203	rs739289
ENSG00000128203	rs713998
ENSG00000128203	rs737800
ENSG00000128203	rs739290
ENSG00000128203	rs5761549
ENSG00000128203	rs877593
ENSG00000128203	rs5761552
ENSG00000128203	rs9608491
ENSG00000128203	rs9613187
ENSG00000128203	rs739291
ENSG00000128203	rs3747134
ENSG00000128203	rs5761557
ENSG00000128203	rs5752333
ENSG00000128203	rs3747135
ENSG00000128203	rs3747137
ENSG00000128203	rs4822724
ENSG00000128203	rs5761561
ENSG00000100099	rs7289238
ENSG00000100099	rs567600
ENSG00000100099	rs713800
ENSG00000100099	rs8136086
ENSG00000100099	rs880421
ENSG00000100099	rs3747128
ENSG00000100099	rs1000815
ENSG00000100099	rs3788400
ENSG00000100099	rs5761523
ENSG00000100099	rs5761524
ENSG00000100099	rs6519650
ENSG00000100099	rs1046453
ENSG00000100099	rs11913750
ENSG00000100099	rs2012729
ENSG00000100099	rs16982107
ENSG00000100099	rs3213582
ENSG00000100099	rs5761529
ENSG00000100099	rs5752327
ENSG00000100099	rs929131
ENSG00000100099	rs5752329
ENSG00000100099	rs3752589
ENSG00000100099	rs9625029
ENSG00000100099	rs722997
ENSG00000100099	rs1894704
ENSG00000100099	rs1894705
ENSG00000100099	rs1894706
ENSG00000100099	rs1894707
ENSG00000100099	rs5752330
ENSG00000100099	rs16982145
ENSG00000100099	rs6005054
ENSG00000100099	rs3747129
ENSG00000100099	rs739289
ENSG00000100099	rs713998
ENSG00000100099	rs737800
ENSG00000100099	rs739290
ENSG00000100099	rs5761549
ENSG00000100099	rs877593
ENSG00000100099	rs5761552
ENSG00000100099	rs9608491
ENSG00000100099	rs9613187
ENSG00000100099	rs739291
ENSG00000100099	rs3747134
ENSG00000100099	rs5761557
ENSG00000100099	rs5752333
ENSG00000100099	rs3747135
ENSG00000100099	rs3747137
ENSG00000100099	rs4822724
ENSG00000100099	rs5761561
ENSG00000100099	rs4820682
ENSG00000100099	rs2032574
ENSG00000100099	rs4822727
ENSG00000100099	rs5761562
ENSG00000100099	rs17402286
ENSG00000100099	rs2187956
ENSG00000100099	rs2157586
ENSG00000100099	rs1008530
ENSG00000100099	rs713900
ENSG00000100099	rs134134
ENSG00000100099	rs12628373
ENSG00000100099	rs2097470
ENSG00000100099	rs134143
ENSG00000100099	rs3213558
ENSG00000100099	rs134144
ENSG00000100104	rs5761524
ENSG00000100104	rs6519650
ENSG00000100104	rs1046453
ENSG00000100104	rs11913750
ENSG00000100104	rs2012729
ENSG00000100104	rs16982107
ENSG00000100104	rs3213582
ENSG00000100104	rs5761529
ENSG00000100104	rs5752327
ENSG00000100104	rs929131
ENSG00000100104	rs5752329
ENSG00000100104	rs3752589
ENSG00000100104	rs9625029
ENSG00000100104	rs722997
ENSG00000100104	rs1894704
ENSG00000100104	rs1894705
ENSG00000100104	rs1894706
ENSG00000100104	rs1894707
ENSG00000100104	rs5752330
ENSG00000100104	rs16982145
ENSG00000100104	rs6005054
ENSG00000100104	rs3747129
ENSG00000100104	rs739289
ENSG00000100104	rs713998
ENSG00000100104	rs737800
ENSG00000100104	rs739290
ENSG00000100104	rs5761549
ENSG00000100104	rs877593
ENSG00000100104	rs5761552
ENSG00000100104	rs9608491
ENSG00000100104	rs9613187
ENSG00000100104	rs739291
ENSG00000100104	rs3747134
ENSG00000100104	rs5761557
ENSG00000100104	rs5752333
ENSG00000100104	rs3747135
ENSG00000100104	rs3747137
ENSG00000100104	rs4822724
ENSG00000100104	rs5761561
ENSG00000100104	rs4820682
ENSG00000100104	rs2032574
ENSG00000100104	rs4822727
ENSG00000100104	rs5761562
ENSG00000100104	rs17402286
ENSG00000100104	rs2187956
ENSG00000100104	rs2157586
ENSG00000100104	rs1008530
ENSG00000100104	rs713900
ENSG00000100104	rs134134
ENSG00000100104	rs12628373
ENSG00000100104	rs2097470
ENSG00000100104	rs134143
ENSG00000100104	rs3213558
ENSG00000100104	rs134144
ENSG00000100104	rs134145
ENSG00000100104	rs11703071
ENSG00000100104	rs134146
ENSG00000100104	rs134147
ENSG00000100104	rs5752338
ENSG00000100104	rs5761574
ENSG00000100104	rs134157
ENSG00000100104	rs13056218
ENSG00000100104	rs3088103
ENSG00000100104	rs1057890
ENSG00000100104	rs4275
ENSG00000100104	rs4149485
ENSG00000100104	rs2283817
ENSG00000100104	rs2283820
ENSG00000100104	rs2283822
ENSG00000100104	rs2283823
ENSG00000100104	rs2283824
ENSG00000100104	rs2283825
ENSG00000100104	rs2283826
ENSG00000100104	rs16982287
ENSG00000100104	rs2283827
ENSG00000100104	rs1011312
ENSG00000100104	rs5752341
ENSG00000100104	rs7364248
ENSG00000100104	rs8139804
ENSG00000100104	rs4822733
ENSG00000100104	rs4149478
ENSG00000100104	rs4149476
ENSG00000100104	rs3752523
ENSG00000100104	rs16982302
ENSG00000100104	rs8136604
ENSG00000100109	rs9625029
ENSG00000100109	rs722997
ENSG00000100109	rs1894704
ENSG00000100109	rs1894705
ENSG00000100109	rs1894706
ENSG00000100109	rs1894707
ENSG00000100109	rs5752330
ENSG00000100109	rs16982145
ENSG00000100109	rs6005054
ENSG00000100109	rs3747129
ENSG00000100109	rs739289
ENSG00000100109	rs713998
ENSG00000100109	rs737800
ENSG00000100109	rs739290
ENSG00000100109	rs5761549
ENSG00000100109	rs877593
ENSG00000100109	rs5761552
ENSG00000100109	rs9608491
ENSG00000100109	rs9613187
ENSG00000100109	rs739291
ENSG00000100109	rs3747134
ENSG00000100109	rs5761557
ENSG00000100109	rs5752333
ENSG00000100109	rs3747135
ENSG00000100109	rs3747137
ENSG00000100109	rs4822724
ENSG00000100109	rs5761561
ENSG00000100109	rs4820682
ENSG00000100109	rs2032574
ENSG00000100109	rs4822727
ENSG00000100109	rs5761562
ENSG00000100109	rs17402286
ENSG00000100109	rs2187956
ENSG00000100109	rs2157586
ENSG00000100109	rs1008530
ENSG00000100109	rs713900
ENSG00000100109	rs134134
ENSG00000100109	rs12628373
ENSG00000100109	rs2097470
ENSG00000100109	rs134143
ENSG00000100109	rs3213558
ENSG00000100109	rs134144
ENSG00000100109	rs134145
ENSG00000100109	rs11703071
ENSG00000100109	rs134146
ENSG00000100109	rs134147
ENSG00000100109	rs5752338
ENSG00000100109	rs5761574
ENSG00000100109	rs134157
ENSG00000100109	rs13056218
ENSG00000100109	rs3088103
ENSG00000100109	rs1057890
ENSG00000100109	rs4275
ENSG00000100109	rs4149485
ENSG00000100109	rs2283817
ENSG00000100109	rs2283820
ENSG00000100109	rs2283822
ENSG00000100109	rs2283823
ENSG00000100109	rs2283824
ENSG00000100109	rs2283825
ENSG00000100109	rs2283826
ENSG00000100109	rs16982287
ENSG00000100109	rs2283827
ENSG00000100109	rs1011312
ENSG00000100109	rs5752341
ENSG00000100109	rs7364248
ENSG00000100109	rs8139804
ENSG00000100109	rs4822733
ENSG00000100109	rs4149478
ENSG00000100109	rs4149476
ENSG00000100109	rs3752523
ENSG00000100109	rs16982302
ENSG00000100109	rs8136604
ENSG00000100109	rs9613199
ENSG00000100109	rs732933
ENSG00000100109	rs11703123
ENSG00000100109	rs7288210
ENSG00000100109	rs2267085
ENSG00000100109	rs9608498
ENSG00000100109	rs4822736
ENSG00000128294	rs134143
ENSG00000128294	rs3213558
ENSG00000128294	rs134144
ENSG00000128294	rs134145
ENSG00000128294	rs11703071
ENSG00000128294	rs134146
ENSG00000128294	rs134147
ENSG00000128294	rs5752338
ENSG00000128294	rs5761574
ENSG00000128294	rs134157
ENSG00000128294	rs13056218
ENSG00000128294	rs3088103
ENSG00000128294	rs1057890
ENSG00000128294	rs4275
ENSG00000128294	rs4149485
ENSG00000128294	rs2283817
ENSG00000128294	rs2283820
ENSG00000128294	rs2283822
ENSG00000128294	rs2283823
ENSG00000128294	rs2283824
ENSG00000128294	rs2283825
ENSG00000128294	rs2283826
ENSG00000128294	rs16982287
ENSG00000128294	rs2283827
ENSG00000128294	rs1011312
ENSG00000128294	rs5752341
ENSG00000128294	rs7364248
ENSG00000128294	rs8139804
ENSG00000128294	rs4822733
ENSG00000128294	rs4149478
ENSG00000128294	rs4149476
ENSG00000128294	rs3752523
ENSG00000128294	rs16982302
ENSG00000128294	rs8136604
ENSG00000128294	rs9613199
ENSG00000128294	rs732933
ENSG00000128294	rs11703123
ENSG00000128294	rs7288210
ENSG00000128294	rs2267085
ENSG00000128294	rs9608498
ENSG00000128294	rs4822736
ENSG00000128294	rs3788402
ENSG00000128294	rs5761599
ENSG00000128294	rs4820685
ENSG00000128294	rs9613208
ENSG00000128294	rs9613209
ENSG00000128294	rs9613212
ENSG00000128294	rs5761603
ENSG00000128294	rs2283831
ENSG00000128294	rs2283832
ENSG00000128294	rs2267094
ENSG00000128294	rs13055271
ENSG00000128294	rs763088
ENSG00000128294	rs5761606
ENSG00000128294	rs5752349
ENSG00000128294	rs2283838
ENSG00000128294	rs2267095
ENSG00000128294	rs2267096
ENSG00000128294	rs2283839
ENSG00000128294	rs17404166
ENSG00000128294	rs763089
ENSG00000128294	rs17404243
ENSG00000128294	rs9613216
ENSG00000128294	rs2267097
ENSG00000128294	rs6005084
ENSG00000128294	rs5761613
ENSG00000128294	rs4822743
ENSG00000128294	rs9613221
ENSG00000128294	rs5752351
ENSG00000128294	rs5761618
ENSG00000128294	rs2301440
ENSG00000128294	rs9613228
ENSG00000128294	rs2071859
ENSG00000128294	rs4822748
ENSG00000100122	rs9613208
ENSG00000100122	rs9613209
ENSG00000100122	rs9613212
ENSG00000100122	rs5761603
ENSG00000100122	rs2283831
ENSG00000100122	rs2283832
ENSG00000100122	rs2267094
ENSG00000100122	rs13055271
ENSG00000100122	rs763088
ENSG00000100122	rs5761606
ENSG00000100122	rs5752349
ENSG00000100122	rs2283838
ENSG00000100122	rs2267095
ENSG00000100122	rs2267096
ENSG00000100122	rs2283839
ENSG00000100122	rs17404166
ENSG00000100122	rs763089
ENSG00000100122	rs17404243
ENSG00000100122	rs9613216
ENSG00000100122	rs2267097
ENSG00000100122	rs6005084
ENSG00000100122	rs5761613
ENSG00000100122	rs4822743
ENSG00000100122	rs9613221
ENSG00000100122	rs5752351
ENSG00000100122	rs5761618
ENSG00000100122	rs2301440
ENSG00000100122	rs9613228
ENSG00000100122	rs2071859
ENSG00000100122	rs4822748
ENSG00000100122	rs2267103
ENSG00000100122	rs5761630
ENSG00000100122	rs4822752
ENSG00000100122	rs4822753
ENSG00000100122	rs16982453
ENSG00000100122	rs5761635
ENSG00000100122	rs2283843
ENSG00000100122	rs16982456
ENSG00000100122	rs2071860
ENSG00000100122	rs2071862
ENSG00000100122	rs4276
ENSG00000100122	rs1573709
ENSG00000100122	rs5752370
ENSG00000100122	rs6005101
ENSG00000100122	rs5997110
ENSG00000100122	rs4822756
ENSG00000100122	rs5761655
ENSG00000100122	rs2017127
ENSG00000100122	rs744016
ENSG00000100122	rs2269671
ENSG00000100122	rs763275
ENSG00000100122	rs11913541
ENSG00000100122	rs4822761
ENSG00000100122	rs2331289
ENSG00000100122	rs16982543
ENSG00000100122	rs1018833
ENSG00000100122	rs16982551
ENSG00000100122	rs16982554
ENSG00000100122	rs739310
ENSG00000100122	rs7284198
ENSG00000196431	rs2267097
ENSG00000196431	rs6005084
ENSG00000196431	rs5761613
ENSG00000196431	rs4822743
ENSG00000196431	rs9613221
ENSG00000196431	rs5752351
ENSG00000196431	rs5761618
ENSG00000196431	rs2301440
ENSG00000196431	rs9613228
ENSG00000196431	rs2071859
ENSG00000196431	rs4822748
ENSG00000196431	rs2267103
ENSG00000196431	rs5761630
ENSG00000196431	rs4822752
ENSG00000196431	rs4822753
ENSG00000196431	rs16982453
ENSG00000196431	rs5761635
ENSG00000196431	rs2283843
ENSG00000196431	rs16982456
ENSG00000196431	rs2071860
ENSG00000196431	rs2071862
ENSG00000196431	rs4276
ENSG00000196431	rs1573709
ENSG00000196431	rs5752370
ENSG00000196431	rs6005101
ENSG00000196431	rs5997110
ENSG00000196431	rs4822756
ENSG00000196431	rs5761655
ENSG00000196431	rs2017127
ENSG00000196431	rs744016
ENSG00000196431	rs2269671
ENSG00000196431	rs763275
ENSG00000196431	rs11913541
ENSG00000196431	rs4822761
ENSG00000196431	rs2331289
ENSG00000196431	rs16982543
ENSG00000196431	rs1018833
ENSG00000196431	rs16982551
ENSG00000196431	rs16982554
ENSG00000196431	rs739310
ENSG00000196431	rs7284198
ENSG00000196431	rs5761665
ENSG00000196431	rs2331290
ENSG00000196431	rs2331291
ENSG00000196431	rs4822763
ENSG00000196431	rs1061540
ENSG00000196431	rs2301523
ENSG00000196431	rs4274
ENSG00000196431	rs3752603
ENSG00000196431	rs4822767
ENSG00000196431	rs7985
ENSG00000196431	rs8142049
ENSG00000196431	rs5761671
ENSG00000196431	rs9625066
ENSG00000196431	rs9620625
ENSG00000196431	rs5761672
ENSG00000196431	rs6005127
ENSG00000196431	rs5752378
ENSG00000196431	rs4822768
ENSG00000196431	rs1045363
